mfcc_mean_0,mfcc_mean_1,mfcc_mean_2,mfcc_mean_3,mfcc_mean_4,mfcc_mean_5,mfcc_mean_6,mfcc_mean_7,mfcc_mean_8,mfcc_mean_9,mfcc_mean_10,mfcc_mean_11,mfcc_mean_12,mfcc_std_0,mfcc_std_1,mfcc_std_2,mfcc_std_3,mfcc_std_4,mfcc_std_5,mfcc_std_6,mfcc_std_7,mfcc_std_8,mfcc_std_9,mfcc_std_10,mfcc_std_11,mfcc_std_12,genre
-0.9980118361931797,-1.6855551204717572,-15.308003662610707,4.227227173612859,-9.770730704182059,2.582650429265373,-18.715780943070868,6.390480657519944,-15.047701586685998,7.117205528189153,-7.869736692351702,7.901925512347129,-4.942332774972629,1.1262296207318094,5.918928868772768,8.718593994333302,9.212298604873148,10.711122425650649,9.606990319244945,9.095608665610916,10.854838807626855,10.2889532775748,9.56101930303662,8.220124933635603,9.177438986054074,7.607773298451614,blues
-2.2454805075765782,0.8413851363580973,-3.005584650281938,4.4543650273623685,-7.620281639693956,7.463060622708686,-17.383109453935734,15.452778435568105,-16.981784298660404,5.68873928703069,-8.61271598150669,4.458996660814017,-7.6103467516502,2.1174377740010053,8.174409838002626,12.804633299915302,12.36609021985487,12.658999666010057,10.49102413204288,12.380602880609521,11.397770180020578,11.14735143400207,11.419505386071485,9.524663747670209,11.327937161847938,9.630372638604292,blues
-0.3424155949770894,3.36465426078762,-18.71229353259105,-0.3282741724087531,-14.280747198414062,9.39291060905281,-11.793384501390692,3.8453202320739273,-13.48184715041411,5.890173812687586,-12.18159942364173,2.706235199644285,-5.681009463316002,1.273840420740492,7.1545344179014725,9.68733454865729,9.491664416049533,9.938482242205144,7.906146504501085,10.131954349480825,12.16170331695489,9.678759210557265,9.169489544109206,9.317457879126156,9.65169982854833,8.426566904301694,blues
-2.790888382113177,9.230747808548257,-4.439744121924739,5.05859445690099,-8.265544061443158,9.044618189932427,-9.091982478234673,11.089772364745253,-5.158528652605617,12.771712354038966,-7.635920836719163,8.039875945235051,-4.378092182857635,1.5640064087266217,7.706699169979418,8.625084691614811,8.303124613524497,10.765783145235156,8.896261624923202,9.498418906575802,11.407226384138866,9.248488258626763,8.516529410691774,9.615447350562492,8.478284376506315,8.11466927863264,blues
-1.3743204809724199,0.6540013011251203,-23.99205000668011,-1.2769544063025453,-30.340172662610996,2.2573533248610755,-19.085263466367255,-0.3865563675339485,-13.490555242470045,6.387065957253387,-10.989074535683747,-0.9787527850845555,-6.0555404429111634,1.8648001312808271,9.450111419666689,8.176685970997893,9.304874464982577,10.454483087614747,8.95784043293173,11.38854044113446,13.715031377949504,11.737570166619657,9.829607883368046,10.905091264332953,10.288127925019525,9.768975800685546,blues
-1.8642146844531415,2.3850321107919523,-15.716638438996519,4.538074543494477,-26.20971127317236,3.285810448335129,-24.831684292549504,1.5300039927480378,-16.173866991367163,3.0051068892889408,-18.275057566363557,0.692238078770467,-7.81712057822745,2.237641629427789,14.936789450997725,9.923760798123997,13.619821436253432,11.655730274103384,9.633695200076936,9.333182348978704,11.082983915878108,11.143162664666,11.120004320279113,10.872105217041995,11.085416662396858,9.572387715520842,blues
-1.7301610612312384,11.738684834172904,-24.58798780718513,6.65291110868285,-2.8239558685398327,-2.085551226375446,-28.07681476451839,-2.038743262225487,-11.311757295499254,-0.8007749376706331,-12.000166918138447,-2.912595364059093,-8.832602974399245,2.698299610021516,13.600606792304358,13.353238547817801,12.835787941825298,19.913564482752022,11.088032368544152,10.330510298687692,13.614689228403662,11.014331024823138,11.958834191531666,11.465873442583353,10.924261451240843,9.99299170766158,blues
-1.9718007452842543,7.713810945584151,-18.203657501607612,10.610663902186912,-6.580971239354152,6.915027682110616,-30.194639668908938,4.496947692803925,-16.941405424922145,-3.7966290318128757,-11.354079538344305,-3.672873337496608,-7.123739712077451,1.9927212463371644,11.696229899083049,9.467677470751587,11.819705644592908,14.561666754178654,11.206462346411724,11.029762214450784,15.148440565879614,12.886532820478157,14.935851660729663,10.184599088023537,10.935748655450059,10.3757099435724,blues
-0.8528593305705218,-1.9073947456671632,-11.45679079980793,8.681940773184,-6.682541855861061,7.2956857006124105,-19.083593178387964,16.076283953305097,-8.926168244650018,15.887533866423102,-7.481389828257537,3.362295686170164,-14.284933446985281,1.0822813506516111,6.58307384463542,9.782175650348561,10.874140497122886,10.788067178299098,8.509182325865735,9.619705013396654,11.003811245390832,10.02090730941047,9.340860294099253,8.752474874693727,8.614796508895203,8.190703968586808,blues
-2.244701537981364,-0.45857225653598455,-12.961644011015231,6.832065771133637,-26.018720167396257,-3.466726196860655,-17.633425071139893,7.374380774360972,-20.713936199564856,5.9231390875096555,-8.382038997436913,5.100358804442032,-1.8459331841919142,2.3407312639552247,7.696188371912978,11.544609503648461,11.850318215952946,13.748949931147934,14.783758779917965,10.081086373198177,10.606431559937668,11.299277112831156,12.076552462983019,10.452709131884156,12.146658452226724,9.999982216942772,blues
-1.6628239867800545,9.357793494129746,-20.087130144959577,-1.0828055642124528,-26.246037468713844,-1.05927829249847,-18.50832580722178,7.224208778268802,-8.106431505184794,2.474054213568534,-8.381517545685071,6.419972920095829,-4.237972318653748,2.2255032395783,9.626156230900111,11.9819345993216,16.490068968008018,9.709744591646007,9.64243954629799,8.87929019579737,9.840388768285054,11.081797144203891,11.807241015337326,11.597637813778437,9.244645583224859,11.158306324903833,blues
-3.748066895783456,4.958225017544737,-5.178779232774525,13.15842334132794,-9.817526385479972,12.247474883697892,-14.235170701924025,9.588055483355252,-12.653653695687906,9.292564577056087,-12.763839409966312,1.447982414908911,-8.850294232271787,1.8289639570841607,10.808056993366073,8.13125891251798,12.130166817826277,13.58369895963986,10.154107798205189,11.102223175826339,14.21644057860062,12.185856852777539,11.369854875772349,10.114020672633703,10.480170512521479,9.445411774871138,blues
-1.6804894000220252,5.2594734851836416,-17.234164284819595,17.9198301480667,-9.95251416158408,-6.069170493678639,-11.677888649756756,-3.222222635540528,-28.000962044660046,3.550508402980636,-5.333721321517994,-1.923815184666831,-12.45551874750601,1.9203086037582007,6.908918929534287,14.998111367039368,11.455070762912905,13.08830135849597,9.902817573327075,10.565499340775931,12.00995655161887,10.661730972383506,13.892068087706928,14.758648872350529,11.16859787784958,10.000816260617384,blues
-2.2197524618596187,2.4133098424818558,-4.502434704284085,10.32942150812352,-7.520786216364276,-4.874455346522917,-16.173447452101534,3.7926601916520197,-31.364764759818176,5.135730182236834,-5.260501169004363,3.771391899777074,-11.684579209196086,1.4047675277595095,6.051166959922551,14.410514929660282,8.26118893465702,7.95916498734214,12.394896821410645,9.041067822667127,9.923810444586705,10.039355160158536,11.573888068615682,13.04283642030407,10.349757337866796,9.453784105077723,blues
-3.9639458475590263,3.6291651806795446,-5.9030481457252835,12.148367990532702,-5.726674088483461,-0.15822134579703617,-15.81045317126091,0.22096792175758911,-21.949376214995343,14.504645646056733,6.337183864125487,7.620935183531027,-8.54718445454596,2.6423073033091664,7.85151159059557,18.122201646097082,10.133733331476531,10.942596188704139,12.817362130439824,10.86083644118989,14.704873855376457,10.969555348684514,11.768771839283334,11.803897784910154,12.533036538200673,10.410434889086737,blues
-2.8849597296029565,2.9283684954825806,-12.458392527139633,8.816257993282424,-10.134179003634886,-2.6444811676586273,-10.56628518570755,2.5520435214920614,-30.33510006068787,6.457692149458264,-0.6055397182461157,1.6464097326889688,-15.02086558021277,2.1506051654179554,7.186011628913002,15.392338318767676,12.917115498357957,13.558248874025104,11.553567571105718,11.150432380179605,13.010443684701396,10.878115557457994,11.802952880717827,12.803421636895218,11.109685189152366,9.26700424902209,blues
-2.4222444855756,1.6196958692778958,-9.948512989585135,5.78426602743188,-8.876673956836898,1.439533085697243,-13.333114054832624,2.726994492527421,-22.73737749101656,14.691146320379513,0.14449480006711243,2.8315895470180608,-15.908806836325454,2.1950835574515555,7.163601929272474,17.23158588628137,13.026976081648149,12.300813876194013,13.320487358454104,13.238325125769682,10.691009924970073,11.000589941885748,11.43560982092111,11.475150538638124,10.690339297355072,11.039109344546935,blues
-2.4871420182076847,9.859964955315496,-13.88933638016296,18.98683729976194,-2.255574162592749,-4.827481813727392,-18.70931750658543,0.4797286837322348,-26.14266584128455,5.426127662277343,2.8408168446030118,1.8998694091712096,-13.100064903927336,1.9064990897676848,7.816498480721538,12.37128282589321,10.637985546548737,10.849671497885458,11.02418182987471,10.96856920410891,11.744354712794127,11.512322074710035,11.878169105146002,13.955634595776942,10.636813487931494,11.498369916992926,blues
-2.7144532560737487,-0.952361121332889,-2.587358309751586,9.170758558323538,-9.492573893922362,-1.109888243308833,-17.724595856478448,0.24108048167279664,-28.3131695730315,9.852651612869755,-1.1857413469055058,10.448368292575433,-6.116068112377698,1.7957625008668272,7.6137799673290045,14.634521452929704,9.230340702009206,9.565365116189856,13.917908121184244,12.42491142068559,11.053013626994398,11.385969323428457,10.084385700555954,10.865970740095554,13.27218385962383,11.714624797094448,blues
-2.4394220547094325,8.059297808166606,-12.151400247211246,11.569308068084341,-10.280324465158598,-6.499746178581637,-14.278219410219576,-2.608816549046072,-25.179120933688512,9.931138065802664,-4.278427415480969,1.880488063138681,-11.495631336725008,2.072841600981854,7.273268446878377,16.658418512656667,12.49076261774204,14.537051057752837,10.402517653915275,11.852020412764293,13.593613631555769,11.21396537459399,12.899399219487513,13.440547240246714,10.002610131946538,9.765495648381735,blues
-3.1797352111857036,1.8591320357993084,-4.444591069685978,4.719627886753819,-11.19537340749773,-2.42803393096963,-17.257182736147882,5.2505238246918475,-22.429440938137446,10.628636853680838,-5.485577426402732,3.751109676454936,-14.96131846470834,1.6355892233270493,5.8793236151370545,12.385234513640341,9.569309917150015,9.005151177972923,11.026245213857196,10.388510222901775,10.243594745269522,11.543642075299934,12.346373258116694,10.388188554585957,10.1924366125747,10.040183489678425,blues
-2.9434559872986306,8.17956964644448,-5.59085239685177,12.109377418860934,-3.7700186434930667,2.3057249653528107,-11.127806750084556,0.6429088324683806,-27.22734147022119,14.459290843408159,4.293286143994871,2.791551835560921,-10.864969104949179,2.326663169821952,8.129702261109552,18.621806963459747,10.819781578173522,10.229707966631933,13.336710192725924,10.685573515885197,11.645323918070943,11.273036348301064,10.770102122120504,9.83660370381651,13.29122643509307,10.698907292904442,blues
-2.7627408352858365,7.609104391806414,-10.579149298202013,12.5906482211138,-9.54619027646667,-3.5601084924165898,-9.888865640616634,3.322946138547726,-25.748070476151785,14.881669367359178,4.880181075644537,1.6480179000835966,-9.682569128061488,2.405921928891655,8.134533532465857,17.82655099942639,9.915266595151795,11.968227064539802,15.669898938014654,9.801432641881828,11.529187470587207,12.203066454796627,12.911799655034825,12.283305962257591,12.984755158631852,12.504778830514201,blues
-2.5136980145575976,8.423079603580547,-16.085728383619077,19.008745516138585,-9.546856249827623,-4.911611164848941,-15.72315305431356,-8.540070155190902,-19.09236611062511,-5.337722711026697,-6.175337533118768,2.1663445633053597,-11.375919515835518,2.019258204643026,6.111780289033197,15.755698915412266,10.138265784027709,9.27732918838106,9.455517723936307,9.216277122560749,10.272265491668369,8.795401342238502,10.932930296836957,13.060349073923868,10.703467717649966,8.41987034288818,blues
-3.332395649346265,9.361951043332285,-13.65241797911305,25.790257251749086,-6.752715027477411,-4.59844154487817,-14.199307004215969,-6.847205804488848,-15.77550677571237,-2.690035354964995,-6.251794759834726,3.108033438055833,-8.611993028225005,2.2456677912853267,7.2042699335732,16.33219750033277,11.483842128768421,10.665175549262436,13.847267873803736,10.437109053881755,13.595933265655823,9.453486851435885,12.340157891127213,12.237027707165206,11.349770936266975,9.167519238068495,blues
-2.9445763527050133,7.773987747731886,-13.276260982117918,23.644890211705842,-4.332738143848629,-5.723829255779297,-15.652683081496928,-2.340356214641976,-12.515404014124341,0.7776635452025542,-8.264367869351338,6.1848946267033,-6.082488331441802,2.048266599676911,5.445099550220765,18.574832205005723,11.607367911839878,10.686969636827532,13.04778369407252,10.210666538970198,11.530079520082735,9.42675949425303,11.156363095257475,11.756777258301849,9.880258886543418,8.94624043875618,blues
-3.7313941631304735,6.232816467896993,-12.717456697297777,21.42919076097269,-7.776340055018652,0.012183190403442793,-15.181195420920467,2.7188825605731486,-13.742866533660981,2.1274748215188595,-1.320614373312597,1.6050545760105397,-4.257971774076337,2.49311527065155,7.643666010220701,17.88997090307734,12.940952082202397,11.176319196353703,16.790969399072303,11.313840013865057,12.842436228110254,10.277172948496304,11.659909238780928,13.278711640699166,11.637179811310768,10.489840678762409,blues
-1.5744199640231824,7.606704504427812,-22.51476949119353,23.034843396327123,-10.923949595111393,-8.18665341928133,-15.387711643833102,-1.4590799251848856,-12.34659871194347,-6.612130299413377,-5.623215238983516,3.0619862537287266,-0.8614971521724712,1.9590399615098288,6.8149412633181194,14.706148211952252,12.774951619624362,10.39974051119691,13.372782505469006,10.777237547615915,11.54126770532868,9.656837087946732,11.987092892736195,11.908043185936561,12.432274591218482,10.270617241390532,blues
-3.101688054780791,10.783490296873905,-17.24457878161749,17.868087361132044,-1.780111864294868,-1.4881029207770586,-15.728436816126106,-4.571913721684993,-22.610660609425956,-2.204935509543489,-9.996517357371713,1.025913702578128,-6.478512525319263,2.217433742670233,6.597595150538837,14.957669321781474,14.118985109947134,9.568488340370765,12.211052488267834,10.45736075358989,12.18253088045841,9.046702885822745,11.64028022908748,11.365204501810679,9.91865235150873,8.301012764441847,blues
-2.3985624859799066,0.2998846141326735,7.224932677693648,2.64622832291104,-8.100322213665724,12.137324778019545,-23.94287887118831,9.860087200366907,-26.334862257613914,6.656380841107682,-14.190235587819611,2.3219561351670257,-3.635156108020878,1.740986188683132,9.886240025890043,10.376469891144133,11.317712312744632,12.05611159122645,10.24645766883246,17.042859406293733,12.581102278261907,9.697861833260964,11.529597819244266,11.137743983123578,11.112016846459161,10.788804377448766,blues
-1.9906105671532732,4.692858763119345,8.420263708509859,4.449198801738993,-9.28813280283487,8.897681753251147,-25.10388746171028,14.892432544270934,-25.278706407005686,2.3543973024760927,-16.695928908816448,2.203925559401181,-11.848696513557249,1.1339181320798726,9.194868003891365,8.503557558940386,10.968971854993944,10.96323192082642,9.840656731180706,14.868596610535386,11.309364655383996,11.960939554477717,12.15467785746215,10.479212521167616,11.066365769522328,9.548385235626986,blues
-1.778900212248079,3.6868846443462413,6.153130085617655,4.605523170718187,-7.42832213874197,9.240684154589022,-27.24060924275107,6.701651902445427,-26.352730264401366,0.7718976915397419,-15.636892886212268,1.573502377528864,-5.75934429742355,1.1375356531809748,8.869024446274281,10.183945526264955,10.257753051827619,11.87327349531698,10.37692299685186,14.993584723472646,11.988509719190882,12.558156746726457,12.345724231860661,10.682056418720661,11.508951084727332,11.908955950380209,blues
-3.4281712744228847,4.018722666035126,6.109176080312565,6.870306324758821,-4.059265556402008,20.399237548162674,-18.9521439277326,10.949241298452499,-16.85445657079867,6.436825501985029,-18.331034202816063,1.2790282060274154,-12.455212481229731,1.9136769249489813,10.101564045774698,9.60544497629884,13.072203851927076,13.380207920944292,11.507677252340969,12.926514268450896,10.970079141179665,11.597334219887545,11.495338085382711,10.988483797074068,9.901674670271564,10.296550892301557,blues
-2.130636243455865,2.907201689156633,13.636286077781978,6.139430774583551,-12.475806964840656,12.489884682117658,-24.773483948920973,10.87583171548037,-24.633606278060853,4.332336530511046,-20.26459029305556,-0.11581826598614603,-8.92757817931814,1.3785726323062448,9.450839327573913,6.760402009515044,12.257341889504502,11.625654476466481,10.466707180021695,13.94264110037707,12.650237400400309,9.766446794769857,13.721572345130026,10.007514015425604,10.026150157749251,10.84288395177555,blues
-2.157590503044769,1.2233886659442228,6.206332348711587,2.218626608673794,-10.44784228056205,15.106336252278824,-23.980914017225167,10.367109175630967,-29.43303143128623,2.503040225510803,-12.884884570716816,-1.3201039042199385,-7.304061536916028,1.4617462903083895,7.625010087738654,9.747229264863897,11.9163580698802,12.043954110990738,11.436227722033257,14.73720457497527,11.733440734705582,10.179454812382694,12.71887287102837,11.012954240503744,10.544787203195508,10.538814170746004,blues
-1.558275176846816,3.4466608131968766,4.263649404459345,-2.4519259072735093,-11.648614323208012,12.899448277011173,-24.695521879598882,11.951544426834474,-19.41058820540277,0.8068251144819069,-19.473109537401186,1.8165768882169198,-10.724901930135472,1.1879540976007752,8.247477739562559,9.346608998811325,8.153215059805094,11.3957636456705,10.409989682199603,11.532591138486382,8.80802244707066,11.417128917610063,12.024603402750657,9.47030664491214,9.457262835555989,9.436413856646226,blues
-1.7277913666031297,5.172981291731971,6.434521406681514,2.9234912508160966,-11.745417987310887,8.654441812778218,-26.152103207319982,7.0808198361576276,-27.41502318966077,-4.341519300719654,-17.11619731147243,-0.04278895799033179,-8.719932096735034,1.1689374743463763,7.409777020165199,6.401247482057609,13.04754147753591,10.124140911298943,8.713786620326797,14.524245426282375,10.887311168590049,10.561469609546695,14.828067116664897,11.04142873504813,10.369985584542128,9.51236835547813,blues
-3.511920471379028,5.217742941624165,-1.779984931847931,4.6377221259067545,-9.730737887442801,15.47130154555521,-18.906278276391692,9.681322049017071,-21.178650330111303,1.393255750978992,-12.395747435509458,-1.5504774139752848,-7.637965130197816,2.1005304313678104,9.154837987895931,12.40544859269894,12.34414962765157,12.899470532775435,14.024710243476402,13.316725007065012,13.903224100275112,13.123159628850884,11.766161927121926,13.996934295580354,13.193642732480738,13.459212928897172,blues
-1.791810566086098,1.785021672864778,7.666555571276249,1.8936630361306945,-7.588526787043213,12.421551865476028,-26.189886068412832,6.351505758009901,-20.714628765594615,6.516754414247767,-26.495667051836406,-5.5763829278382095,-11.526765218625913,1.3142578970446186,8.897286195763346,7.8458725347341565,9.83316650214263,10.041020606008148,11.294142656722956,10.888699635682245,12.528040424788209,12.672263185481587,10.835163740088944,9.878091919897013,9.89276845146203,9.945391302157361,blues
-3.7330565799431903,8.448166524420005,6.2695879910361745,3.8416178025479395,-8.199844346177047,12.983906391154274,-18.876899070613128,4.1566756731143695,-21.7389192967944,-0.15490774283134304,-15.76944650393987,4.155885652880011,-6.574198415066277,1.6783330839630084,10.528202660901535,7.281549124823565,10.79514511857029,12.76847473843379,11.683858374480192,12.756052717831246,12.08565685588232,10.740413494612648,12.20702295912566,10.889247542582472,10.093874711666748,10.707962624286003,blues
-0.3818654827371675,-10.165932292092567,-7.338096953976392,22.145321856742306,-11.692169983485076,10.663283042181137,-15.077242902767031,3.7792614557410276,-20.592925824518037,5.612512442824395,-13.24707622092261,0.0007395023329917262,-7.670476540777236,1.1023317262907621,5.16465150058062,9.350121287871588,8.915719855017896,8.827842058010498,8.165407261727726,12.020770794095162,8.290710216265069,9.210305609445975,11.416193688613117,10.476279713770083,7.7099266155461015,10.417877490069756,blues
-0.4217592606439943,-11.054906307885481,-6.315468876764603,11.598523895818603,-8.392955381911655,12.128558282155785,-9.046223607744556,13.505158354423804,-20.37543822415596,4.463756593377675,-11.667996894062767,4.705773371408351,-1.8515146177548694,0.9816176612647805,5.890552692859467,10.092467232530742,8.65738265948229,8.812250466422865,8.848806035429687,12.380242755854754,10.559635130943674,10.017636903779842,12.382080939962838,12.416792248702402,8.879264213878253,9.353185397947982,blues
-0.9158224440487795,-12.744075833274344,-9.803612283189521,24.463457026541402,1.407385363014873,20.294806534124618,-14.48293661922897,10.517519363464293,-12.523069242632808,3.015818449967653,-20.545655297459927,4.582625480484013,2.976944757635901,1.0380393664732,5.3892072899676595,10.89558538042508,6.744417127688784,7.560145949287479,7.4262914555648845,9.117318528781054,9.105372860169373,12.053102463841784,10.304498511093236,10.35404900999488,9.215307439968937,10.381664088590085,blues
-0.839315138139488,-8.417051878382274,-6.965548998439784,8.912403097248582,-6.833247786516283,14.661298498926687,-11.84223574787434,12.824055733563462,-20.468949150532627,3.924922324590129,-19.629797518965837,1.0402463717180377,-5.676715351759317,1.2864225455926521,4.883210145334932,9.980479942985243,7.3635144718814685,7.547943440434362,9.347826528826683,10.032033096697658,9.990871798443118,7.967064255204922,11.60745385341446,8.57250665403264,7.852848238878812,8.325307046535993,blues
-0.28385956217438046,-10.977645587223757,-9.088361059248783,18.250106352656648,-5.972754681003487,18.450531849762292,-13.502914119584041,9.684969469752238,-15.601621429675138,2.457241120687626,-17.35775269306085,6.709669999591,1.6516816172439766,0.711908125207264,4.823640537923938,8.535173492786624,6.564965222047595,6.700998031417563,7.3500594178542205,8.717452257850658,10.11154590397573,11.685767420248977,9.505611076626376,9.878201339555629,11.976063129417117,11.579892727343873,blues
-1.2666371626768431,-8.072712336454769,0.07326873289988833,31.6567492455309,1.0840868192450817,14.917851776440695,-15.90253488100051,7.889884224998856,-15.8642709859207,-0.4607752007416244,-18.298662245901678,1.0604101548765499,-0.18254726035667057,0.6873899041675963,4.773565701108634,7.1592343527972835,4.938110132449134,4.691270166830228,5.858812124115555,6.3642251628535265,5.741934547947319,8.176811110574056,8.177953122098199,8.762176139309231,8.504231338976942,6.67384223685674,blues
-1.8475354145352838,-8.64301130095953,1.7155418330051349,22.992689012363744,-2.1599428525281135,13.883196489210958,-16.568742937040724,5.657560902597621,-17.857374303673605,-2.096933985486812,-14.146714718877341,2.23934806474589,-1.7552901933942422,1.1302145701088817,6.936907909326645,8.248757131389729,8.808991567033283,8.247875644749852,7.222213790446447,10.038789129261664,8.11780124675886,8.625097822961921,9.271396397266194,7.958704775785968,7.312671302948844,8.002032228197695,blues
-1.3136746146023626,-8.12881359188766,-2.4085983294605153,24.537978108697615,-11.256612625863825,9.825804473141162,-18.937569088612122,2.3110035746018895,-25.739040266414737,-3.957729297153213,-17.925000144606297,6.220961068449708,3.494363636450049,0.8920953192603555,4.792485380399317,7.788433936063892,8.371902393167245,7.733361146555788,6.367534444907946,8.548232779789807,11.291918513850689,8.298856389881248,8.32509008940386,9.319297264753546,7.282179148724066,9.08821317463976,blues
-0.5421655255255898,-7.229424305279468,-13.617011757318677,14.20692376073659,-9.930543130654204,11.065870759648455,-14.294964014468137,10.298881603841668,-17.946601059826577,8.634502241571091,-15.02678640229234,4.129027097655602,-6.1678483089708696,1.128015342306442,5.1709437699585425,10.186607900540954,6.925636611291053,8.63468854537528,9.68230875888325,12.93117170157402,11.185225708369346,9.356259605795332,11.421060830478469,11.125645287580696,8.74983199212681,8.951054599488119,blues
-2.608359520091524,0.10693050384898115,4.4348746564898285,26.81858188850706,-7.4666646300426995,16.72288499982836,-17.554883104756914,-7.107383082287572,-22.91983728236037,-0.6276796913806033,-20.578034483445734,-4.501436448266276,-1.7490638360087962,1.2745702708886386,8.279925291227013,9.381863311036573,9.642650312437109,10.219812425930478,8.398018888649567,7.999304299193016,12.028571558180381,9.61091444252285,10.241626034262145,8.912566442490785,9.358916470584173,8.674992663357505,blues
-0.3279988506281524,-5.8112206190430715,-15.597902061668568,13.287789624178362,-3.1244705794506435,13.34754360975446,-13.507183639803456,5.452356163224395,-15.482648376698105,5.642955335061641,-12.702470977432347,6.124026994921172,-7.435101115279404,1.2393293780684964,5.888051399423735,9.564837531514838,10.237998674616488,8.718729004884608,8.901607834197456,11.133457383391772,9.435848921107796,10.079481900166154,8.747696654605154,7.679491275176618,7.7688633659088,7.177124145275739,blues
0.5409694468668289,-4.583205362770872,-20.753089861969407,15.91902160160458,-6.254479699279612,-3.7963232195229986,-14.996086435374046,10.068505409236382,-5.136457039644439,11.880428048620761,-7.957756765530447,8.31551735041513,-12.313880805191467,0.7012760860997455,5.70929182089427,7.269984840157662,5.809136127859563,7.774202601798623,9.654467584058002,11.090621289111018,9.302576113919766,9.305353391579919,9.157615430747555,10.534294158952694,11.250366609247443,8.051634740211409,blues
-2.5922957329387324,3.725758834268837,-16.810907391735057,23.912983923599402,-0.06398343184801844,4.2509709514465985,-4.566328418305626,5.628828004039978,-14.47428949528113,5.757299747759017,-8.189171484331405,2.2791934629689163,-9.096677896588805,1.9967425881423606,10.50753921702907,14.582753119553855,7.870703670625276,9.966936069269707,15.010547077025754,10.086105813207386,10.245597153207838,10.037628042017708,8.243312689367345,11.816487501029027,10.121819833448837,9.109569587856383,blues
0.19871668324296246,-6.684272059853013,-24.908279316440858,15.530094022771134,-8.732617344496417,1.2694557020193376,-14.21711074592962,7.84284603022859,-10.700722396613516,9.061488924748344,-7.121251259134817,8.27467920111716,-4.936641278429181,1.1977556585657083,6.717064746452917,9.837740618831832,12.851534335269115,11.136006860944772,10.902443948971863,13.11165260668167,11.43179674262153,10.631093341029562,9.201257737651952,10.098760831624547,9.338348117527515,8.765956334541265,blues
0.23097854460134226,-6.078936655926617,-20.01406901762808,16.27648858005337,-0.8433674972578057,7.7551922301656795,-18.282879505661263,7.218341390177217,-8.013068423891333,11.040906666079593,-7.273653005925734,8.809647018792454,-10.40096909180614,1.0965245714429088,6.842433537353524,8.688167627711698,8.74952829961338,9.986557149940888,8.054772285100988,11.558757579153916,8.77392851304329,9.931587001201082,9.950498166198551,8.512231360070212,9.612765836492114,7.243937584941602,blues
-0.4005898844254694,-6.450168514025943,-21.65725764019442,15.979626963533198,-4.294232720617104,2.905952534688327,-10.42609792909564,10.49069157475191,-12.685885631489603,8.8137382601584,-7.8941768187902115,8.537470879371961,-6.466639631334644,1.4526111248233189,6.124948729963432,9.960445186953613,11.148631549877983,9.396175990138186,10.95603104737516,10.373704829740687,10.234698625526,9.646755549388965,10.014592577769916,8.809503245062048,10.352004236732345,8.287236472805564,blues
-1.3612008731960046,-3.9022134955718104,-11.152255352901332,17.75823461090501,-3.631748968548895,7.531887488685965,-9.831947170377349,8.51965830741821,-14.553560171934425,10.147192814736918,-10.917981814898438,4.272752284650081,-7.970938870104451,1.442142771189057,8.217072002635774,9.225057995405248,11.73774580787249,11.279845691248077,14.102001746168302,13.95017202543202,12.702412536658722,13.226308556502692,9.625132177612159,8.85224084262588,10.38699144064177,8.79874754122034,blues
-0.33956202354270415,-2.9077750071159354,-19.823179027423567,15.317516838184103,-1.6581486498675875,10.55109796208598,-18.237861159065538,10.032424396236195,-9.806124105117425,4.444681073248955,-8.607353869823418,6.710601060973555,-8.555702274563204,1.3937303452123289,7.70091621020666,10.033968323375785,11.317085922716126,12.204618567193851,11.389860062573607,11.868505861040907,10.967681851980124,10.882339616913145,10.666332158039049,8.90656723706723,9.419675844741251,8.77917414605058,blues
-0.4014266551057783,-5.380234572437026,-17.96418390456436,15.414784455893967,-9.187221327245053,-0.7000266823565261,-17.803037383080206,3.017381024474228,-19.371445555489707,6.147897642151722,-4.13394388412885,11.376440658927857,-7.8458754202319145,1.432152656227093,8.368294365002274,9.84411542009405,8.31640262573859,8.775349054106984,11.606944383369385,9.878957553662426,11.140563467274815,9.38556501991612,10.772975179439543,9.156243505166174,9.461843923170436,9.610657442508606,blues
0.25455723958012844,-10.29248348203846,-17.200723258127496,20.897244833006454,-5.301395630221093,-0.18141014887206772,-11.453692980438094,7.672451527793731,-12.5565121267022,9.594185684812945,-9.17935994601164,5.019169956498898,-8.088332290428932,1.3436257237087905,6.026827140463097,8.612635104954048,9.139601610378904,10.710873961776732,13.523643083856754,13.800787423443015,9.978146897852751,10.691640503868156,8.560439973045073,8.577726847592166,9.786312478762333,8.72098790870611,blues
0.08383724770626866,-5.3593515602014445,-19.571962549068047,15.196926303639103,-1.283441792348489,10.57171623023113,-14.92682190375773,8.418796157398422,-12.843966516330333,6.646440112913865,-7.823434513166579,8.05140534216574,-8.14206599691049,1.1169561046624386,5.644971315401373,7.9434562600074115,10.818792682894658,10.532345919886533,10.125420891191371,12.052818723216596,9.575298633757239,10.134933888274405,8.685002964894759,7.687303019272703,7.555277949957659,7.498837874010682,blues
1.3057980321768479,-12.089764134315649,-19.688868362700298,26.03376413936521,-19.148987152442253,11.702552067656988,-16.977671186946484,12.610547164672576,-9.48513876468561,2.393427434879773,-12.917107479640869,4.45990049304954,-9.914899278556971,0.9586612275601547,4.9956655403505215,7.8476099607536325,5.799294783374256,7.407514967099168,6.415312831123835,8.44531105250588,8.671162649323326,10.347887460506511,9.319299800387187,8.993065370962727,8.817009818372124,8.48181340024075,blues
0.3091976577910561,-7.882578372921506,-17.370979824509348,11.967051265838382,-22.394239541778063,11.513798717070202,-10.931718167677099,8.411464224272327,-4.142295672434276,0.2621669982426051,-10.801759728884688,7.925010491668767,-13.621600842030796,1.509813187642859,6.665721262643295,10.196387716590248,9.62763407339353,13.221137494143669,10.498434323176685,15.021454287093166,11.123872207076914,14.274465350459023,11.506643853740863,11.889658866594635,13.120992372114278,9.60476144194935,blues
0.4457918239339487,-15.121789142467497,-8.682617201882152,9.529794794872602,-24.442333729235273,2.9762176762927615,-18.319731874535844,3.08824540948858,-3.8713012655438823,8.04671250795304,-12.791364642896868,1.1045102225486205,-11.5672545340953,1.3171904296535435,5.329934501098717,12.05667622027917,8.692040963961011,8.419942130886266,8.906459995101574,10.998768137815834,8.13961293245613,13.118306885436652,12.208535446213324,9.59715938609562,8.557106950383433,9.341030216701135,blues
1.1028782267080193,-12.4476835776563,-13.471098966591859,15.27664152525971,-26.268439305210034,-9.362208530987566,-16.617420323130823,-0.6527662795049103,-7.129654498462098,6.162677344151322,-9.011110319230129,2.757539690345051,-13.601383656919486,0.6908209168444595,4.046849275268077,7.331412427944965,6.8424075599623775,7.170767233969252,7.579315583180344,7.0626387865570015,7.922639160250397,8.854939246536295,9.586501305687573,9.132482705587122,8.279006965736258,7.0889306732032304,blues
0.5592819172686069,-14.28060046981966,-13.716462836833704,7.239879757480211,-24.222494773828775,2.0329780870937113,-19.417179185447846,3.476971221079887,-6.73667150202175,5.117529373268467,-13.514271409960855,4.376602688708011,-13.841145130876967,1.156535890039176,5.7921559385888335,9.626346291765975,8.469038149677445,9.406459351896792,9.735421759217978,13.391221587019158,10.397369530233007,9.861488826891307,12.36751957536319,11.127912947827824,11.184750123971524,8.835693258229258,blues
0.2557461096826957,-9.846124589478896,-12.964488318133029,10.307233899781412,-18.172709988208567,6.310245431205909,-16.178993298128095,7.1547474037776215,-7.929657485680594,6.0336034400469805,-12.28356242145611,11.092964669032964,-6.174231633668002,1.3499888219978153,6.64495802292999,9.422218225631273,8.727441757963962,11.187786021637134,8.33274408050745,12.73213912842595,10.692633403825056,11.044980272281135,10.663454402504918,10.702530402818864,10.704950649836244,10.586759507112092,blues
0.2736707151350932,-7.916144130573784,-15.09511388674447,8.367658209867388,-23.510061953977797,0.11876129105254603,-11.786020312677646,4.7874926932574215,-8.312560283171148,7.659191503681991,-10.489409872248675,4.680351576862031,-10.411356191038918,0.9348594900527846,5.373935152606154,8.945759458569261,8.987165411937383,10.039855462432323,9.447687395401235,13.805979811894847,10.522479201397104,12.91946085477892,13.324999474968088,12.485203409590197,10.194412297248105,9.42501355222526,blues
0.3522005672876744,-12.308446556757936,-11.34398603861007,9.960912184744481,-27.315446943153063,-7.138661322669579,-11.381470593074711,6.597529150962511,-4.536519927963834,9.99007961689129,-10.30328953974261,2.19219576763104,-10.208738455091336,0.9358184943155813,4.669402829567871,8.486735430631287,6.851703678150507,8.6973008696508,8.316792504709237,9.079871982087303,10.093857348038991,9.071902136789888,8.871448474034475,9.149592612491638,8.452036703662394,7.424135451959081,blues
0.09854687774150259,-8.497934307605487,-15.596252183711721,9.98150223923368,-29.818410555636344,4.702250115109286,-22.24592690975014,-0.5790036193437644,-13.636791158002655,4.97581856734607,-16.07020628308032,5.573607272104197,-14.715468328885276,1.1949192057723597,5.358056420724563,9.958152762871396,7.674118492486701,10.477561744218606,10.668131180044202,12.617361362813009,9.568170866212059,11.808015924318052,10.735776040896683,9.91262263249097,10.024328039291504,9.566459815789463,blues
-0.30452246494270596,-5.518017656210403,-15.829333689499204,4.855611567628506,-23.07922348084332,3.2374135215229694,-22.703012244765894,10.195448381589564,-7.521627715382667,3.1003313443416465,-8.13645823074687,6.761635411343904,-7.20577339964096,1.3727671577762066,7.399007629557108,9.30802595969455,8.963479810663975,11.329358212545914,9.437399735949816,15.510190324987935,12.684488996480496,12.750995987266519,12.888491218071723,10.62629816202178,10.80339792020483,9.916655848700515,blues
1.0787546398000896,-11.046822455568655,-13.304336258395317,13.342398547235582,-26.02630077288729,-5.556107980806969,-13.204372340746525,3.1759599524304805,-8.402332571826031,10.883534494713222,-8.148335328188844,4.737750073279684,-11.935088397789048,0.6998238253551384,3.973691312741172,6.7245550427079905,6.509670581322038,7.105783951507339,7.323457153260307,8.352120761366507,8.346958946241157,10.077257718692145,10.121000711222571,9.266209032972686,9.065076267394106,7.689503358311226,blues
0.1743589943390743,-12.003544003443526,-0.8502023475435625,9.918850639938363,-29.73281246185841,-1.4105868395910282,-20.767607420603216,1.4814577578903014,-4.495577559961174,-5.3810877029495,-10.555976271142114,2.3201138510234065,-18.33069615017736,0.7866665080259169,5.903378480594014,7.552225901035595,5.8731617428875635,6.9948371972137195,8.175962306304596,6.703324555175806,7.3526689395469775,8.54663333201977,9.016886530783646,8.01180501331136,8.338777568314875,7.260483137708449,blues
0.6706514616365052,-6.891189370098313,-15.469320974887735,10.944984247567199,-13.67986746262509,0.23195201791917291,-20.076738962610627,4.894983505558546,-14.93700377335577,3.214782343468232,-9.454501900105807,10.673721569723588,-3.760960254635687,0.8199557952119251,4.3379913119976194,6.978939356828628,8.496404217370682,9.468767213007506,8.732856073188554,12.644497678983338,9.087878258320218,8.934504717905133,9.193188086596363,8.799619113206283,7.705065047265368,8.459707464341735,blues
0.3650681416015338,-11.392810207194453,-8.36163401372092,1.7175450519794488,-9.757094509417831,9.494712660866576,-24.721511180194902,8.44956240619524,-13.79079548653883,7.372859003737226,-8.851676443081072,6.1530166937421304,-0.5567668663560853,1.23663359785584,5.495366725120936,8.414598620973258,9.152966642189918,10.392422958554084,10.502342987930103,10.671825275253694,10.297377214337757,11.715531316342803,10.171782726062744,9.585260599210446,10.46866023185862,8.309317275396781,blues
-0.3549036497234648,-10.137322827380835,-12.944835873158201,10.241375281583151,-2.847500908936387,11.317070876726463,-16.651442356224397,8.4660220266185,-14.305084710031021,5.5106149259498975,-4.709706958068271,6.197585058262811,-4.397150685581293,1.9636608290138868,8.216239399215725,11.406066458028,9.661102299501124,11.017867373742718,10.197995689543866,11.374641897367752,8.984114670450232,8.545382635389652,9.053143798345706,8.981447339617532,9.893135191097173,9.706500382973937,blues
0.8306582565531301,-14.277901716555206,-15.6649502555953,9.514347897678848,-4.033572473077982,10.823230376858543,-11.050166370788132,9.985807581069047,-13.06652263864777,16.411394992378813,0.845067756456665,0.12129065166449107,-7.0137172403172166,1.0935769708521252,4.724326565987486,8.690693734223885,6.91045404010594,9.959643889855391,11.408691395958755,11.946916947927246,12.433286457874615,12.300857145721508,11.95304154257862,9.852288452499117,10.200422957872359,9.763096597826605,blues
0.655432494146619,-7.849901299694546,-17.641796058483447,1.4993670818763547,-5.637319117291003,13.432232744551984,-17.42466855781244,10.65499392380632,-9.334034138518952,7.974071964241741,-9.671524886352517,3.2676698813730436,-7.706203563032129,1.0825741778903655,5.524194523877544,8.709019109742936,7.840407658220071,9.017767462837728,10.610455213838389,10.606310426274593,9.314544003961387,10.269585174538918,9.957137879598674,9.757985404911993,8.718548503618107,7.607611014654417,blues
1.0673168219640734,-9.534552105468757,-18.61039455664772,3.1888925032085824,-10.78483915484327,12.041254139842215,-17.777430442841208,9.768698248839474,-12.215833354234285,7.78607709148627,-11.352369229325895,6.520309138652149,-10.117102096512117,0.7139613236491267,3.8939287049487468,6.350298468015647,7.200877534349475,7.810678111490819,7.4932290318534855,9.606236065991721,8.194378608380598,8.470894937574466,9.774833438699993,9.822016657689407,9.135320525509787,6.912539069749193,blues
1.2428377833435598,-11.630001905610362,-15.369148861848743,5.9663837345652375,-5.707305549996282,13.581157801008805,-13.556240692719783,10.5545983131736,-4.0224745976788165,5.844150807840462,-14.356176363006417,6.490667446363901,-13.211244904900125,0.7035101697139643,4.163009611879397,7.102042860289044,6.284580791310968,7.0673401368660285,6.776407426637868,8.773824390627018,7.805533566052744,9.662560757304027,11.773792188088736,7.24935571641903,8.38721262021195,8.118018897946175,blues
0.22235910723859548,-2.3204694905741308,-21.67371467123253,3.5212523424287414,-13.994577195957156,7.636416027100095,-13.283413189482976,8.451582153795826,-9.140621140050625,8.295258457426579,-12.40242996182814,6.229332647861429,-5.1551585420382215,1.1569427722099015,5.946876072959943,7.651169765740924,9.070681702489187,9.870086577906715,10.684957616616737,14.34103610769717,9.289271789183301,10.928678650488209,12.040120172814829,11.449089150877628,8.75272823944033,8.733820826306475,blues
0.9647908200912546,-6.315399699798036,-25.926756364239953,3.102275788985633,-15.622136098169282,8.141831541835238,-11.823141780098597,5.177184498161753,-9.905008557229516,6.116601291266159,-13.635447667061896,13.302234384386114,-8.140824638562504,1.1380602837011513,5.241704924131641,6.893306889796152,8.123108211973925,6.533167461800352,7.065945335878717,9.785489857312376,8.828731739983619,10.952614609403026,8.28582408929755,8.57846026245638,8.547430698338855,7.360275643509291,blues
0.7994333922300519,-5.9693020212469055,-17.755461206244817,1.3055359890965395,-15.241172403133621,3.956382542042407,-20.761750628984228,11.0448796435782,-11.63083366256119,7.18374114267389,-3.9353767048746406,2.0726460453076387,-6.390233993499327,0.7410654227276046,5.103219628686364,8.463410318507961,8.341476104224526,11.308878770036298,8.792250810536029,11.77524686640502,8.792311579516713,9.545124971107077,10.991334557692124,10.157305848411395,10.435428097106575,8.784257167544816,blues
0.8433378318418875,-10.027944003268889,-18.386421821326177,8.72508872531427,-10.616634731993692,12.230341640743337,-14.96409346234238,15.770083100888092,-5.449441326552349,7.038836720293995,-8.793477351930687,10.857161322212523,-6.108298214037871,0.7722036683333359,4.263753045028366,7.592502743757555,6.09027436470042,6.40307036491043,7.425598939965,8.537179342608276,7.253733337927497,9.405261333550817,9.266632647554369,8.731590244314482,8.382032964769191,7.7334279534290635,blues
0.5033235114390681,-5.812059763703509,-20.783786708752512,0.40572789333596315,-6.783279910410741,6.8050156436268265,-16.871264575736554,9.912576989101064,-7.759326332735789,8.980996729228472,-11.496699922676173,9.593061995320292,-7.881540133454866,1.3070653134771326,6.3718865137556815,7.598662876881585,6.826765230634167,9.52560927637408,7.411456188414239,8.174259080115602,8.599399039284357,8.64650114933169,8.155768412692655,9.803448619240157,7.620642461383268,7.963197001873812,blues
-1.7051790745242084,4.678195902972124,-9.49688812501354,7.436015568647129,-2.982577332430888,10.10904535820433,-15.388953877626303,2.067565007302237,-17.863621439778786,-0.8854604967489,-5.3755692949799725,7.915333740092559,3.4510655221264246,1.669884625967254,11.346984728690188,10.340382522573158,9.718263751137794,10.454104261991924,13.85123421202963,16.486284088394523,14.604402667954265,12.198564060448897,12.380190012359826,12.490781805368599,11.34510197653615,12.33517684970141,blues
-2.8487718259383876,7.428713944578992,-3.1879496181621167,8.096136910224084,-2.9587136087313683,9.258735049807497,-14.616660500988733,7.307028596460032,-13.705033639069974,6.094161678923807,-2.560209802955737,2.6053738190406426,-5.485073036569755,1.9547202819900669,13.42330054143231,11.268313295964894,10.549926114472706,10.878898801845494,10.847623176838141,12.049123630812847,11.054134772818331,10.449068611138202,10.592806595396818,11.06647172729134,9.645644689350018,10.164459387829302,blues
-1.7789432665326992,2.6016106886169146,-4.718595156837071,11.942779504955473,-9.238338902620107,9.595239885216145,-18.77245344475873,6.364491893821902,-15.412575804535157,-1.986877565599315,-7.19145112732879,7.276215666428843,-5.305395863018836,1.363891438557029,8.720354334042087,9.70655114319693,10.949333060254203,12.343167944285346,9.865413339723537,15.539226016950686,12.038352071050792,13.371912668312472,13.064231619479395,13.396306891049665,10.284065354048522,9.705850483276024,blues
-2.809563198090309,9.749651002801603,-6.597551584940526,9.92199488547864,3.067166189781024,7.226265356627666,-12.702054971056432,10.738775392664838,-16.428856933001782,0.563081869114407,-8.155025905865298,6.7092651684095905,-5.505487613686616,1.1293933520383745,8.419333903874945,7.674561677788102,7.937310357211976,8.574558172959275,8.733499239617537,10.988778566529486,9.345504009816976,10.27944122116329,10.466032121312502,9.735532898148177,9.765982566211795,9.471067227021807,blues
-5.7004317635555,14.635648458593533,-0.1448059093260694,9.194599821758661,-0.9968813062666895,8.357222908777732,-5.294126268408691,12.507470874201015,-12.983608157952682,8.208657327783804,-1.6844130748366468,2.3114049728424324,-4.756065522992075,1.8237786124688489,9.663284839328684,11.825777225067752,11.126175016808597,10.619133284833476,14.843194935458284,14.461447066077984,11.396543621815628,11.710143852863123,9.861222098122635,12.07205689160378,12.198150734113359,10.172431636051734,blues
-1.8201259452244167,-0.4033622111072935,-2.1983868948915597,15.498259271155549,-4.145438732299089,10.476068170718536,-19.158842461251226,11.414422180277304,-18.724975877063542,2.022542850116602,-4.953735890414169,9.543030690466571,-4.9255191327770715,1.5884822434531713,11.231169437517359,10.809293098525957,9.849908029399488,12.370655892806703,10.495132024993067,14.483353286140959,12.1176501284047,11.599914009752379,12.485875388103924,12.747547022574112,10.515905994887676,9.484246453418502,blues
-3.440852063548612,12.878361506727389,-7.145990445205569,5.035388052164383,-1.5300119163723322,13.399451146088023,-5.829480987321702,12.109312889243164,-7.297545556438665,11.255233667445374,-9.957084489593447,5.331242516680365,-5.433599956240526,1.6471536760194574,11.590573251542555,10.610370467810533,7.360850022503232,9.715710376783578,8.724556908198858,8.284799402649535,9.826700948910412,9.71287022240502,9.980214566443715,10.540268691996804,9.037741754790103,7.483497449069839,blues
-4.002781579623098,9.445089067369615,2.5448156551783003,15.186492495356177,3.7467739187030564,13.526350700522608,-12.116773025264182,6.052368095072141,-16.20106556002591,6.488226397169734,-4.562014614679596,6.170058951128905,-1.8335061702386053,2.0167674881588176,10.208601272046257,13.348471888022296,10.523073549996951,9.802118484618639,12.797128236313883,12.79293139966855,13.022581833873947,13.208758168473954,11.204918602209382,11.68119598117084,11.242893512413128,10.440393629115007,blues
-4.676542512360982,23.069288818718494,0.27635832794467197,0.4718431857667748,-0.9342254055201502,13.067151485446137,-7.500187381067229,10.345774422512543,-6.769709591197491,4.0990883988899895,-8.783060026346925,5.924893111207854,-8.12836517748882,1.598856313644829,8.123479025903135,7.965162945519759,11.252140674683005,11.820512771392517,8.896282011716197,10.303165229273638,7.907664678436997,8.400552703906195,10.05906151321317,9.230341310219188,7.957431083248534,8.600508561901925,blues
-2.5908929816739135,4.420192039973538,-5.868592118725495,13.260300692780612,-1.7050631493483908,10.67824905451746,-7.921188292940229,11.31421893896187,-9.56735974358665,6.8145649926119365,-6.415353140232482,5.908450863804127,-2.96393652360741,1.9417921627504098,12.445536475332167,11.25114378726214,8.976676078130355,8.715142524631858,11.319897701123123,12.568919534667446,11.422265948844972,9.95700808522868,11.215445619805687,10.52505415635128,10.046022585849766,10.960456223068935,blues
-1.1765392224416547,5.076306304135272,-6.611832604952314,5.173857575931549,-12.717919028795416,5.388400837398553,-17.416671387447103,23.204503755026536,-14.079410042263449,-0.8946669625974601,-4.059510251616734,9.20076639502862,-6.018918230067261,1.1801518055548643,9.394027133286292,10.800471128988692,8.707328520632874,11.35853012378334,10.053170724315748,13.26251652876317,13.813000046951254,10.643700275012964,11.797852519666254,10.117755784961789,10.911646990435758,9.470697064125476,blues
-3.454387049762378,9.325655801326919,-2.854948126145577,2.9917558231838455,-18.593087235793405,1.172414369452537,-11.88286441345211,3.858293552122988,-17.13393854483014,4.4427226972446725,-20.18596231247463,1.6914641765271723,-10.861351083266186,1.589315198533525,9.186043663651374,11.668575791266468,13.864904351432564,11.027356943469956,10.198784643609539,10.894347601187311,11.816174435749168,12.50660453071826,12.813351639486418,14.171877643453348,13.209201518512845,8.973705618520105,blues
-1.567698235955339,7.794869239180046,-9.610411486746791,13.268338660895502,0.5792377874842015,3.839306833317051,-11.147443655616424,11.450248442281042,-13.776972111283504,5.182400675469082,-9.275100842604042,0.12824233793275877,-1.027368445054667,1.3490054107214027,12.688257296347395,7.924328121156393,8.353203717006956,9.47874346794704,10.642160552499798,11.526819879528405,11.17708763696535,9.493865983630327,13.475117158596323,12.562908842302772,9.690257712913683,8.897887948732595,blues
-0.20516462001680347,-10.040128383696782,-16.128674730965717,12.040523601230337,-14.070940497980004,10.419113381191915,-7.180391436447295,6.946364922665917,-11.04122766115611,9.098794280008743,-11.678778400536228,4.659420936689214,-8.15152945775963,1.4330536432295842,5.868241036186985,10.46493758734408,7.02969506075474,7.884499456464364,7.683285935754696,11.568621361570365,11.130659570403534,9.035923718334534,9.455803915831751,9.219682380215197,7.284217571084076,9.356527024704912,blues
-2.092013226775292,3.0763447808411986,-18.61755620146387,6.572514737798555,-19.583897772688513,6.82861086545094,-2.2838943709388566,-0.049812538089388556,-12.371277059700192,4.174128215513652,-12.203177731967852,7.701063227865925,-9.381451363255296,2.4515643289958984,7.189595330340732,16.44676926470571,11.503911498373817,9.276193424472265,10.1600561074917,9.846539055351545,10.998289205131517,11.811771714250133,11.657612205848434,8.140527074024662,7.572367288377113,8.5651283731906,blues
-1.2417931267336573,3.622047220267081,-27.04125313060878,-5.202356649886463,-16.91437102548568,7.49594199694665,-9.868258541441508,2.933560776152763,-16.97752523456508,6.540544396961827,-4.6870431941844855,8.283473855025221,-0.6938007705090073,0.9122883779576904,5.135990269021541,7.155418505914407,8.275643843715304,7.737794963686029,8.694669702732739,10.434653795381541,9.026855388885481,10.17915314676764,13.059256976284082,10.602600481876841,8.884179015009073,11.834725014542313,classical
-0.4367177182613245,6.426980830864508,-25.708825246073307,-6.100274452930773,-21.8510761050457,9.718143368756488,-7.082566237916151,0.6116909177582132,-19.41503035185333,0.6587151797590253,-8.86837800502828,5.296245980430528,3.108005377192453,1.056027076635462,5.9294708228694954,7.366174104809542,8.50814069632269,8.888903806062377,11.401619997808213,13.647022486554848,11.16762605070989,9.394581595276101,10.358290098964499,10.48943979579268,10.315222666052579,13.899708310872983,classical
-0.9404835307163233,3.6749559564694243,-24.57826813314067,-3.0078127424573036,-18.242312633814272,8.390292505292864,-9.64297376413058,0.7608030789245623,-20.237598961714745,3.6113195116474825,-6.75901501348975,11.373169570203277,2.2878958166361003,0.8006037284535148,4.5791558348723935,6.508193127638117,7.767909291017779,6.581719984338895,8.699064356829222,10.196281524059293,9.07143753514438,9.303732842253645,9.569736854287667,8.994958118720145,8.461224940620403,9.722610387844721,classical
-1.4888464826267496,3.976166325596272,-32.63627003588084,3.3960099591979933,-17.735422365821965,10.134362881442796,-2.3646969721643716,-6.015159922109137,-13.399123079701491,7.2815446341241525,1.4453776022785383,2.9924214944022203,3.2525524360571194,1.7200768802419153,7.082549057383203,10.257654542286359,9.245589830403702,7.651157131340354,9.65327806334494,12.05611695295542,11.309174700204146,12.489709837032231,11.661337212459127,12.74369397014956,11.84969897340414,12.507733532585542,classical
-0.3081702172288453,-0.4463060042843584,-29.6826829419996,-2.4461722497613443,-18.322053596906052,2.1244384695028686,-12.360846674124714,-0.5807904487372979,-14.209566756741275,4.65463167025304,-16.682378641416165,-0.6235816893935825,-6.138195902552834,0.9277291741515156,5.896892448854194,6.2265320681423155,6.73020479537045,7.82614131335343,8.855260932330621,11.10439267148959,11.715352029414847,11.897475613459868,11.752867636892368,16.614153193279627,13.491372041456863,12.225389880462696,classical
-1.964677378464761,6.344929787772219,-24.893856787857608,4.55095094717152,-15.283648273631757,-5.058353784645862,-18.99260129353748,1.8441052800255124,-12.731096136001675,6.469992039630624,-10.591672562257148,3.750132937923634,-3.0543598115252846,1.9295465438214494,6.446320515415593,6.983451367993479,5.4862529718512745,6.339941147638442,7.721458433917796,7.247246641405766,8.826317120477137,8.943031934056023,8.716393680937466,8.790897542185732,8.891795841328262,8.868886677152728,classical
-2.384004900346088,5.454944959605616,-22.501534916146632,6.061556141548118,-16.03709104021936,-3.210089558614245,-21.200393257569896,3.461991798961812,-13.583355094203341,9.007319256814418,-11.133815766803004,5.971539625294222,1.477936503529022,1.4556208334357212,6.115295080606585,6.596025699359705,5.768314606188254,6.763085043534178,8.53626692779622,8.429441082346498,9.534385574238932,8.309288039067532,9.267573849952859,11.559322081204487,9.30866420439555,9.797034409550518,classical
-2.3791749340266546,6.361889252591271,-23.17573210148319,5.276730277401211,-15.414909777862677,-0.051956871129788924,-13.478676580119194,3.379896835892441,-11.550066250533279,5.877904569443252,-7.874926842391167,3.5424011430283704,-4.640601955803831,2.1969631048432485,6.835193959956337,10.575114312229642,6.403878021706919,7.795402888299534,8.258702365795557,11.525049865524894,11.470580349472753,10.898514522730368,10.749382099531825,11.775157743268899,8.735494986740697,9.117540539378673,classical
-1.7818765158655556,3.869515580460843,-24.517078897283792,3.8120856321657572,-16.356732820927594,-4.508187760841688,-20.41978862226832,5.109213924096406,-9.85202498222209,10.230066788241075,-9.942856336181272,5.409246379484189,1.2618735111350194,1.6091113544923397,6.104759279880791,7.642556735921828,5.575362448997769,6.416415134503384,7.689078405572125,7.688235681159151,8.854639514147854,9.043493340117069,9.526506663559262,10.813398582990766,9.873931339170815,11.906659094847154,classical
-2.5296459733388192,6.8255315777724315,-15.175051805520582,11.081327038886174,-17.584636026409953,-4.763536958783253,-13.363473281704318,5.337745455891925,-14.799280008274401,8.570977286717714,-11.982292521433502,2.382205837203789,-2.703204269266408,1.498283111817354,7.702615821828929,7.213147678132042,6.609074973648448,7.023451957631284,7.726390105327201,8.64800303405117,9.467092300610906,10.01946395447079,9.474323845067056,9.170425872751292,11.604208793374609,11.045497971045739,classical
-2.1556878045470174,4.088572911402668,-26.272047201298292,0.012035114963964718,-18.756087692239703,-1.487662572147598,-14.69486416651043,1.2384041327812643,-11.934236477105335,11.025770094211552,-2.795118275327406,7.21936028839488,0.07194111299194501,2.0458385934723635,5.763265916665976,11.796198926578143,7.128464211713726,6.833019003306562,9.918170978153622,12.985610769585765,10.353817232328028,10.878382453763345,9.630549230373601,13.86567995775211,10.935140398131939,12.31846542512619,classical
-1.7176923365594643,19.184981987266823,-20.81653435578517,-4.184351646930722,-13.235858190203245,-7.7701168283485496,-17.76534971180096,-5.933054191229626,-10.982254643544792,10.276356149319263,2.752053626134616,7.356961573118112,-6.96685156653694,0.8160664485778024,8.115305382585866,8.206558755898657,8.017536383481414,8.178123716355508,9.828026309831861,9.48904707316341,9.259244483771665,9.132819546310403,9.785641260527301,12.677034982187859,9.792527861462878,11.264289565474401,classical
-2.807011888081529,12.147744310247624,-24.483163849658737,-1.3353278347331257,-17.04421901159962,-7.198879731801376,-18.3391351017681,-2.935200069791637,-14.481053081259999,9.822867090808131,-2.9052923225976377,10.848277863662746,2.643014691338538,2.107434004532964,9.249763471767313,9.070107174138984,7.552442670943513,7.238897951433297,8.082631927081815,9.986887192331036,9.911033749742826,11.56007895193382,11.56345378681363,10.763704390345023,11.547753020381768,9.72892139704175,classical
-2.89827680555126,8.213773127687375,-26.494313908660267,1.2256935310190047,-15.552186807008823,-3.821647852666993,-17.719127164298317,0.4655247982256128,-11.947754504026681,10.297601171698632,-4.820011242153854,4.6932824204011885,-6.808360086030038,1.9627318282477701,10.985526249784877,7.744653053260859,6.794640678143999,6.8366043797229095,8.898054338330574,9.404279226706956,12.128996373932534,11.314342716943921,11.257040997699347,11.50959856328072,11.868355302021008,11.180556986195798,classical
-2.8218960706652543,10.926996318465784,-26.649369268291263,0.33608763367012656,-17.629229653985757,-8.528980441250711,-22.615000505261904,-3.9741767672600985,-14.294896587581468,7.331260067532419,-7.8107724768703655,5.161811266518062,-2.485221014445349,1.5972552851365946,7.881060085017436,5.936391817885087,5.537217626183225,6.713270424632455,8.267595501814773,8.098593753555681,9.298158984808618,8.343006546857282,8.863322137215341,9.990822394357828,10.690543877940383,10.289447508875071,classical
-2.49332119230076,5.07357759284518,-25.163152120757378,-2.6544074394955786,-18.19178987296184,-1.0636353520751634,-10.257767439104661,13.677418005418517,-6.040161796032056,15.07216053963847,-3.3791490663716695,5.9456925668834,-1.1507857267532546,1.5205649815200177,8.765811400432073,6.8297527303029,12.230508104181485,7.544724403402057,8.704254731499118,10.831367640524856,11.613262761262261,13.670604773201429,14.207342362877965,14.3421352354512,11.847219067381438,13.13654424985716,classical
-2.8392631891878883,11.825889880699835,-11.046148238994725,1.63132967455511,-16.039690520046285,-3.9130507061269064,-16.919377988693817,3.724651677483755,-16.092532909383497,-0.6373569466564452,-18.52128047247586,-2.882155777507768,-5.077745710973963,1.6177687262002745,6.645597694399289,7.50500078423419,5.403004735966559,7.6437380388948775,6.506137106213907,7.598544588086076,8.847015952585592,9.77447426256496,10.476300636580426,11.17770072275083,11.606295914542942,12.245313782236488,classical
-2.8609803489397048,8.933241495243038,-26.508179065047848,-9.734896077446091,-21.03222482016698,-1.8514973784448767,-16.940792205194068,3.1736213323953915,-13.495120472968553,7.108498062847158,-3.780664106139824,8.817350780027313,-1.9129742805068888,2.0462946000274713,7.768450522650891,5.762084716810193,11.372222360106145,6.6621599657211545,7.020351309074618,9.51413455039566,9.012650882237658,9.712347566295298,11.553574089319852,10.124223781650963,10.518839075600043,9.385435618719951,classical
-3.8814664525036546,13.201868954237069,-22.423972342539955,-2.722257416815551,-13.605952093848005,-5.333156106869147,-18.07979494107898,3.2130168601107605,-6.153133520690092,13.692848556902256,0.14229075595798826,5.715717517135854,-3.848753597446711,1.2092017771497243,12.731799599403457,8.097919827919092,10.1174074826032,7.504917013695043,9.25413699245118,9.764280316408975,13.656512726476446,10.268551644329246,9.927773658657333,13.474565206258358,11.901291640917739,12.958379078206672,classical
-3.115303618003659,7.871528862273485,-17.950574397786244,3.107380857474405,-13.580165027516403,-2.2351477625585825,-10.367386546532154,9.453398502581882,-9.935183478352565,7.801354932180546,-13.42331215920407,3.7001016423548583,0.03594377218137208,1.9019475844605134,10.058801320365038,10.213697474364825,5.894978092828059,7.3747760490266785,8.815082609349737,9.225694003517559,14.074120510603306,9.984965627497278,9.484433427865957,11.700421498684376,14.11152308615342,12.288643005588414,classical
-1.994932318848192,11.972636564031149,-25.021817136315384,-1.2068497633471245,-14.254460437327806,-3.5138221294080707,-16.978467123579872,0.10838692303620788,-13.251784146808427,7.8406422663371,-10.152821780103192,1.8781347841290146,-3.3208070832766317,1.6027168316582794,9.1647155496393,6.325284519441563,9.06746713062981,6.773779534747721,6.832816649643873,8.089511492028896,9.742531774488087,8.936508133242064,9.460363123092211,9.540539368867254,9.961186023243208,10.526332071871492,classical
-2.5388838639922695,8.404537337407042,-26.71038943550583,-2.8052787475664425,-19.0769953215057,-7.245893396809088,-20.28418866024017,0.41227275608198394,-13.541645990781749,6.307576135029621,-12.993589473323667,3.8670996451289366,0.04158858732937327,2.0863499294735375,8.524437871210978,5.125858546153046,7.259966584657612,6.433061446347442,8.319674416508661,9.213296574378594,10.00707022717735,8.91028012870211,9.345261807421803,9.467629253948187,9.441547585837132,9.312742999927787,classical
-2.2214186231513686,11.387908382481518,-24.181306685495432,-3.0249817507004897,-13.509635941161525,-3.521580998096283,-15.682419537515642,-0.34558087956076394,-15.026025517914691,6.237290269716398,-3.8672621779802534,10.699871218681569,-4.923076627558628,2.324319261581712,6.153939671725135,7.184552046892964,7.094787450468321,7.035825027433992,6.974229864100444,7.912440390881064,8.303465497172574,9.458730239461877,8.36502165662094,9.681647936833308,9.678758063755062,9.303198382946533,classical
-1.978639973264433,11.396094564993234,-12.964739619662133,4.980892727595944,-7.855851507201976,-3.7840773496653513,-16.846183215785146,2.72120221914866,-16.33361345934573,5.374020618389335,-16.378851668561246,-2.8702702682739947,-6.436249086507874,1.4705772192881965,5.203285295075482,9.925443707642055,6.544498698532618,7.779261571908188,9.495362083526864,8.34167074602526,8.432123991750576,7.96096529155623,9.048506440803411,9.524351527512152,9.987757010197432,10.12645041719253,classical
-1.1706521604107913,11.042277127901853,-24.94361695449027,-2.299657033321679,-16.838990559245556,-3.4158580103694662,-14.447174080369196,1.7451813529939495,-16.993519991670254,2.5994562057179613,-7.655455301431938,6.438853473146214,-3.1683570910124805,0.9766514691384491,6.665695455674526,4.010801349332324,5.770248192370344,6.229346761874126,7.473928575463702,8.541021182672631,10.133371073063472,8.651078273637614,9.318973880936852,8.600614070078297,9.185306902568282,10.63562020356655,classical
-1.2493781673702284,12.412232091513749,-24.234162979857746,-3.0499286625214723,-14.585943999128862,-4.3758028824035025,-16.306193964451833,-0.2325267528455561,-18.697565117169702,0.743654205818351,-8.01056680429906,10.531771721459794,-1.2113845188362207,0.7903665474807874,6.164655247871294,5.137979232265781,4.570501937990141,5.59728595901969,7.2413441893174895,7.342056640817001,7.664344152097694,8.166524116081597,8.988175798048163,8.814977223578333,10.403722580847267,10.002509180027582,classical
-3.098916736948215,11.79874979592162,-28.97353044289462,-8.564469443597648,-16.49443388068127,-2.422561697602488,-14.087426821448458,-1.0618796237314332,-14.583985841087392,5.4473520841449155,-6.094117852538015,2.881130672655526,-3.1193459463380697,2.100949155175299,7.143733006190509,7.944765131817866,10.442975576697659,7.849895778758294,8.508715088886559,9.787038776665318,10.045396111410069,9.38150274698657,11.191896219280043,10.372166063438426,9.446337182571929,10.895329097559596,classical
-2.0305079164942477,17.716258991400256,-14.479744463813653,-4.560192869292736,-17.969777554126416,-5.837640549781356,-17.07738795205936,-1.6379516414347204,-14.81251814576597,6.89675398442032,-10.849740049348604,1.5243291150738438,-4.092255432622393,1.5022957061294147,4.979978721061179,7.354040646263136,6.581779809608101,7.314950527385548,8.959274297055643,7.578732233357801,9.542524043237611,10.332852503473429,10.105114673677914,9.744392240608276,9.475691942637503,9.55148333272107,classical
-0.8846101384002879,10.331032536818357,-26.453729127713945,-3.8646232915064984,-16.17726830868972,0.07180158391323431,-15.253984185304994,-3.064817737965936,-17.957658111589428,5.347940499145422,-5.174453670301134,5.450834012370252,-3.591015460075678,1.2958928344070035,9.932335200920454,5.868816203588485,6.593805826069199,8.063447982842222,8.470810174041258,9.038558413912957,10.262719686818533,8.55135362528739,9.585242261456816,10.092902280086875,10.50334739704228,11.78861955806294,classical
-2.6497536972523177,3.6667041671538065,-27.565693838838335,0.6445456138222324,-16.47321679506003,-2.9248641165979543,-17.308947837130166,5.871812060572349,-14.485370355336652,7.894583864436291,-7.286406298665025,7.499768317157874,-1.0728918315945517,2.0906278411075925,9.782069403759142,6.109394839817637,6.920431105641552,7.844382551104489,8.31607778744631,9.148495310994141,10.433438565344172,11.672760827486718,12.48313654894882,12.572170839482318,11.865123791456798,11.80350562889314,classical
-1.8247341469763372,10.829550172862108,-24.42874430027941,3.706292486151954,-16.001140482283336,-8.988356063303314,-21.385741743420116,0.4987787302200158,-14.683387525290184,1.5550005058734242,-16.693292736593556,-6.917144477068581,-9.744919376810154,1.5380622050005044,8.869369269615026,7.17379890630129,5.752082383407652,7.940874001925254,7.9135257315428955,8.377929307708351,9.333974131931514,8.99186444345271,8.682330835362604,8.744324890505279,10.109231619543154,8.579134124925277,classical
-4.220282920968802,17.96608920456351,-10.97811908404738,3.7286061766163208,-11.46823060284503,-1.2778383867971566,-17.547081745149978,0.06925438683691369,-11.27014568680943,0.8449718764056073,-13.60567816245923,-6.89899152802131,-9.232442004417031,1.845417488367943,7.77184728060912,9.963648324442552,9.005757824992976,11.224918176587925,9.995154187241793,8.115816368777338,9.975670141554227,8.904265399238433,9.383731163496766,8.853817834881214,10.295535001353956,10.603450514206832,classical
-2.996703278393403,18.563992418523622,-6.183021900785836,1.0510196203575466,-16.16174095297729,-2.7796850142047997,-16.59350261205583,0.03497972949088932,-11.856257392898838,-1.6530569741944428,-17.062480756203257,-7.593542622215567,-9.968533491160827,1.071822430161349,3.825935688756021,5.885486472175238,4.971643274558066,5.638747813728884,6.191088857544234,7.672937423864728,8.575635315380566,7.543334607666646,7.65665835745792,8.052458863310559,6.902178399297793,7.182844088460977,classical
-4.955170641654502,12.127106835676445,-20.567576083270374,4.020384466947116,-12.868944788127573,-4.387521450116872,-14.586929129903671,-1.1360750300042912,-12.07942390880557,1.4218471840689075,-14.941766993699936,-1.8721491433752404,-1.0907781467844946,2.3987604072270505,8.3934441309987,10.465636090797604,5.755457766639005,7.343090383110768,7.846658434653679,9.182503993416272,8.622827231908447,9.610328008038863,12.767489141761818,14.716565615239702,12.253466740277076,10.711078638464663,classical
-2.7746654547371596,6.883587024210732,-24.680506315993078,7.911788455860904,-13.483381910093835,-4.05600492742272,-16.81389412423204,-1.2115342829166755,-18.775306944669293,1.208795446649222,-17.87996073648356,-3.714747349111643,-4.544054417419212,1.3349211675093424,8.35578378363449,7.440426059811488,6.912132208187593,7.944122992092001,7.951366667254814,8.820361901918398,8.261568661778561,10.681908376092316,12.865989646975564,10.34072189757676,13.864376606990655,12.869945909791157,classical
-3.4689806548849202,16.277209694387498,-19.21838427272838,5.584232392019122,-7.8029046818956,-2.0436043779689896,-16.985517053381958,-3.501241307777651,-10.930083209535944,1.7894789605841295,-12.746859503454527,-4.906457969593905,-4.569272812294888,1.8007397717161555,11.935852394258417,13.653341647500643,7.360564180471267,7.770318999405942,7.650580613709263,8.007421425232707,8.871735084474007,10.245162020117384,11.048147014974385,9.069963427749478,9.678165767068167,9.557822302635444,classical
-3.2903559975284766,9.311500839014117,-16.5059713387236,2.9081248628224445,-20.073981596405005,-1.6087694922876814,-23.404519612792622,-9.732387414440609,-19.936508770829036,0.8247162739873772,-12.645789606752468,-1.9144671161462297,-7.733895479722527,1.5281753874735984,10.324594298383692,8.539366021110924,8.31907282245786,8.526955153655038,7.22599891540403,8.944621669544457,8.911650648810117,10.971683044965584,10.383577097407198,9.0853344747313,9.41145181719942,9.492537143087029,classical
-3.0643036912073702,5.5214452509524,-30.94104046686588,4.501499907857219,-14.761767881905566,-4.099397048067013,-20.753629995192934,-3.9934223293612994,-13.531761646224787,6.196302396003324,-11.636009209337553,-4.87629123215372,-5.645900473849586,1.771119963677673,10.17624373056068,6.435231700776594,7.358711047788969,8.115475777497627,8.510261378003689,10.064806382146351,10.756462484074426,10.758827961300467,10.610818608925072,10.000227976857472,10.65500161236133,9.545390911977142,classical
-2.4942366158886453,10.612447978214883,-28.78528752136327,1.3120086191349252,-14.28258673631195,-3.7838031481398047,-21.912651026223163,-7.913214534263983,-18.4332900356614,1.154278610581475,-11.625430880654841,-1.4541159111092727,-5.187879179959597,1.6467235033017744,8.164207765965088,6.014291604861817,6.980190930253238,7.4628174810484,7.977509179375475,7.875683574373736,8.839827721616782,9.138722901100902,10.035455814329225,11.449195628560204,10.784623637309215,10.112533877449122,classical
-3.7098134734142096,-0.7956552493202558,-23.513865765973886,-3.7586974443691528,-13.777322639581362,4.377301564574649,-15.214750957575395,1.3396092967414872,-14.435503456979527,20.315894528551713,-2.8591565643923884,-4.9930426898529925,-3.5540600559383795,1.7727202346212914,8.416959414058043,7.372685831634094,8.745966365617257,11.070912238966667,11.578608019679775,12.913239424655309,13.916520090881017,14.961703756448266,23.979903517410992,20.95827638917136,15.748338040818524,18.82226930370843,classical
-2.870243869979955,6.56050777458572,-25.759848098427522,-1.757786228897193,-19.57166746256864,-4.822969168885988,-23.07733390640167,-1.8958651153791242,-14.446922817424683,4.035430571992028,-13.336424376494591,-2.336217176289027,-7.5952305406791965,1.4427463641113845,7.2464864163421,7.995216317219799,6.044026183049273,6.405086627012548,7.9867365800807955,9.73878405043322,9.199342263280613,8.79654976950091,10.511825370750811,10.46861076779748,10.507476519332565,8.300907548652377,classical
-4.025960504274781,8.416865780794653,-28.74917368827318,-0.6214413741774425,-15.091851023926944,-5.954693711723309,-22.23353601799659,-1.8036132218724241,-15.113433851630925,-0.055784597493555195,-13.839087834019804,-0.9781710793429341,0.7838952904116245,1.8331064315836965,7.909632070430317,7.447523436457708,7.6203792269274135,6.9138143158779926,7.810743333436589,9.058089555448163,11.154282708439789,11.217543572328584,11.124955827907067,9.983690619396983,11.434874863214628,11.197888345301639,classical
-0.45652719730938046,11.324923942914522,-31.68077142179124,-15.302082333043169,-10.348088484311003,-9.209649526274559,-10.0468284872376,-8.602665898209374,-8.24596777917151,0.1505475558381388,0.5897700244278158,-4.262898090506839,-5.826146403832176,1.1045609568335242,6.20930750532061,5.578512793868678,7.409379622263168,7.9854645640837365,6.422987448150394,7.325240264145478,7.913736250154335,8.033234158190524,8.333830733408492,8.573491601226117,8.769409287029964,7.9651245055664015,classical
-1.5520082420074597,14.572660774337015,-5.118103292995638,-21.828552032912267,-12.987484024989815,-13.52998270212366,-16.972466196560386,-11.756403800092865,-11.581801396948276,-9.423203753986613,-4.939314761213786,0.23857997567967923,0.3199795775183122,1.4159637533806142,7.388749237080386,12.369691833783449,9.884506896493846,7.4629819435099645,7.297001589685238,8.170846098509509,8.464746608475618,8.24003005487855,9.201527517192904,11.297982439164933,10.82315580476101,9.15199654325784,classical
-1.3898672834120391,10.986729790454639,-22.23934337941837,-7.946748200970708,-11.871725515462945,-11.457016962038688,-11.37050800448566,-18.675567858719468,-11.529483320068147,1.169157571519615,0.12037511897261292,1.7064452099591898,4.586251642281979,1.1135046443219119,8.405481131247686,6.980398515504673,7.678195139791459,9.162905662862359,9.475365254706764,11.397343218473095,11.388506559705457,12.213804195973088,17.204049519210056,13.211778081014552,15.413282097230084,13.217058936038908,classical
-1.0873725627888091,11.129882941677367,-18.271421945777078,-13.917167184266173,-12.118271249105717,-12.010313899497335,-12.125686083088645,-9.721711615033874,-8.555906365834165,-6.265314657775819,-5.486417187553007,-1.7832315725020593,-3.220401420650687,0.8888816733050044,4.609179378088013,6.263508820199317,7.948263143861576,7.64035401643227,9.15541631414062,10.048734147861122,10.290871019351963,10.670285069403823,9.996555521025105,11.43589324428371,10.483666282264336,10.848119134090636,classical
0.25053853403187676,-3.8142682601518,-21.5109861163608,-5.233813897117266,-10.882879370490485,-2.2816012468824143,-12.143284747259242,-5.001464877056474,-7.762685374616148,-3.528505996541849,-2.662409077678128,-0.2811309805762864,1.3016705082150613,0.5575010927954267,5.718140066569718,5.396416758366733,4.633266090402961,6.28699490767294,7.423386961792947,7.0982945471034,7.421800125708354,7.141880994763653,9.480905973146445,7.155773543198914,9.33539872912234,7.6624878910973395,classical
-2.4946112692624434,11.469839242633387,-20.598843096210466,-9.826760493222832,-8.580384424565677,-11.539213544934327,-11.849137135585904,-8.418204526353756,-12.828226681399205,-9.437688533342232,-2.400311007447785,0.9157884589131746,-2.611470614535339,1.0270506751748543,3.9050427057426957,7.329828022309005,8.400680457634316,7.264728803282081,9.025457777336074,8.71891109374974,7.186644011610477,8.558975992245959,9.406711162363662,9.826330868569114,8.634975369870796,8.437659634691506,classical
-0.3218386814982161,5.975227786097267,-19.560624119855635,-6.208386452204033,-7.6002377009311735,-5.430686746144218,-8.551646906796286,-8.594466045901632,-7.934628522209336,6.011501703222586,-1.9358023050733593,-4.201749898436878,-0.33136075100181256,1.5187489221296486,13.262359325203638,7.521734567342644,9.364313607633866,8.665654741058914,9.976877732953332,8.244139098573163,10.226500533027444,9.67708687380339,10.161153800508334,7.986675612838246,10.89402368024729,8.884255385989187,classical
-0.5921383481917718,-7.210200164280564,-19.08484691009474,-6.012185763615892,-7.585096216248691,-4.363052897124582,-8.126780745651041,-7.161944258666594,-8.265349345078615,-1.0020627403797466,1.508994192588198,3.026576996102061,0.08163742247097905,1.3475619666759227,7.58371145289271,5.8779092272075415,7.513382644501347,6.282955091225087,6.51700089423041,6.946598062663353,6.639484089815174,7.605757909402318,7.7874878095427125,8.348262681967606,7.677485495922005,8.865724899974024,classical
-2.161061618238072,9.438101656027554,-15.956755778680934,5.470884009549653,-6.288232395732102,-10.535826970373241,-11.113678037971354,-10.23537247692741,-5.147979924215411,-0.05705215513717532,-5.1117118358087374,3.024156375151363,4.140266214214057,1.4393638353565799,4.726239032178532,6.380798331780269,4.431702459951755,5.901048524308745,6.733713850710839,7.296802388397729,6.75330269995164,7.0799142705658396,8.575421738708114,9.676893349094232,9.624109856346653,7.349998974381402,classical
-2.570555443806193,-0.026139782497768542,-4.721765604877221,1.560000319258914,-1.1620944990785154,1.4340528564970925,-2.7598672331528085,-4.153888254107573,-6.080503076318451,0.26156503931070946,-2.192590736225045,0.7521831199961357,-0.35278406951784674,3.008854992796342,8.422679517226706,16.24247443109577,9.32392189069226,8.404704463754866,6.947888916593111,8.020493053177628,9.035470896630224,9.564502637452046,9.496123095673926,7.571626111401188,6.989798938362337,8.647155376373734,classical
-1.6368732315674441,-11.096614347951785,-14.685534496721967,-4.707628786728056,-5.824682252557699,-1.602742315729644,-4.203380522671888,-2.649090921772304,-7.372831284626298,-4.3403889175350425,-5.458286036462366,3.1043805579472394,1.1536641980319118,1.8357470903677557,7.725758632503886,10.321683255747484,6.435318795978306,6.952856035514823,9.53472018810483,8.821556334157254,8.031695968817756,10.417639108176479,15.58116785159462,11.677636183507904,11.73498067486973,9.653041253708068,classical
-0.4103195437923796,6.663523195959258,-27.60877461713323,-3.4211742491113113,-9.035974054993721,0.773044185965479,-4.708798102428315,-2.346649289984511,-8.092408327138202,2.1930329262473287,2.1694314865913533,0.963328015030459,-0.3496201363910922,1.3158463261538222,8.589320171315226,6.253271990472745,8.370064907072631,7.677971474396356,7.540499343128432,8.135801478203584,7.770153259600829,7.7170853771887185,7.2769489659282725,7.293554071673161,6.8552087051003685,6.5757807175802405,classical
0.6194200600320666,2.2748176523659582,-25.427565949299222,-3.030187104617743,-0.3866733645901877,-12.762584527147325,-19.534334698457645,8.029392825858194,2.535512991895525,-2.3724450376543653,-0.8493304454808592,13.62093308971225,1.7104657293235763,2.3562357329914785,5.500265118985581,6.794309413960592,7.042351623317761,15.823835258245923,11.732067044823156,18.55661205051149,11.998124390653556,14.448813041482302,13.609587203601352,16.923041988430295,15.018751247215786,10.865953867636584,classical
-2.465575933673795,15.461653974187671,-13.91232093955625,-14.398137541567474,-12.14773575791275,-11.056764162679581,-10.988776653078643,-14.694200855348866,-18.189623522440822,-11.328014815762746,-1.222043687425481,0.826878049344982,0.9341543644009065,1.7490840853463931,10.067850924877916,11.127577424286867,8.870236474013982,10.619951143558087,8.35601974366777,10.155707206794162,10.050366248987132,10.571768022427237,12.084899145594473,10.35359448945402,13.052413324500215,12.735113939823723,classical
0.35372977586537424,2.697194109397787,-25.509646544124568,-0.41382874061945385,-2.241342625801134,-12.217032775885956,-7.1197544088833835,4.238330656709465,-9.968595035605075,-1.4393192519995885,2.7246588146051525,5.8050311910551855,-5.5949790417529845,1.03668750311664,6.043846471186554,4.708279369544211,7.496951598316145,7.163077701906249,10.466709365502087,10.512269696399404,10.314479768532639,10.107219466665086,10.347816292565254,8.345375309632322,8.36806141755526,8.12512472527463,classical
-1.9483615187721046,0.5014586152520404,-19.590934533014046,-10.232837933750433,-8.841791236710348,-4.245472632923484,-5.645661272717491,2.469237949064675,-8.383583270280427,-12.820467205653967,-7.653917664200584,1.1709698346274175,4.261906083955559,1.8506877446176409,10.67003943908073,9.691115577200064,10.46727599032046,9.01430152141571,8.787660010987292,11.631696496474921,10.004567232856378,15.975458595402772,14.114172547605445,10.806076032505521,15.138318082861574,14.034410059724543,classical
-1.2966191769026219,12.995351071645603,-21.171624598161532,-13.208322521203897,-6.2618996013826695,-3.8612433056122133,4.094589402828215,-9.262009065013062,-10.785639663071585,2.321751910464788,5.440447867461972,-4.751415579487448,-4.282003875176583,1.263594668018798,5.6780118351128275,10.450487933702352,9.93553386933562,7.190716447033442,9.781076743512077,10.165206552787343,9.353884499797438,12.087713162802636,12.095849913169303,12.574254574773787,11.798733247478859,14.932633426772398,classical
-1.6699803481359556,4.128479861684063,-26.44599855319381,-1.1783427051191597,-9.856785455214233,-7.616579075253305,-11.243094958866811,-7.875776378638271,-7.136448897862197,-2.6580392117676084,-0.09718193131142076,-1.7337728834234007,0.15536430422881106,1.5438675284494847,7.534230363693707,7.020670829983012,5.602549540764076,6.598843088893042,7.37655953456494,7.827951823083855,8.327875724481228,9.631317218486526,8.275192526740321,10.43080682186424,10.023527560759254,9.444796200044502,classical
-0.7999315579488366,-1.1314846985060774,-23.922068729804902,-5.117625154204455,-9.981372643071703,-7.907695916774606,-11.855370768569397,-6.782174307498455,-6.42904005302814,-2.587349923396262,-3.0489006655471123,-1.8355266827680299,-0.12262377627698708,1.3665103648043573,7.877804737931929,8.21072541140138,5.108571112010698,6.40722267073801,7.269480610086873,7.460643114664862,7.671944146148698,8.188403413621293,7.5962586736033115,8.647796165304626,8.226957465708416,8.78326732570703,classical
-2.520018082165057,9.51929274807216,-21.38548451681442,-5.927482461766574,-3.3379656406991796,-2.475185733230328,-5.918308661472667,-9.35357470698524,-5.7128046595865385,-1.9677890922548655,0.37242527172009626,-2.436178648800029,-2.141286822674514,1.7157739335448385,8.901549688167819,11.130870307358716,8.20105437069208,8.324859649037721,8.860815044992252,8.933408300965427,10.025092453186573,9.657393547186144,9.78997165260514,10.832954214627097,9.40161313182451,9.729896235042833,classical
-4.151796519250426,5.978625446385393,-16.01993885628457,-5.516472797463562,-2.9291338797240485,-3.718834844117751,-7.5301415675194,-3.942755166702722,-3.714407799667917,-3.784738350525998,-2.15566940818129,-7.203173815244708,-1.7175878337620794,2.980855021258767,9.736657123284374,11.120695834948801,7.70676327911228,7.687925481503907,8.666086051608907,8.563047893867385,7.984998736950817,8.927535824396015,8.227347935339449,11.189827382029545,9.147466655380375,9.172094968691075,classical
-3.6311645919507396,19.02021033213662,12.781410776555552,-13.379682191836519,-11.77393908559163,-15.150755459182243,-14.781696096757956,-13.348299109378162,-9.14872478638283,-5.941439034150413,-1.92421473743803,0.9646442541249575,2.9414948381144037,1.3817916502819372,4.765558143375953,9.426517673257774,6.095502966335145,5.5903169832519355,6.812023105881404,8.298787102855991,8.101645287251124,6.928363434900802,8.207590500604669,8.859661674333584,8.38300317375724,8.298608762028975,classical
-4.720773659485056,10.408387959177091,9.234884641847627,-12.513629455516321,-13.659644706782109,-14.594752087708338,-11.347485956734221,-9.85734298199083,-6.1340171225845115,-3.4427132916619505,1.8357653263365865,2.7203744342240093,-0.5417836472367926,2.032270764892329,8.037647166849366,15.363904450533612,9.916422955108954,7.364441738833771,9.018257555952964,8.990802040861613,8.505662155987437,10.18432275377328,10.191586632517735,9.56509508328368,10.946809514789408,11.11656401414087,classical
-3.648660236217581,18.6508408258577,0.6670371715212315,-19.11558591188208,-15.93307639333831,-14.056558324241442,-12.387894127850721,-14.764886187080632,-10.622569726249763,-8.382552033166386,-5.858563912491259,-2.7297330252612713,-1.2355579313346734,1.78227175873067,5.3385144217518645,13.905802875949181,8.160388319523747,8.091793762329564,8.760404000563826,10.54495744930849,11.027713007433638,10.602377510444926,14.08282576464057,13.842888224183248,13.051914869169435,11.414946537137363,classical
-3.775591792228391,19.352780076730618,0.6384432290236464,-16.348228523115196,-13.03997310956141,-17.38638172329492,-15.551282288653068,-13.773434986522162,-9.19339207763063,-3.5992376251130835,0.3214200378804418,1.8572122652920284,3.524477331751598,1.6737585830406625,5.438869090887364,12.973270996728806,7.381159882253198,7.874788731300269,8.381933635902062,9.206825973831847,9.177647526324332,9.264758851681652,12.0082520108192,10.774838829787829,9.795778537420757,11.075744527067213,classical
-5.434284399481736,12.205551397531538,3.2333656914032063,-10.406881983064933,-14.269221891405287,-14.286073739128723,-12.717278474283548,-12.203180113994769,-5.972584863794246,-3.37433870911401,-1.0295107174471079,0.3712447519242911,-0.42996342099802687,2.801384531660172,12.415131703108393,17.622920401873127,9.48943891098232,9.319838467478782,9.126203307366877,9.877954668624099,11.457112570984725,10.641554770463227,9.770590698217326,9.842595715685846,9.767635599712547,9.485795810390874,classical
-1.009479727069011,5.249138946878532,-29.736414685138822,-9.363736193203193,-12.66350599305907,-8.191751455251719,-7.0855158097393875,-10.29450288915794,-12.510892806851185,-0.05353315946552693,1.028771110976142,1.1344781287119945,3.0480379092117507,1.3662323028553904,6.0410165170236025,5.366652233266095,6.409371360147399,6.126765136857883,7.892793353906793,7.425243686732384,9.07471855014485,10.771009306581789,8.577883356815438,10.223237404769955,10.49963453455781,8.92017548472068,classical
-1.0887280982804575,8.898987200282264,-27.983064504745496,-9.020525984029778,-11.788686801274848,-8.043091991007135,-4.854844102833183,-7.814550603994716,-8.582448270375217,-1.0914298778190734,-1.7261680535620676,3.9684061566304982,6.721652758226664,1.116120018565178,5.263375722965336,8.173150406595749,6.485029329091912,5.960375222376362,8.783476958044474,8.976114904939774,8.978282673350618,8.960134584339436,8.26348913281902,9.057193132597948,8.044298834118036,8.46871077066873,classical
-3.3230980424357353,7.370234401936581,-21.987033461221635,-3.7535665914980405,-9.771860019860783,-12.161351260368077,-7.2588566668427426,-5.90068331621138,-6.716139082713012,-0.5637868435007738,-1.3344308430461993,-2.136685305433307,2.3175831760478127,2.2893363768676416,7.1322690986067725,9.326870881922463,7.6965073837676155,6.666358930369144,8.07444015404695,8.952570949543786,9.246475294862602,9.427533416549082,9.008672520152752,9.25318598469269,11.382700974382026,9.77618754837753,classical
-2.1360513645115415,7.0147157143632315,-24.692356394957155,-2.9063417787011683,-12.350915641661997,-14.032851856890954,-10.624468192388939,-7.504240424117366,-4.420680007551909,-1.1252078164555663,-5.017512674286956,-2.3783585179000477,4.375580808505147,1.9062031212096864,6.72531902868794,5.893399770114541,6.203762710023334,7.439300432196579,6.898710450639362,7.562370857518476,9.544746682812146,9.331901032334313,10.099965421073719,11.657578777910398,11.457542137729835,11.766714681619728,classical
-2.706145747799167,6.53990028787708,-18.892533697990142,1.3112028288876283,-3.461523973412144,-11.887309844766381,-8.358625965374204,-1.4992866936219733,2.524660655163349,0.9238683366989268,-1.938821617392648,0.3365313567846703,2.275570215232619,1.6333605657972454,7.899793903000638,8.42454073477745,5.375226641570933,6.866801464335212,6.663489094636984,7.755365604191933,8.885378359217412,10.90712430494596,12.722166085778747,13.384697681121684,10.356013271830854,8.455378708971521,classical
-1.6415456300741618,12.641756231588785,-25.64412358036564,-9.304343852512964,-13.807667539072895,-14.482516543315905,-9.085413779243076,-9.758628147162536,-6.736860101640688,3.6322763098378226,5.993118828258248,5.015895195497142,4.791356006957918,1.4615424570795692,8.647727418163507,8.099953239625624,8.194974026390657,8.99698460273613,8.42484186142231,8.374548453816459,8.7930687712164,10.471785150678079,8.939459190621976,10.487102208027917,11.350229397440517,10.531063686411795,classical
-3.087908952254769,7.674114515545096,-23.039295015593535,-3.0713015638821424,-11.205484771885528,-12.885516203083254,-9.08278759092082,-7.525205275596318,-6.371609309077947,-1.6623253916312388,-3.1128567275024515,0.15963635875018434,4.919241682042715,1.7721707559566025,7.3582386749078745,6.008625836872264,6.160205560801329,6.3656106354563855,8.264682519480901,7.87257379302387,7.930274395142054,9.055785331824428,8.506494101262891,9.267570353212124,10.125371721313684,9.314685625651878,classical
-2.2457760357274945,11.755978456233338,-22.63923002881078,-0.3828920088392671,-8.687793042779411,-17.162008752539663,-8.609258239459216,-6.049477810509195,-2.4729813700585184,1.7888374141291907,-2.028464790456231,2.4358452511122475,7.87206389831073,1.388241073389295,7.244665325725386,7.410702701710451,5.6150602553032805,7.67017705433448,7.70800721533486,8.77963942913593,9.485921290906708,9.012775917579642,10.891895690579831,11.211197970917393,10.185900543354066,11.98612028556139,classical
-2.005088511913476,8.603326575107726,-24.10153279415462,-2.608240649787662,-9.283806168541595,-12.011376320259618,-9.005936906531986,-9.39790472568603,-7.633036113143252,-0.645724943799017,-1.0067663754739653,0.4054582656540664,3.392049704268342,1.526901168758019,6.4585372122813975,7.049572324070379,6.020059989086046,6.494424836617519,6.570408296015751,7.696597991805246,7.488028660565321,9.097091252275991,8.56780064206087,9.285381880577068,8.36752064068047,8.139933926584764,classical
-5.013964001729529,22.60113403822326,-14.264604534928926,-8.050807186155785,-16.165674465068644,-16.713158136962882,-17.860031788060656,-11.722560229035036,-2.608015005279081,-6.399657501248407,-0.7757637526420691,-1.6684210869982057,-5.385355605033625,2.2188034764677798,7.15669180874496,9.511728109864725,9.297820084062064,8.049593449578415,10.157287808733802,9.9954894807329,10.690558586219096,11.231235269041537,9.577739638151321,9.378451191928825,13.40295683107614,11.456256764514333,classical
-3.1799026522865392,23.235102037267527,-4.954506481144289,-4.381978518879663,-15.55642020948768,-15.981588519583461,-14.113066058413137,-13.457952635160327,-6.007002437154205,-9.196703900108956,-1.6089358456937504,-2.1941280537430656,-1.7056543713002572,1.6035782030294692,6.510959966199762,6.9902026376112945,8.017636145763701,6.392154533957111,7.507278892786087,9.133979992603663,9.319624155660867,9.051648437756132,9.71321042292654,10.15534437287588,12.013935467666252,10.269947730488113,classical
-3.592685562010927,23.34150906534236,-15.708883592464401,-10.519536904946603,-15.050959449099773,-13.888977935466553,-14.606980784080536,-8.315014861330148,-3.9607963447984447,-9.354384566990106,-6.845775256300712,-8.009528909528617,-3.344616453406854,1.937960911948238,6.241201324699577,9.282348641964283,8.671814728609634,9.173349363788233,11.400982157453827,12.500849135152325,12.890346310642416,14.610872785607544,11.045751269172486,13.444344502090624,14.608143679748403,12.573474871422087,classical
-4.582637287264377,9.570335180616514,-3.2714379998945367,4.100784061425493,-2.5297314619666906,-8.675439042292982,-4.183547529721146,-7.414817425082332,0.45574356236927177,4.969628676493594,6.946718600077373,4.994164954861769,5.211911997861478,2.170310640121824,11.218705869474341,10.23669188632944,7.509881584926214,9.76946989922572,10.189875388462728,9.347776755642426,8.021247737723828,7.745660899530591,6.556824409435836,5.931415280181475,5.52340749738193,5.370588789313286,classical
-1.6606988728844834,11.046949766730359,-18.98255411045201,-7.668973424110939,-3.560244114896144,-10.736997521282975,-7.99539514838189,-6.591972717197131,-7.657705310380729,-6.430547613767516,-4.830104465946618,-2.879916854155585,-1.5983054422880658,1.2751205515836799,5.945445000041293,6.694188514334227,6.079706965525629,7.084181443034691,9.107442193200066,11.46418844013761,8.867417041515301,10.491630471789923,10.216648229141743,9.061579655116638,8.111194354380464,8.110148805060778,classical
-0.6658529666994487,7.054576907051151,-29.820936364350644,-7.803577400026948,-16.93634635320757,-15.687335751489474,-11.215770488554234,-14.294543606290075,-10.502582229607025,-4.220020303292754,1.025233453515023,-2.88434801629297,-0.8047302334165936,1.1698451864717385,8.806571290797008,7.8962830512814275,5.721803626984112,6.591117198380813,7.735560959141272,10.048477462910213,8.868923208834426,10.049137739106312,9.428091362908605,10.596081642222922,9.444663598020384,9.136087297063845,classical
-2.024371773317102,23.260297331432206,-20.36574440630519,-12.747523871150326,-13.237915125581189,-14.956509158544634,-15.741194420158797,-15.358054524900844,-8.927791868320401,-8.788469001264412,-3.5122685363508603,-1.2241477332617148,3.8342264607131678,1.416359635595665,5.195414377964144,8.642214629611251,6.132128182430298,6.042189972901763,6.8676239908632315,8.124028423132886,7.19976558681886,7.5259555705144265,7.005875949084848,7.788199684709618,8.302508806534535,7.146433357418299,classical
-2.816506656829932,18.683152196469276,-24.47430383463691,-8.93179081242283,-11.364014144723011,-12.422105724984169,-16.138336085177432,-12.163063816929029,-9.832570425842553,-6.860512503870061,0.21272725460930747,-3.9603247373358172,0.8057923710047459,1.5175176642095887,4.974676878064297,5.905214129521395,7.141172124806197,8.279448388929588,8.210154266569269,8.53690351758455,7.578386549723931,8.020134918136655,7.686957554702793,8.260675174406124,8.059666576783163,7.197681409819441,classical
-2.008272753638812,6.418614986346821,-27.30997603976836,-7.8980559054797315,-14.334154843395945,-9.963411977854909,-8.151809508442492,-8.922580771007077,-8.261180289324024,-6.3902533824771925,1.159938659067864,-0.832797034795438,-1.181100275924261,1.2845772725606555,10.372056996389544,6.813015386918138,5.308289024638792,6.29545631739782,6.731003004529428,7.11174410840541,7.809855585855532,9.018049255848021,8.497569807166137,11.154724913245072,8.740292425404645,10.235629450426693,classical
-2.7129819442001715,9.26227307514411,-22.729849364951754,-5.1064129216262835,-14.72997839808092,-9.48288299061312,-11.742908985323098,-8.494169042666085,-7.372256406841938,-2.034062499442706,3.46923006534423,-0.7715765481638979,-1.3030286356424707,1.3994883045248054,10.606768405055986,7.058898601776191,6.096649368554477,6.847181223981661,7.396017657441982,7.330858791706805,8.738262501425217,8.210487363484889,7.938917416048357,9.462210906894299,8.757416590207402,8.89428839823487,classical
-2.219314660712284,20.53289519025275,-17.498568367900887,-9.686607404096529,-10.147559136230157,-15.941860272803261,-16.42316280247127,-15.197742663166126,-9.57985492264824,-9.486349641724605,2.0377323780680032,-3.7197478574323526,-2.8551115489157852,1.61616370489829,5.650704363489373,9.782683509424988,6.294844243585482,5.839855825840035,6.398790541415863,7.192024272733187,7.452999410109999,9.618293620562008,9.469614176061858,10.090611738245945,10.542742253890882,9.59858536362692,classical
-2.2128074762442336,9.77454307338465,-25.6199038619652,-5.541563853578352,-11.779233486279995,-10.355024056149606,-11.098256654494802,-12.641425918166926,-10.670986774764245,-6.090290587330497,2.5476367054174633,0.2577664199489518,4.120728290321393,1.5026558632836804,5.790447784946365,6.632793145858456,5.6569567488703125,6.157564685858447,6.983687271930117,7.151111335807135,7.764628824458982,8.409772032720964,8.227367647591395,7.73351900184085,8.95056987490215,8.646703886008376,classical
0.08780832446350458,-15.318244622556703,-36.235757909897806,-0.3066092923083369,-12.436822191938589,9.559938481481861,-5.212384256688474,28.30295986210202,6.307290307952222,9.97677542972785,-18.14936666066629,-6.64937244409246,-5.154102250662572,1.1740179598999336,7.214746976239525,6.615113052138638,6.437945295550817,6.562680763630985,8.339819011737161,9.942092683089045,10.817434464418422,10.825122423278808,11.852554547941567,14.184468234127856,14.53811036311592,13.083315377526999,classical
-0.09180699903775091,-8.62283206826584,-32.27609056100447,2.558778905768718,-19.951861787795245,-2.328312481810445,-16.229844309296844,9.065005664986362,-10.59063605365726,17.96256950608447,-2.6937516677104867,6.951223170242215,-5.45520773936512,0.8103830656292748,7.745758528893328,5.931828615395877,6.304634043903243,7.683656738642854,11.05357239405856,11.348945169938926,12.186044513315528,13.27661308667622,16.026891496673965,15.056210346383445,13.645500408216222,15.376719572871453,classical
-0.3562254572640923,-9.048668710777903,-28.36798855502605,5.664581435796169,-11.193490591112461,6.126789324403758,-9.612365064643882,15.589571519549065,-10.880210833267551,1.358083926803108,-18.0949465251353,2.170639423784204,-8.60860748532788,1.3341361435395342,6.564215312339643,5.7369746148686165,6.727368657201382,7.664545162268601,7.500816799885789,9.86556509264291,10.967534388536638,13.142767714924915,13.631871887945275,15.818048481179737,18.039866503282195,17.006795151277423,classical
0.1776173560962233,0.22519640619982562,-30.625530022934537,8.320422258316565,1.3190564486206318,4.63042834220325,-17.363282614557118,-15.957237281748657,-5.734520438921115,21.742905962393188,-13.899635121573509,-5.653390809567872,4.414096752507175,2.0422258888404996,8.341635161770245,9.945447528397583,8.266472325241196,11.063103782153808,10.754929026999664,8.376131134401875,18.42371464411922,19.357052121175915,18.69409889555659,22.488043851780628,21.6707017738105,20.307172872399438,classical
-1.0911484297487481,1.8619422358809115,-28.930296182584346,-7.552503111937934,-6.222081143793858,10.504573356998968,-11.085970481098936,-1.1337442471376793,-17.994885908890147,5.811032331290665,-2.246698483206791,4.77802323366895,-13.52226217559439,1.234439334499521,5.13527300082209,10.77971217628455,8.463420218265918,7.174564321676238,9.92043649528168,12.34205067942961,10.570725384656255,10.137411285910295,11.271690255874068,15.660211288700218,13.398251358525105,13.50167853555864,classical
-2.494848436996902,2.3341015783556283,-21.661158438595685,6.959013532272614,-9.643520076910766,4.836099343721125,-12.673258942344182,12.525108555836988,-7.40231864594942,12.87104774078938,-4.39403694335993,5.557116539520562,1.7330271159743427,2.4149586010584647,6.559039535360691,9.526314281572969,6.455673987361679,7.5200545167988775,9.910545690090624,8.80715794264732,8.839425118488847,8.76926108367414,8.543139928719688,9.1295103311366,9.81361872279775,9.434262563718697,classical
-3.0158558681450907,-4.328114040994718,-29.378828258948655,8.947159007375674,-11.277002263252559,-5.258609232599707,-16.88246507672833,13.94790057682425,-4.569630212515724,14.155629588626521,-2.3012965350610357,7.529785718134506,-1.133260132671754,1.9762915914889734,10.477277674646881,9.16321742814508,6.965808586277176,9.307877357187161,10.613140903341067,10.987515235372955,12.731284935532155,11.914382836717815,11.214845276551165,13.490069862386528,14.345691258038062,17.08465457320525,classical
-0.7228781240444165,-2.659135659965866,-29.78621081374527,6.264594500504024,-12.095957838665324,1.4571940082050536,-16.394942820905726,9.967767231935321,-8.614951523151129,11.444664071743743,-7.17496258648783,5.327692177248794,-3.3931394484108672,1.3798691803295784,8.37605554898155,5.953847780332344,5.824226871071616,7.2295409591950905,8.020158839794092,9.052243097040972,10.546513165602557,9.138061917689091,10.607602490453235,9.799201925414113,11.722307267967409,10.901968678243382,classical
-2.172407561886101,2.681316059976348,-21.217721401258522,-2.249253185418849,-13.642459721495909,-0.6386787942838248,-24.147529115190142,4.987838170168609,-18.492097632660123,8.098204265446542,-4.82160233218667,10.067558561392246,-6.5097183909962375,1.0731279930466437,5.898358025837805,7.109976310496935,6.040449192099126,6.471498974300668,8.18154338887737,9.401741918332576,10.033535348008419,9.274165390202224,10.141040684835483,12.92826690766412,13.928692073263694,13.488047570597892,classical
-1.1920775043749419,-5.242489814366804,-27.212481393890798,5.326530846691511,-14.813909641714403,3.5107149334671024,-16.55046816349964,9.544438245561889,-11.034721415153252,6.951537813510781,-11.99885916847498,2.5731434523196306,-10.003807943899028,2.0743297643379326,5.8903827982311885,7.792777761122178,6.133546187683345,7.819328624541451,8.037289955399125,8.31923842069021,8.712960876057755,11.344711590201912,10.116889180599195,11.893287404079814,14.18596893851123,12.644674247123886,classical
-0.6635512158429705,-1.2275852185825182,-18.520215224761017,4.245291492776589,-19.05179009738549,6.977120294734227,-11.606256049314268,11.961892671793994,-9.065021168629555,11.107788735497012,-1.5724488273315584,16.989442028735564,-11.495634664883132,0.5797081256485059,4.635207329651206,3.7621513105036497,4.397223842165744,6.214964312979164,6.012361513047132,6.956782195640586,8.050371695067005,9.212395782456554,8.61664083046094,8.26659634834596,10.121807078255756,9.35766457144125,classical
1.3942729784053773,-13.402439680942505,-6.519544966673834,0.403652488249036,4.32404331518741,-3.8097689004306527,-0.09002670841114856,2.3046671154196807,1.0157653617835953,6.850209303708153,0.3965192286303953,2.8621953207194117,-1.6711049658079569,0.7636599695138532,5.637606589783188,8.446694372903597,7.499004985754033,8.880353759091605,10.105952137324405,11.973520970695361,8.433211396562733,10.632255907714432,11.036440876192167,9.067727891790543,9.790714651973717,9.121565922127418,country
1.7625222816686617,-16.263372095586373,-9.45287179653834,1.671726097083273,1.880800230434543,0.09089387022449998,2.489893676968627,7.280374432265675,3.41348697221834,7.59990602437133,-1.139289704995455,2.826464025036388,4.093406068958519,0.3484963902262984,2.9926094492504998,6.045554583571042,5.5089084808134,8.11920443972526,9.692460567023346,8.939995585498432,9.767469085046052,9.946072624462202,9.286075713569195,9.193580091465334,8.131159205437779,8.047236751751093,country
-0.15761448894147287,-9.076296000641754,-3.0134679635334733,5.49014029032032,5.318963358091776,-1.7358724132374574,-3.4809650413610744,-1.527022199651318,-9.314973516155348,-0.3756952092014225,-7.225833670976847,-1.9457680423662966,-5.283783283918885,1.2307932309515461,6.724149710244143,10.794190439822522,10.465292396202559,9.37964718320838,10.908847577487638,12.675893222409577,10.529033925321237,13.721835056938763,10.97991777400837,9.732867213628632,10.165192083730942,9.673043206183138,country
0.6731567015623188,-6.517924099917571,-13.17966495737694,5.665978211527534,2.2770726182753047,-11.059000944658928,-6.7790446988596385,3.592634380241294,-5.586175847602437,8.884297383840732,0.5566999954192047,-0.5766183154023925,2.9443299980948003,0.9611259635714526,8.307766940402207,9.61420858268455,8.36792976545671,9.959276088701,11.169721998111184,11.931592309561562,11.596115902545051,12.70841429815191,11.396450381738319,10.461110896625856,9.626608995551424,8.56723408848066,country
1.4723934631394973,-15.711161663438249,-7.233282676460625,2.353989914313494,-1.0112151134373881,-4.455108146887879,2.802327098512746,6.262533938651485,2.8032989188072244,7.775234512552611,-1.6547710633417927,5.3906080966669565,0.1863865860220654,0.4831004095118885,3.8105404695003053,7.167856667623779,5.826480911204665,7.4800676611142665,10.643371601834332,10.45146789050742,9.230759551338132,9.815716850084879,9.395532568702865,9.072338265266342,8.795456068022654,7.535145707389102,country
1.6207462257992518,-16.312689600257023,-12.328573318642045,-0.4791209473724024,3.2905948543766237,-1.4682417590259764,-3.7764947812847725,9.307666597631325,3.855461018659722,8.508580824348694,-0.23696895720116035,3.052753705562516,-1.4808749345050571,0.6042721398186837,4.915452103925228,7.814716807340937,8.114939636524555,8.036740314711889,9.340046297459267,10.410188504569035,10.861985447901251,10.578578922903542,12.050639033889983,9.920458643710521,10.891323102250588,9.335677695375006,country
1.147243444031845,-13.822285893770212,-6.93141583762619,-2.8023139258591225,5.425850492023102,-1.4870778694905185,-10.716251872243252,12.397142333428668,0.013960355382125103,-2.396766342219487,2.037316484443499,1.225710770143376,-0.8581377986932552,0.6191138314195905,6.133293499507152,7.558802433831138,7.74113871346858,10.006367947759246,9.993286108874244,10.715153881439951,9.14840680262233,9.383105170988197,8.78518311362393,7.762472721239053,7.7490918608993224,9.045695024170081,country
1.4867055736233292,-15.346929168691387,-4.889295849552775,0.8180303514984565,2.0016377030805685,3.6716758700137513,-4.389612004059458,4.943286558070082,2.110488826419684,9.90089656951856,3.9982497062691977,4.38986791629995,5.7165610680479535,0.7185017642599304,5.433577388101361,7.0802297380951815,6.398789503040625,9.152813917018577,8.272741099841245,10.50971245707451,9.212860559589627,8.62173922403029,10.254088561554504,8.77614343454503,8.308302073009116,7.134119373794345,country
1.3339048214458684,-11.847221166893611,-10.366827552538679,2.086193301115927,-1.294700836125663,6.089400859856123,-4.132137064431016,-0.004899782696440237,2.8138407484153576,10.024494511810772,-1.1788520260166573,6.948172110247378,4.84562845694951,0.6019713704116808,5.505836260090737,6.613871136429208,8.910301980104444,10.817829441058429,10.943450782912455,9.381015222483864,10.885889793452641,11.228208852605455,9.532970112667494,12.883826532413552,10.808570408823465,9.088331852293054,country
1.8711846968081471,-17.958273965027903,-8.245223157183768,-1.3232295824252551,0.587132992906482,-5.841874552060983,-2.790064817538693,4.343352434368913,-1.3209103432191454,8.426257217785718,0.20635444225806654,-1.760803961887141,-0.5426964090499473,0.2788612096711439,3.383829411125177,6.3927282951707145,6.537549714916132,7.179635034003327,8.95221380209718,9.07299278896279,8.2495013171566,9.2015359695829,8.023090490725735,7.893164005536067,8.580371714843196,7.972265694696623,country
-1.942320284610912,-1.8783149204551617,-8.399787888761912,7.1042894866618145,-7.42591723705492,-11.16619378085882,-10.847815765729447,-4.199286712726472,-9.064337364076174,-4.237611097561091,-1.9862946716890348,-2.3233160810080578,3.1808096516806934,1.4731771235053532,8.970449119239165,11.569642863191575,11.329862902500805,11.954673981299994,10.23737402950817,14.688197121389306,13.724962050199327,13.666727429194832,12.853100048601613,10.533821233585119,11.434272439328744,9.945456697830895,country
-1.4960411826548827,-11.60603682186476,-6.63306349375413,-2.8343798248529497,0.10672943491901296,-10.107382992890187,2.722577843170549,2.0855525600369873,-7.5441608898760615,8.948976758113112,-4.23378900547189,3.485176015491364,5.2806412191871015,1.951345476048637,9.952040894511658,11.701848032101399,11.03363729488224,13.139679589485313,14.761956155423468,15.122339256749214,13.510737740254244,13.838499884330071,15.139050034677522,11.515813231990787,15.103330204733258,10.72980861619548,country
-1.2742300625913485,1.6427066205676426,-7.662319143697284,1.168323853509271,-8.660209586365522,-8.117736401605313,-16.271439052988402,-5.747648744919735,-5.88696305401988,-3.857649240255862,-2.8208083902877186,2.880093450135043,-0.573278986930445,1.1200670132888644,9.5953487064157,7.928012177764112,9.834092424993736,11.32760920704487,7.855974715708383,12.434687873718758,13.119762081404215,10.16195118757691,10.631947589624135,11.054417323981468,8.919139813855274,8.518329924752386,country
-1.2357357487352014,-12.421257930718705,-10.432872477210058,-5.269793700826835,0.5483752515965766,-8.14392715654016,0.8759620227335128,-3.3520590656243887,-4.907433805053975,2.190384173915459,-2.9358157477051976,-3.042207641298823,-4.001965593602459,1.2321935015570726,6.400718927190029,9.963905133141548,6.940231696721764,10.333634722735502,10.354598263887969,11.942101733552452,9.740771693009824,10.302216125513098,11.422367784060453,9.180256644242695,8.63864074718871,8.114257698262806,country
-0.23745678212888938,-12.465626319616888,-2.1303991892460292,-5.544886476542614,-1.4416070310604152,-4.231243433735678,1.8745368375262654,-6.9406331229466405,-2.6380576694433673,-0.5906803577678821,-6.262694576782243,0.20942864365204958,-4.138038665841515,1.2466992877959073,7.420532542925101,8.472974875787076,9.133493662201573,9.866184049835974,9.85497054977554,9.801124928971014,8.718607500735986,10.074509498336534,9.445541853175888,9.739776415319962,8.916479940321741,8.94838358167104,country
0.025820144227793912,-4.194324548093673,-10.554161145523224,4.23868739546373,-13.512010008431393,-4.357284764697796,-17.540856807389613,3.7843876796536438,-7.705461700239163,-2.106610255587534,-9.067792864477566,-4.5045625467397175,-1.549142681240141,1.0675829175327112,8.522877967007053,9.591240925932844,6.0461178443152,8.95419264559316,7.299249045741448,10.1106866371069,9.773200123847401,11.445429928684272,9.693850144389412,9.309251097228508,8.35779110163497,8.232752819122906,country
-1.5636651417374143,6.9976381046661515,-12.333112400796194,14.75904545411703,-15.291333923033514,-14.419107287370494,-21.01664938158819,-9.56374448959109,-6.420130665125453,-8.13681623873936,7.362572990440166,-4.365926324291906,-7.258680758641633,1.249140801288035,9.06732000983379,13.432464480038268,9.678811080075016,10.862300472761676,9.289761024128234,9.934647303154419,11.11818980226236,9.307649968055529,10.591464186642149,11.495224073612565,8.48805515747282,8.402980817714027,country
-0.9156125889665753,3.148699938112272,-7.530131299248115,-0.15613498259737646,-6.971067161941778,-13.392818904109378,-10.032347017514223,-5.136973972248773,-7.79792220581427,-3.8728240560511833,-4.824757372442641,1.2690085375427793,-0.9650244742087821,0.9388635491262743,10.339978182430158,6.496665549202125,7.87315086212652,7.56152268148626,7.413895925070916,7.176862822809972,10.32113355249785,8.835532016681695,10.577715487336814,9.235043038144502,8.6938246786964,7.6838981385830465,country
-0.9216025614721781,-5.045526597551738,-13.298821858569823,-5.842710532260545,6.390479882987659,-2.2891226536815235,-5.292865972022215,-4.309757314874339,-7.589843503926283,-1.7242497118338587,-10.884779115169334,-1.900654015704608,-7.895978389008817,1.1158979549500936,6.4580045422853365,9.188347833118177,8.004371575795288,10.759239241932676,11.025095634578927,13.165870269020454,9.659585353345742,11.399898195668278,11.388379733123175,10.04853214095933,9.218879633510761,7.7074006320480075,country
-2.853448459796737,13.656192832735366,-15.175450682132675,-0.4755561934718677,5.094572711215595,-11.683885134102425,-3.7395195500389926,-3.6500771571652493,-11.730477353002188,-1.2826418430067308,-3.5068776241061768,-3.1534169875607314,-0.8419120431114482,2.102777760618227,7.804918494797104,12.54770462678111,13.376724936437416,10.9481666769684,13.0841708048205,13.344023256015953,11.225985097226248,10.825860065431115,9.933049580505095,10.003867981734668,8.466193829777263,8.577432957677205,country
-0.7936744681933251,-9.683187471506525,2.8406703211527167,10.604031301987861,-7.394046854880373,5.603479336141073,-7.83090058748193,2.701174517414874,-11.634745777741141,-0.1790514543354491,-1.5230002940595584,2.529551643779103,-4.576952109630041,1.9435532904806674,10.296347956354376,8.104026384313732,12.560862883129978,11.529553999221633,8.950150525634557,12.108167259547866,10.94499884695736,13.54552373881478,13.137847378796002,11.497935509253713,9.944876098930813,8.98546227768288,country
-1.8402665809198913,13.765800129523823,-13.709077522963721,4.567786172605872,-0.8612508788898192,-7.0489255088501785,-12.050033678991854,-9.931410733072708,-7.158095658445979,-3.245435292039899,-3.6862848805760757,0.5554359595835245,-4.045708365043735,1.3203148713357284,5.959843220178966,8.796312676624119,10.600635251397712,12.742982051591657,9.436962032404812,13.863069240486046,12.992939418028694,10.368487788113324,10.286922468105145,11.99182667741872,9.270847848260333,9.011880073560674,country
-2.034795876417592,-1.0506284401864234,-8.87622520744673,6.01085173231742,-1.2050732728059455,-17.635043423183443,-9.224403069215384,-2.0178127624882647,-13.74999091177889,-4.116863040273031,-2.434101383031668,-3.1336887531670095,-1.9743882865183426,1.4117885731899358,5.828944664452581,10.248107580959175,10.08286008804016,12.776933459861203,14.473276709298569,12.894149767248352,13.283777946607087,12.199223235780142,12.935368876662238,13.948862093429629,10.693512382841103,8.887244025582,country
-3.90068950774227,2.0481861131955306,10.653631467068609,1.118810643416256,5.873039083629448,-2.3605625610231846,-5.740839117777724,0.8711320396567347,-0.8487397527145061,-2.394494494119077,-3.512372834923292,-0.5541267715392723,-2.8132016107526807,1.7309253878481978,8.242812092986727,12.14660507440989,10.797400823735645,11.681196144036424,9.415511966426296,12.073988657695198,9.760099108151396,10.299217153186312,11.345294712576573,12.616479573503412,10.430440950933813,8.233078545390015,country
-1.2008576587370126,0.9552378276335396,-13.643736835219823,7.192687893877348,-7.612993399818003,-9.69814764128839,-15.721534220044312,-5.924477970953338,-9.392099150397858,-1.612772467582561,-10.515631315035506,5.143361665813586,1.9208564413918943,1.9106188191229443,11.196016593567727,10.794635279587686,10.64547973190147,16.91704938056964,12.882377357423122,19.90891834618114,11.128042088367817,13.237774172521762,11.937766952398238,10.84803177571215,10.530452708964193,9.096975426114115,country
-2.8208031046743085,1.6554119847123554,-6.6176551602054605,3.0812345542981765,-2.391478714145738,0.48371210463179026,-7.781483994078859,-8.050452524463392,-8.628027442044193,-4.471137940943852,-6.5024938872088525,-1.0858749800979115,-6.317206862604561,1.5290822411679383,8.584188266215257,8.583133699804337,9.950933036078995,10.64329659693644,11.176006036177196,11.594461193736093,10.31086956672717,9.858598922958754,9.583633238925428,10.055879848920446,8.224717362253333,9.369427339361497,country
-1.5638342399308307,9.258652189843218,-10.838822713387268,-1.756826470832359,-1.4677935104527375,-7.2430475540013095,-4.803489314810278,-1.054375371330902,-9.856526360648465,-1.6151638804179904,-1.6322232863482469,1.878459615961893,3.638080103912879,1.217074672131361,9.132038479599927,9.079082975256746,11.837765129879584,12.86348250593292,11.986454638958993,13.03876901255588,13.961804582933173,12.097703523684887,13.041034878769073,11.893137386265726,10.032627085748546,9.960137927652987,country
-0.572721852473611,-3.334183234126853,-18.225723463886737,2.4377492949056934,-0.6168932647805774,-11.652347213130561,-0.8338960189704766,-5.392814756339292,-5.165363533552353,-0.6508029954744184,-2.9844885729453448,-1.6142386469443584,-5.962120435610868,1.0899338552324649,6.105203369564462,10.323959607681497,8.460830325179487,10.435859781777928,9.798769701722987,11.954002386650536,8.878155841204679,9.122865230572414,8.51609551132744,7.676579123336348,8.48257570314346,7.805410249289805,country
-1.3810551682185908,3.9408327201467066,-13.356973903992012,1.605008155368552,-2.361642706072392,-12.688471118696777,-8.340127455260541,-6.4659632575368295,-7.487287700171967,1.4269421900773551,-2.8171745357108056,-9.276008880506321,1.0791473136204572,1.0699075557449553,5.129866407019195,8.500629082317083,8.476281457204024,9.890759184794794,9.29713393622275,9.368963386083372,9.520771967902892,10.748977384568308,10.228635653397031,9.274480757756727,11.82447697034902,9.393097337973218,country
-1.7105002121908517,10.49916653981675,-13.99263712763412,-0.521729782371188,-3.9648706181730935,-16.315881277003825,-12.895401510223683,-2.9413884477761125,-7.565205359175046,-4.812427098619696,2.2019042096001256,1.0486712317524705,-7.4297395032306435,1.301914587253745,6.989351053983074,9.564277296494707,9.047602390554292,11.144926950769625,9.674697929668865,9.70801016655219,11.463337689810118,9.886172004215416,8.843306418837749,10.74104465703073,7.845659676335733,10.322024678310038,country
-2.48345692648989,5.841730263704999,6.935356063838333,0.4323522914242689,-8.575583068843523,-11.423584137375956,-16.40059919460177,-13.92651136314127,-10.060837655388896,-2.776399549115944,-2.7840340921295876,1.0048672256919058,0.8061706245443225,1.3769742726171925,9.290188571702512,8.699722252412453,7.765359579012172,8.913368707477613,10.567951048732223,12.757127299417123,12.211882587071207,12.238264987996807,12.20659378302705,12.14474575375333,12.582315784428815,10.600231117246969,country
-0.7493732754279283,-3.6550810418206092,-16.849829823184553,1.6199391260884084,-6.185140991804703,-12.812642857151255,-5.542383096415253,-3.0424814833549774,-4.121905004750038,6.937124496421717,0.05640067695398435,1.8974415358538463,2.007185482608421,1.179523537777084,8.21048869274312,8.404010323699326,7.958064456787631,9.391861474253494,9.557210447668183,12.296339415957377,10.242949008737268,10.210712162763887,11.277124605739044,9.274054632371197,9.047875845292856,8.772739795583202,country
-2.342226043648146,-3.6713317156252083,-7.248767280452164,10.158877740893486,-7.166344208301261,0.38499762362756124,0.7124092918159739,2.5038443543660023,-6.670339399428786,0.06369545960621181,-5.598001580357844,1.0612758817737025,-0.7602631503541405,1.6027167176403514,9.180239031554224,9.207600609562514,8.834185674144711,11.574246373782985,8.480923675941035,11.620574502770195,10.738060559655667,10.637223401428738,10.587390380535467,10.543873058960367,9.427802622016493,9.492517637683402,country
-0.7683641212307321,-10.08549990310497,-13.530132759804578,5.00089124299925,-12.266649610009717,-5.6270379614522845,-2.2114968605607888,-5.353745268402687,-4.053127388096013,0.805891899691983,-6.063244224207044,1.065099103138023,0.6290103670816883,1.7394085995488524,7.888019996089621,11.420759142591985,12.127599641378003,10.683091580756777,12.766819398792952,13.45791196309124,12.044586726899137,10.74832981259807,13.700135593135698,10.722416246967546,9.467438917936203,8.764413106114977,country
-1.0219561389481324,-9.72723686178102,-11.418417224094808,-6.571946841944079,1.6767606968175348,-3.3307343088901713,-2.599392698589766,1.707589218772658,1.8289910965733835,-2.174163622689667,-0.21622885331775146,-2.8138895756154976,-4.3150069706302485,1.5466341866023754,8.87838763548091,11.153975655705082,8.742822808488006,11.036917496943268,12.91601199624867,11.23374939763908,10.242338951174855,10.936385993921437,11.459719620402721,12.402892213966314,10.01233893929467,9.848340077413711,country
-0.7302443702381702,-7.0687122039312875,-10.029161666635623,-3.2037418495650845,7.184085576335369,-16.27908194519415,-0.9945289214698212,2.193389811915082,-18.969764869600017,4.815460262781489,1.965706520690097,-5.583405061570938,-2.6092455943807926,1.0624676601083585,6.962628693953932,7.6776095344036985,10.539936837543117,10.939269984407222,11.572553046211173,9.50294281720472,11.826677084690028,10.11948430022752,13.415897904526027,9.30758458183942,10.449306545239965,8.410632374744495,country
-3.0855355334092716,-2.896000235328628,-11.526009567150323,13.290593470777349,-1.3969915728054945,0.5045363002853526,-4.435732282457573,-1.5869188416050604,-7.893106674484643,-0.8810134718364137,-4.975863129111196,0.12455011460469506,-5.304801387181315,1.8908015868827002,10.464236073708125,11.845307546738267,11.357094623993222,13.225324809180826,14.327223727872523,12.478193032817604,11.69892536498856,9.799863030949782,9.995695514317152,11.126160891111072,11.094076020221571,8.792381089119326,country
-1.7002104653881236,-4.031265974147901,-6.484626155047274,-2.5683186477177795,8.516455821256088,-5.800785166947613,-9.43392786610818,-6.088408473162941,-8.973424488203028,2.966045204655295,0.20914808973977128,-5.14525443701581,-2.043211592786581,1.3067588361980154,8.497053247148962,9.1818627851598,9.520069740602104,11.868412328914813,11.248158442054063,10.247503426205233,11.105399959916344,9.306312228176674,9.690432384117798,8.430110463265423,8.545763053685715,8.047342447338007,country
-0.7590790652408432,-12.795633625007685,-4.93042917319179,-5.652451793312697,-3.4185740328008714,-0.258788668391857,0.23401867358844183,5.200204019224498,-1.2078161903419264,-2.1279544008993714,4.341488261651153,-3.285849235329159,-3.6755545293476373,1.147463587103513,6.598265876049078,8.60297857774586,9.431385478034723,8.14794218560746,10.979216109771334,10.491710573365769,10.728262417375063,10.141829233948084,11.283107427213181,10.26980031178347,9.692381372379282,8.588430465012216,country
0.7558400686667178,-22.492261760552505,-6.00633110328649,5.756433764640299,-0.8917255002521747,-6.86578605852564,-4.982563894923836,2.372369765821021,1.5340678252917337,-1.4502675668241152,0.41869423976938014,3.5688114603664807,-0.43129558124783235,1.133280859303403,6.083430857428207,8.763531561607088,8.564732440344068,10.098277903449734,7.634591275414536,11.570162020668393,10.102359035732645,9.147209439727732,8.90304984155966,8.0859718140267,7.889770095075614,7.006107067738954,country
-0.6224987779644936,-9.437438512588152,-10.248181805915975,1.7053202358476012,-5.307737264579373,-11.061338339540278,-0.4774557331572124,1.6455702224210342,-5.795456322505234,-4.310739685378584,-5.907698546534812,-1.8190294193230918,-2.12636074922384,1.2123962034667586,6.416827153978477,8.80416323422367,10.032764331015054,12.749861358177588,9.552650357916171,12.468040180196342,10.688748101106187,10.166313368961292,9.868011241039088,9.978414116955161,9.56526565264787,7.331218554598557,country
-0.5070948129864674,-10.35083467182201,-1.6972309804264871,3.9183018450710856,9.23002860492835,-11.533188415806041,1.3058499669107038,1.2294049040992308,-8.89871599201321,-0.36209815335686196,1.9802852865382945,0.4032503873095185,-0.16195274852376423,1.4419431180854634,8.129119699043889,9.341568427472257,8.20566551295246,8.616280502991245,11.206074735572622,8.285070071546059,11.245119253830268,12.080523395324436,9.215257493336564,11.016576964641969,7.953054322321476,7.750240310583423,country
-0.6350771006016256,-9.481948569554289,-3.41962836714249,3.1469454915958885,1.0413812827104532,-1.2487154511162322,-5.998187920293715,-11.674762134643865,-5.190433830049409,0.9967584840830017,-6.943072645606778,-1.8623584178052508,2.8183837946903054,0.9348282403838363,5.7846775176901515,7.0187927546235445,7.449987886577779,8.873966895114279,9.266170570666334,7.371659674322311,8.629408745545586,7.954844401586392,10.248907282949752,9.711757812690243,8.501097869095846,8.284857370445176,country
-0.21634198197608456,-9.955535793642541,-17.806242676095017,-5.4089622979277285,-0.5778492831037304,-1.7775451491272456,-6.840149454687332,-2.6957413447779244,-3.39696402926661,-0.6026644388552946,-1.520161298159009,-5.391322379314707,1.1835470744823509,1.1759723667377102,7.344296788081708,8.579914658489269,8.462061341032987,10.126904779649447,9.013794146326479,11.887441558631446,9.687922744037625,9.56906570980504,10.060787945499793,9.053583527761011,8.507243174654407,8.617037714448385,country
-1.6059830703514928,1.6989462560291155,-10.488752232337305,-7.442426495724049,7.117176450046892,-5.369652758345934,-2.025901088733639,-3.0333801252424206,-4.216310691990355,-0.055311104514607856,7.49324162230986,3.0183834015093884,1.3870296352456337,1.628622749417378,9.155257052585942,10.13751098953509,10.879627316702548,12.75867180363963,14.214676573950227,11.892433590560923,10.332230994407247,9.045221186950913,10.868483538623819,9.880975065923417,9.027671407804407,8.95509335809987,country
0.16618607083108228,-12.486343210290793,-14.313467418600569,-5.175028957278125,-2.3902862635219453,-11.239795317183116,-7.300937345036116,-1.6125996529130886,-1.5249264033733623,6.251823142961167,-2.7720787309931105,1.2379504280490916,-1.0082923226285205,1.1098123645570022,7.607651701640342,8.925342923129648,10.930348939649669,8.786884439982549,11.241174525951232,12.358849483518584,9.555761569710862,13.8213522369708,11.53541592301807,10.028163309499295,11.44875195856017,8.498235426985557,country
0.017440706490852668,-3.9094998581840277,-21.656489855968278,16.942653716815318,-7.10125753670052,-13.137128837846847,-9.33096813269592,-2.4921886370153867,-4.071326575270916,-4.633592244732702,8.753674084458936,-8.920572951394082,-5.67196242519642,1.44068198977215,7.245749322693214,8.711270363701795,9.261859920268824,12.592203296462301,10.384559102662438,10.578107054067495,11.32116040913356,12.315145852533226,10.851098524836798,14.36665725110751,8.95202976164829,10.608105890988298,country
-0.3237505805519838,0.9590280246701904,-23.978086668239435,7.889588908472737,-6.948195187976791,-6.929787727987772,6.614673100661903,-9.083094106360395,-4.468272390136751,1.6445274204201954,-13.61523699506474,5.17305699706207,-8.900404753553184,1.3355318908633345,6.99199216077929,8.840119641458623,11.446636192315939,9.18142648873116,10.888954319834976,10.993865090283132,8.880826153231967,10.876901281576801,10.399338712666324,11.705743544953815,11.268888216188394,10.318052146351649,country
-1.1774454261847789,-3.0373142518819276,-1.99458317999154,0.34823731685935994,0.5353657648519115,-17.329165798062203,1.7833036473911665,-8.716892942807405,-15.753642676790907,3.1911185911860867,-4.267987402503373,-1.0642522891531894,2.1782137919130244,1.4952972823371147,7.2171682761257925,9.337410878986868,9.049246009098038,11.0413707510148,12.805507216537968,10.711269902732692,9.318859846788195,10.966166735882567,14.01080030692169,10.869729665447846,9.975237967971967,10.160729999744223,country
-0.3537514779376741,3.9301252575226204,-17.32933423453017,-4.9401011416658225,-10.466380459083657,-11.074834136021915,-9.929224802057703,-0.5054862905505152,-1.9550378423260688,-3.1691821648433733,4.184419888238254,-3.2715707458840213,-1.0332497448090536,1.1520306900300634,8.1295785157998,8.681730953519567,7.942016629242716,11.367975538478007,10.454968384950488,11.88650882427759,10.843937706397615,10.97110040515485,10.47390686706386,9.214551989317782,9.93203327923914,8.614179890925708,country
-0.9047470507083561,-1.5198136854724213,-12.147732244634055,6.257492352378071,-13.38925267599438,3.5841648800214068,-11.734308900461325,8.667454035322674,-13.510794825367682,8.898641433331933,-7.378589159437291,3.209152368215622,-6.0445573372209065,1.156576080793546,8.592456927507886,9.412435449429656,9.829400255055473,9.73266191327395,11.42902901591276,10.61273720002087,9.47976942357622,10.282157512307544,9.168353747063934,13.827802104645635,8.77577786095884,7.262742333243919,country
-1.5744435105151275,2.4801553822095324,-11.64851553265979,10.282277476841555,-5.453910328096431,5.408118021316664,-18.122699640664635,8.817799615316627,-18.982187224284587,8.402855111061347,-10.11575240793588,0.06274326492415336,-8.541229357116427,1.2535904633987422,8.50379428515807,9.726006336212553,9.562686474583638,11.50250305025631,11.555245241527023,12.639398480421844,10.885298789393493,10.404657475729072,11.554074040741146,12.665175590881393,10.040014137163176,9.555303676915905,country
-2.425912909573708,6.432039508810804,-4.258823777244412,10.711470991332606,-11.181612377611563,3.882822233970202,-4.857916396723357,13.616388064570039,-17.10474126621041,9.849491763035855,-2.2699304907738127,3.9551665530735227,-3.9016767572264834,1.363546376409754,7.51584304382556,8.487321556137832,10.000810474826592,13.513026878236094,10.812755501295623,11.546440602283731,10.399208237807214,11.780734529165214,12.346232034907404,10.689722614024607,13.190080849744477,8.715333054151639,country
-0.23494607394051417,-8.703491511690851,-11.838790715323398,8.45931171598088,-13.968597414552589,1.8664713343007417,-18.138654736620158,6.22926129995846,-16.565650536646864,8.474734194969146,-11.086885062787049,4.803922652932484,-10.66423958315402,0.8988003183205164,5.768383359816272,6.612920510184426,9.893000376473388,7.491824825874831,7.772097636240457,9.220251043013455,8.732556684031811,9.020180522710449,10.018760541602646,8.38633204027307,7.872456379081177,7.373409226585545,country
-1.268056404794193,-2.480606005630056,-4.763367952506323,14.792138158312165,-8.37689102537775,5.167597516675698,-16.812195145947516,7.5472489620450975,-19.27564144920351,3.287089161157541,-7.684751649268792,2.1972476135928383,-11.277971744572943,1.1582903378422615,7.2014380739840735,6.845673652156692,8.470637833293589,9.42939589835776,10.741695223720706,11.414483001461159,10.483605519534876,10.918459761622591,10.394544740773219,11.973192722092522,10.378267604422573,8.787407218814511,country
-0.33075098415001936,-2.7865627817936534,-12.633574713116694,2.052031394442904,-12.662995846518987,2.982251116537242,-16.247915039096835,7.926517700205188,-15.692640617006779,10.025360596940512,-8.629382538339032,5.119900120383515,-5.597914595339399,0.8851657122441345,6.332986517916255,6.6410490345526245,6.085495798205663,9.384206146020448,8.691472351875428,8.543065847014134,7.417314238702901,9.148562918704217,7.005173191678649,8.733494991010739,8.287654056824449,7.826780733937932,country
-1.2249975474973662,0.12737997634940723,-5.425758676090631,9.11379351485205,-10.296271259868155,3.9395052758878606,-10.549301915384097,10.403570515445413,-13.030524144935148,14.373876344514949,-7.329071145342136,0.6674066163548381,-8.595006649835348,1.5949828879737886,7.389283126298999,11.54074104321878,8.969618641541787,11.38364610414363,13.072499406984322,9.495159272952199,8.490745901617034,11.988363076231169,10.023658417242272,10.658969481525165,11.217260313711373,8.66700913352949,country
-1.4037282816369068,-0.22630868314418304,-11.623164386761731,8.054976825250572,-10.651059590381523,-0.03826886560810955,-7.864535321011413,4.469892884433558,-18.74859037957687,8.329695458265029,-14.854906774881213,5.8997367996840655,-4.533785930386281,1.5278664790136485,8.00662126004686,9.289355152905392,9.39868898304285,8.389415017073985,13.606412100750905,11.779704889735608,8.99309648997114,10.191228831370525,10.791441744566194,11.090532964574797,9.919506566903182,7.941406196908509,country
-0.8068245025655333,-2.409021806370411,-6.355610019064509,7.980701212825682,-17.558130758660916,-0.28849680236761027,-13.536211873420395,10.209449267958323,-13.753017317091427,5.249261679643797,-4.439207327085272,5.399751145609837,-11.519954535020927,1.2747442893460075,7.444158457538838,9.579096918038003,9.990085750621539,9.257884669989199,10.445688248372768,9.227614985824038,9.41615569454004,10.51221790090075,9.000402153124393,10.926259164203735,8.618701186708028,8.343757381903744,country
-1.3448626212854968,0.8346747523353253,3.558999748119414,12.095474175985938,-12.387896950318853,-0.5878955996909205,-18.51716674859727,9.527000528465246,-12.270866685132608,2.7797013327216997,-5.083603926059083,2.7117807146182566,-8.126827256888271,1.7874909756089468,11.904018854151387,9.78833826082551,12.07740825116201,14.094921486123079,11.64982786821149,16.315800274571075,11.376323223990788,12.024729404987172,11.12013944490235,10.876209927623547,9.910246412719282,9.69489485854923,country
-2.034127647755837,2.5479884538686792,-1.1261566002414036,9.975252047188429,-5.4559074566225805,5.585342442351256,-13.661118232320396,12.730622624467387,-12.473581534527437,9.233047251638391,-6.960690239546016,6.483647448229335,-6.2042448079843915,1.479580102519089,10.042363357711398,7.535404662630542,8.181171423047692,10.012452814412732,12.578389319473235,10.52050473505863,9.52459258163732,13.686654162468711,10.804607355878083,11.052626956082284,9.956473062269836,7.235777937426943,country
-1.925581916925652,3.5890706046128362,-2.9972546718736206,8.582103254554456,-11.079737516610919,3.3652514267768296,-17.77907336845769,7.770006664176697,-12.176299001129687,5.617444586969341,-6.419908012953398,6.468460433027359,-7.7816099092988615,1.4729002650589922,9.491725185141087,8.417994412269147,8.397191766674062,9.05029363121202,8.902469202317699,9.361616250120743,9.63625927010241,11.107237802592289,8.968810066053909,9.845819670091394,9.535343452791682,7.6767159800355556,country
-0.11799259230461782,-7.040011506484877,-10.639881955698822,3.1286033708339662,-15.865253095829638,4.003216751209205,-16.415466141749324,10.537683178050678,-11.15270974777074,8.773547430176645,-5.023550494925945,3.5554502849256253,-9.599757695119072,1.0088177640745475,6.224090610066968,7.408589471579298,10.261561494344472,8.769997634036613,9.638477531935157,9.99305871443766,10.020464678805268,9.742355393078098,9.29511912148686,9.608656990522613,8.63617480408814,7.822171077287023,country
-1.860001608533883,0.8857330876144645,-3.4572455611077917,9.23605909327857,-12.486355637819713,2.919868253535013,-17.09739535462413,11.596850295388286,-14.582878499459289,3.0125891460674135,-4.244644512146961,6.286888417976686,-4.035111526285404,1.6667110673250685,12.606953868837403,8.746824364651362,11.418404511387962,10.831122778645959,11.435668399675963,13.56619103904608,13.171294552429169,13.578206695465159,13.644263137542818,15.985871791148627,10.301172846688063,10.352594099830853,country
-0.9049067654647733,3.485212083240379,-11.509640252567147,2.5304809928746734,-12.380174511949319,1.3454294260201525,-20.71123227287433,10.490020520702785,-11.914070246708253,0.061953221185336645,-7.069754347255341,6.990794285360179,-8.850749111438349,1.3628770452550174,8.127567539155889,8.98538863499768,11.93002484655741,12.074387327565951,10.652140076448125,10.500252922706846,13.636235824055918,11.553890191453128,11.455712308138969,13.51336111760747,10.50820606352389,9.756198001684622,country
-2.9343613490015747,17.90037541382284,-10.875885705596799,7.687632017814756,-10.130468819439592,-1.529816514044828,-5.445865066640292,-1.795111772013136,-13.476656113257478,1.329221221946703,-14.802657264375792,6.1538694143922354,-9.530846583022216,1.8424465669905832,8.879238227254188,11.793183340207367,13.226991730296898,14.47380436400819,12.655836446937766,12.179438524631385,12.997302222306347,11.520740987826112,10.549886694681462,11.221163692579239,10.440494176661787,9.83945487106646,country
-0.4589084275772155,2.043678805168273,-26.152098499267918,-1.4110718903040145,-11.33147670883595,10.963947526775234,-7.93651027457956,9.397712839176508,-12.812323534855985,7.545810980443361,-6.151363534733269,3.7124607608991567,-6.751150223234333,1.077392335353116,6.383346266204853,6.927786581068544,8.471226060764067,8.487528495419982,14.357164422594598,10.262737221765578,9.265704646826151,9.891292470819085,10.377327263519673,10.428014326836598,9.613421691186952,9.658663794383655,country
-3.828333009707934,16.42304038447084,-1.7700496191200226,6.219707036933183,-6.971291240552484,0.4835526647212496,-7.248659533293509,6.190326565431941,-24.121894529996737,-0.6745341357524016,-10.663204707179027,3.6817144594872855,-6.858383001264025,1.94353651464366,9.717865235290052,13.150927649605135,11.163338272700145,12.840950752264604,14.438415564399293,12.039449162938114,15.452725321041061,11.405211371226551,9.893316279488156,11.098887329783057,11.05551374546746,11.759430299507116,country
-2.7373445282673137,12.030194739893163,-14.266785618223444,3.277373141012876,-10.006239280174363,6.50786623411822,-6.2321134794601685,10.574448473577156,-10.724474429069032,2.711782734076789,-11.344863070670554,1.5216614522558078,-8.277017483161659,1.3311977819005396,9.189006257671068,8.379007753904864,11.252843195828842,8.954665061085416,10.084679183329332,10.078039561365257,10.585442559771348,12.199936052425533,9.57125376415529,10.433849460356255,8.485201788112608,8.742332320883039,country
-2.459356795437255,4.493962131413178,-18.189790667237986,15.118803482668579,-5.1121799447700615,1.956642947881409,-13.429033434128181,11.032623084303879,-9.867838066353919,8.192273646168653,-9.695882099068587,6.958795362990827,-3.479282261801148,1.0672475823135064,7.784002883288627,6.1843354492764995,9.265292153871117,9.1929191184919,8.923200171060554,12.206540935748539,11.84982427298001,8.967787438292309,9.630111354374607,10.086457678718732,10.46814896187033,9.93890274848672,country
-0.5267439454112426,-1.9643096612754316,-19.445588778639085,6.058774184112162,-15.778688994363929,11.291617644296275,-11.339819414320006,5.771944777039674,-13.12214810452731,7.975025279892507,-9.441288254831711,7.742158990581946,-5.642790213700143,1.2946231867327553,8.23817155776371,8.310409710517895,9.287932322283282,8.315959619326938,11.277499245419959,12.292019774124162,9.874340748305872,11.26766845644199,10.386545873978909,9.167551130867748,9.008004401866602,9.340208475991066,country
-1.8480202124984912,12.772706005063275,-19.048325308749376,-0.4899652981585249,-11.828291739028822,-6.915940991443869,-10.116740961074616,-1.6602195010571799,-20.090664479064653,2.220164182914218,-14.579231652552359,3.399738348896334,-13.302464568609912,1.7808007793845704,12.32276290506111,9.234519371062419,8.465895919788435,12.681570053774825,11.633960182707215,13.117206372466384,9.806993855415294,11.305321777191844,11.28531584325948,10.916598959778199,11.455236599460054,12.099869718642164,country
-0.5316486435936336,0.702371967285698,-17.171674611418666,0.8841957469293006,-20.493706718853584,-3.254371643086427,-10.603397260393118,8.322523290919078,-17.626500139820923,5.6221809911070135,-9.01845919425944,8.639518293748864,-8.471504750033086,1.121533400626715,6.351185980855237,8.479625757575583,9.03247447749286,9.870237219715806,11.679744979602848,14.059966444192556,11.995012005290272,12.324083676207021,9.484757215968399,8.651574170393777,10.549179070585339,7.900802724348825,country
-1.8725979894778773,2.179126063782521,-13.4549980710731,9.246721419771415,-9.818269005489313,4.052948379846746,-12.820458215278096,1.9959913371117046,-18.638241391333352,8.790698557572885,-15.888522305863521,7.567893096665916,-8.715204843534597,1.3104677088362335,8.563716659768211,9.582496380689197,8.179679508092544,9.950148990976201,11.644424106379821,11.088130261275916,12.096798383275962,10.303404273708693,9.861576960747588,9.973921909932162,9.228191490100167,8.632581862319403,country
-2.6426930325320424,5.4901744248943976,-16.57362974769857,6.120644906099482,-10.64450761378319,4.54196273202117,-9.995600349186699,3.65315987728218,-17.985078217662593,7.421579597337959,-8.142949116752106,10.713625206009674,-9.762920201681396,2.480841417147597,12.093858911627256,8.648233908950484,9.384125226596868,11.106608768763461,9.246270453580351,13.62971589995622,12.297845007858674,11.510765755217884,11.869529915333636,9.654094685135425,9.771359705653039,11.881199696831168,country
0.287919218320616,-8.189536691092695,-14.046636783626198,4.8106582792171215,-13.604611585075618,17.040163879227595,-8.580218254573515,5.10646480909208,-17.17895575712223,5.8370393601933515,-7.044991859761772,9.453064079983962,-8.132336182572967,0.9876466148506408,5.329797264812352,6.732364021014557,6.9194382006647075,7.330217195383463,8.44155253632415,9.986765460671473,9.397433661021447,10.13053917431131,9.383924984526063,9.245097600247236,9.124184841565864,7.675823650920028,country
-1.5224201063820846,12.577440475725599,-17.680013096979433,7.878751477178055,-14.255653835562354,-4.636971940794795,-7.656014687544382,1.8422570805139764,-13.62998332970279,1.3670619437457348,-9.5561910835459,6.142437707995314,-4.384357380740689,1.9139550120216422,14.273480573701988,11.557969940333033,12.342033697977014,12.428943187892715,13.066259310501712,13.468204112884669,13.432893109359773,11.691822631253498,10.212543002838293,12.256310093252006,10.224671441517227,10.575395913301866,country
-0.4545209255242961,6.392794236411491,-26.73244331444174,-2.616564361961535,-15.442722383369716,-6.947455483349594,-2.6943495588587068,9.218137206487963,-15.097388907876478,9.509952661568311,-12.17161177371857,4.007761197136089,-8.206299868361363,1.0246590235817579,6.6538553857538725,7.532951289113658,6.741245458392755,8.047441241318529,11.379041333799046,13.011589249322006,11.306602514890676,9.763420539212154,9.930559302873643,10.554405758170859,9.416433411721153,8.87595955787892,country
-4.686129665480953,11.528415543129674,-12.657333457572097,7.034684134529307,-14.52766746561828,8.880004428085705,-2.8256027833764428,7.310955048308938,-8.3434261444265,9.1893740313062,-7.711593250248706,10.122842516718451,-3.2130146017429224,2.067378372413291,9.934038940236547,11.373753975343643,9.675734121652775,9.95415911936747,11.475422409142285,12.730290914501524,12.449436889628835,11.566174198145651,10.051089911165517,9.971813863958664,11.423257826788806,11.256075125096244,country
-2.0612617091626064,18.228748318416336,-7.674059598802116,-2.5359993177304583,-12.265730006462503,-6.118695259387769,-15.12601447415019,1.5655637353386171,-15.931245867894063,0.5571283398861288,-15.98699274869585,4.407484384307983,-10.522315422523695,1.4221134812585774,12.424707156335776,10.681972823999036,10.132009173395689,11.578028577726633,10.838154711158507,15.54920345765974,14.74878230101264,12.259848827289561,13.391261776877199,9.887698031966483,10.033049101391487,9.035964692090408,country
-0.7429634069976335,-4.2158556993304375,-10.385157198781553,5.323632132098478,-7.559181359472639,6.307509728753611,-10.654462205530981,9.597629215443218,-22.229951521115616,9.665624476886967,-14.231431547636465,7.362453848461561,-5.6992615127712165,1.475931877644744,8.846558711269523,10.376627571165798,8.469510379409725,8.58943310054092,10.60748506837124,14.231832272240876,12.957010279258807,9.392221908112537,9.883695956819126,9.22546528708569,8.532870412708343,8.111550314608944,country
-0.32087172829393384,-6.10827164275721,-13.986917555882062,6.075437878419904,-7.597324912698465,-1.275748877485815,-19.25252741325034,3.2064892931518463,-15.018011447931023,11.298638064961759,-8.785925628298372,5.6562633948903756,-6.344474569171901,1.1577914290451505,7.817165925149571,8.120901634994606,9.940218947700657,10.616070030416097,9.667849521697404,11.775229106887428,9.675343372192069,10.074648030896528,10.63908920703883,10.726544390450512,9.302724507223024,8.792510622825738,country
-0.15686722408547868,-8.378685063954915,-11.643585778215243,8.346978241220006,-9.047829113291106,-0.9353824716963336,-19.98391993069249,2.344711695370896,-15.83650572172501,11.310600392574225,-12.33335486355515,4.966026554034279,-6.291689858334444,0.9139199606624414,6.978082867530641,8.55862575918318,10.355219179424543,10.35086196479299,10.721986109738726,11.974106141254314,10.240353548899275,10.01794122640036,11.33825308382169,10.607241954076898,8.47611412308295,8.612279653462208,country
-1.4216954328884588,5.09226951062817,-13.555767459897773,6.852758610386802,-6.427345039105861,-1.1889357558727396,-17.426712911138342,4.8563712066821365,-12.534340299463235,12.114512866690625,-8.387928804246798,8.049364360357815,-1.0671947022671369,1.333393029849724,8.77025389902948,9.417963126312701,9.322952669278056,10.564058348256992,9.90555926845576,12.573517097151658,10.188592773469829,11.361074184802275,11.214124714597887,10.920478678348678,8.88731346677972,9.407546106291871,country
-0.23282517302976685,-3.9527641850287463,-16.0625331592001,10.010142523254366,-8.563681040907378,-4.498390412177288,-20.398340793495308,-2.5690216957458136,-14.253723030723922,8.585233170142665,-10.455722638891425,5.989145741571885,-5.2862255011572294,1.0365026725998392,7.015297154422116,7.734287116530266,10.619641991512697,9.835544656805748,9.256548869895568,11.606203959495918,9.720236722380234,10.276115885124607,10.489439367886687,11.170313243776745,8.75794075715132,8.793685326947784,country
-1.0622440802214943,1.0214016574359217,-14.994465882724626,7.7665049829350465,-4.876691108145951,4.198995235272065,-11.105228922660816,7.6981488492615755,-12.249149400559787,11.383235176506746,-5.855723527564394,7.017009940858562,-3.3078636510498587,1.4496342403825584,7.416368888137632,11.61568679566435,11.27919885147983,11.73920023135577,12.495397507549214,13.940375595825008,10.501228579491801,13.269169450305377,11.734083935305165,12.643973901582592,10.019895182521392,10.290588015733178,country
-1.1435721003414687,-3.73159738628167,-11.991982684153207,10.652020295146112,-5.02843580013872,-0.450422236243952,-14.934467613998107,1.9885880053478622,-13.76605497153716,9.818752246839624,-9.146161240104,3.8714559326066382,-5.911893019991826,1.1718324074581359,7.778074906760261,9.164560220027509,10.878152360510967,10.138027563686938,11.286817509153478,12.180680931324767,11.690727648307984,11.439892907394956,11.158605027963045,11.590596125706151,9.370644611297864,9.674155858742825,country
-1.7144608577753009,1.6996434090950558,-15.961772860266842,5.363606450339602,-8.224016632008707,0.8884447995836369,-14.812255039158487,1.6302166282188852,-13.023296248668682,13.772112479579514,-9.102694749174333,3.876408764834228,-6.545410561417587,1.6777524825112096,8.454597883057826,9.54748771831245,11.76600064662967,10.76443745310697,11.882831897936658,11.921668622345875,9.786208180196128,11.446335823258627,11.531101693351271,12.778510183600307,9.33333700467586,9.7483818192134,country
-1.2470983867858436,-0.37352104842915984,-10.716080015621653,8.666402297705126,-6.518756627129274,1.5974309185792623,-16.289631221121983,5.594282851570514,-12.172193386957066,7.055477625330771,-7.256091857599994,8.284646107887728,-5.9260183939133135,1.277385944208845,6.9183837242124415,9.94855461040052,9.910685295260775,10.01286279834265,11.69249103890999,12.309760269064537,11.456361453291516,11.1678076214342,11.715730477320474,12.608939945822105,10.406692130730743,9.6423152409253,country
-2.196374154222725,6.882425054706281,-10.682851257474832,3.965439015130357,-3.7640453003650696,1.0249306802123703,-10.805450011667727,5.562237646774383,-14.449705423052421,12.273884112047845,-6.20417049684921,8.792039061299306,-2.7345917819598795,1.680151386012934,10.347240997002151,8.768336544886825,10.268934210945206,11.36024074545142,11.41893053542712,13.485993506757087,12.663715983567867,12.828075386156078,11.202311290527314,10.692104646753629,9.518782005807033,9.224074376077498,country
-0.5751141388788507,-3.4668042895171025,-18.7913013885942,9.527230677394513,-6.333003839188771,-1.1328547238072846,-17.551954200232935,1.902046060376845,-13.471242136951181,12.228245947825718,-10.521233696673725,6.445180900783323,-6.358777677189273,0.9673656202314286,7.469932026459555,7.849649070066647,9.365229271958512,10.16806606336891,9.214296213395857,10.44322834241319,10.111425050282822,10.55162048950487,11.656281209253208,9.374087791549023,8.807385736612643,9.13465429014464,country
-2.1049408219027654,2.2668663628581194,-16.367674186315927,10.445161859118318,-8.435080094191381,0.02171769230867309,-12.229848982413804,5.379470147806158,-13.128334537140315,8.871398124933407,-6.519277078048535,4.523002280897437,-2.3222608100108726,1.6764717388361234,8.753517409677741,10.100871716757663,9.11736552069884,11.91635361420755,14.093606236386488,13.742997002200779,12.86842016321614,10.824559438303995,12.94807032257796,12.449304535213825,10.076834847255892,10.718653126047005,country
0.32112660795479236,-9.10617823784691,-17.029807452846963,16.43515860369588,-12.349478700476311,0.6387425641353016,-22.366529288504307,-2.047980432325002,-16.321027762274063,6.7908185704294,-7.1060143125483455,5.529046437716163,-7.002073881988036,0.6887514209934104,4.527627086768868,6.68090349714133,6.869936794600264,6.230571716439183,7.34953123327784,8.504024001373459,8.422242553688125,8.411258030852695,8.093457870509036,8.149614602403878,8.179886617179225,6.73489322213856,country
-1.443614252834677,4.108694747225425,-15.901145850893666,9.292756948282019,-14.927568658188331,-8.284995477501672,-17.60803786644435,3.9640250092424045,-18.376369402365192,2.7030024308428526,-10.965006464283556,6.374350069977583,-3.0968548898236348,1.6034322161685233,8.194179898462695,9.486560124611854,10.978467330067442,12.484939050706783,11.89522782910747,15.355687261829088,12.812617390206212,13.207075927647674,12.370540218686605,14.328837889382498,10.368525428599895,12.094789088934272,country
-0.651590397981028,4.641733886660094,-15.762516486606344,10.047665366626887,-3.157195531091366,4.141692852742166,-17.040003182530974,9.61175236900565,-15.465244346177187,8.706775742433821,-6.899190454662038,5.422552858386216,-1.4279567981982273,1.112377636797205,8.957562724615933,9.410838940486059,9.339237985483887,10.391755468521671,10.646035406946694,11.268042577680363,10.018485172672703,9.473632189279531,11.194615549268457,8.960205215150774,9.889270751850377,8.275104369789183,country
-0.9056962341544892,3.610194330887615,-17.024434701796956,9.45877290460245,-7.717604685500117,2.55521573881588,-18.07691422355102,11.692454677202456,-19.76987688916142,5.542409367891602,-6.321221533306814,6.570904347767722,-0.014562367412008372,1.3983298368566224,8.803337647128668,8.041222031759737,8.866448993804116,10.340899153034156,13.298466049677693,11.837260809242842,11.9838464687352,12.662654804186692,10.627524109019875,11.126830117847714,10.220629527175879,9.344288022041603,country
0.1738909037968307,0.3648826321906939,-20.863283635432325,4.5994349872621445,-2.3388556697220695,3.1702649306719644,-14.032911649409423,8.38546384654146,-17.141008288793486,7.007338949854895,-10.304491235538096,8.767132602569335,-1.0418235885503169,1.1592028214521348,7.604925264681788,9.427832551276525,8.752685874565216,8.307032159751431,9.39102165976643,11.815858184045883,9.702456446886863,10.266121127119186,13.598562026059902,9.030637450379277,9.859505004398377,7.775780213419443,country
-1.1844946874527564,2.585179410985599,-14.781829811145476,11.094354503803373,0.6218077384153403,1.1745182641150433,-15.666508230847482,9.823199802035747,-17.35062607870824,11.241421068753732,-7.442936141884824,8.550418431294299,2.579021769520808,1.6710980685384298,9.788225772856888,10.510853517738472,9.232611018977343,11.599548828908798,11.325915368024946,12.079247196878136,11.082049076794052,11.014818163688691,11.889891523481456,10.115745028027685,11.320292067179745,9.734442958038507,country
-0.9500518854077826,4.959351762399263,-16.74327382987427,9.038877942158582,-10.532347766606701,-0.6033399473771108,-17.183835213272538,4.208107652326776,-20.641966956615665,4.010202570590759,-7.544986420027895,9.355013643035072,-0.3981232468004734,1.1108967674141244,7.916610512337397,8.807314493910829,9.909513955841831,11.122871439469554,10.566342033039126,11.485222302059842,11.028209048060866,10.085127137024157,13.708719169964402,10.391583729831979,11.384995376069362,10.007232041796165,country
0.37121169390757885,-6.951124635027732,-15.212335989160051,6.292135423743041,-9.992482531774705,2.8189322760119357,-13.651377693197729,7.68483164063409,-15.126023169065087,9.673988371938654,-8.733873782721636,5.549239046907025,-4.993685822562667,1.0742282317147993,7.5035954261895,8.419642120609302,7.957021097575754,8.49761602314959,8.45571098007729,9.100723782659646,9.485334878268368,10.58181838126261,9.59647127215405,8.6112324072091,9.071023110438258,8.412369105378609,country
-0.6561366620020895,-7.612929862536039,-1.5307190716397023,-5.686256990571257,-3.77666125436991,3.529311323508044,-5.331561843021073,-2.10682796799924,-1.8442631154134135,-6.608357421792835,-3.4045797147358616,-5.71104896711665,-3.4030303375938007,1.48763642060503,11.614916624707027,11.52753220684651,10.823638435888382,10.207838726042173,10.178941899176895,10.798806650966112,9.991244809537402,8.561977732873075,8.916886257051967,9.378311537054405,9.023144302055071,8.124070894183866,disco
1.5765172722199403,-19.16719386263008,-13.102641203630448,-2.393639642516516,0.6223729569000421,6.0028175830648145,3.704715214260195,0.11900370330937972,-5.773479000815433,5.678723081971428,-1.3240738809990797,-2.039805973505927,-2.6609320814810045,0.9209909399497008,6.991489896902741,10.615448145162675,9.511322390814904,8.236833328641861,10.527144041456053,10.597578565508115,9.418449311733,10.201155814579316,10.044980553901196,8.307839250664607,7.913153468399651,7.721604431629706,disco
0.9438125219224512,-17.547742465553956,2.2412712501738814,-6.957599031289868,5.8046960164401264,-3.658797968406401,-3.5895030752143358,1.3288810870025045,-4.106167618543001,1.3937487113599687,8.976502596783543,0.7779798953279716,-5.0152457056004796,0.7250065181412385,4.653751983433662,7.498031207786886,9.237062458872497,8.611491429580145,9.367833439029177,10.338777873408988,8.606861359201622,9.879402632058413,8.909038212288285,10.482802445828897,8.669444107898059,8.633737320855655,disco
1.157629063925454,-19.230651747705956,-6.57914367317435,10.986699457939746,3.997146630850215,9.537957314272143,-1.0873052648855894,5.746328256131959,-2.0700451492412526,5.91465379368484,-3.762949040975037,3.741819628377014,-2.3048695251379496,1.4560972921767483,8.24876171588367,12.75024320539826,8.816926958744803,9.022044744196515,10.225017302414123,7.289416922049337,7.392859900812568,7.43072415230178,8.207676486358586,7.673987650117862,6.928089284074745,7.859093756753209,disco
-0.2888137315019299,-17.095125648795225,-7.045987509996169,-11.747243107562804,-8.208475774461855,-3.388642825186042,-1.5782649812559968,-0.5487621034498908,-5.854369833329391,-2.0228133169113045,3.154583294943008,-2.4789421175965587,1.3030863386792697,0.8921211455815595,5.738464965182521,9.365914386690154,9.034203180038734,10.207705661034296,9.34880912366452,9.598907485519959,10.19385031095039,9.219541912377847,10.406110841679668,9.790579766388863,8.731507785549612,8.438816267464091,disco
1.4637785159015784,-13.673201454928565,-13.938190087630273,0.7435427000508258,0.37064933572326964,-6.257604980883942,2.8021579208636145,11.767883935364011,-7.6520958171390445,5.963893498931023,3.3810465403016154,-2.368882660129361,-3.6477253663568527,0.9791222501371145,7.204261072259838,8.681176328886139,10.020613721236936,9.27378087375341,9.938343029816384,11.8405787684895,9.843458840680514,9.99481956818436,8.928387030604735,8.07276804083056,9.266947504231197,7.004075775175114,disco
1.4778695058904052,-16.472248332082685,-15.97102828994857,4.860620164345434,-6.699277004959372,-0.12598329148685422,6.077021755126056,2.410090217281279,-9.002042911984617,4.858673388020887,-4.138338731347755,-0.03509607558763565,-3.6253628791036943,0.6192933117976325,5.069795763771426,7.66031445070801,8.920150532156374,8.90730613798444,8.45285251343873,11.109228685610457,8.35730340826786,9.094653092302293,8.815407034189073,8.33743376044124,8.89361239150738,7.711147509402815,disco
0.27411537098985694,-16.390838007235974,-10.279884689267128,4.357137614137431,-5.144515887877207,2.975286921287009,0.43218603058090516,-3.017577176720881,-4.598810537024477,0.6261461041085185,-0.6641131387275041,1.0977045180560112,0.6777532763307239,1.2865375307383047,8.277879172538439,8.985569043635792,10.758436878583087,9.666097338412301,9.897927599058285,11.303521500353181,9.555963372930323,9.351515261718268,9.174454492101326,9.052418154370491,7.516098246619476,6.613448104064789,disco
1.1077092455647966,-16.42626691387291,-19.98775314356716,2.0846751661564404,-0.6004354702875164,1.1821264691456987,-7.7042908531884295,3.5117572594592086,-6.3558987819471335,0.34926123980309676,-1.1669047782275175,-0.8955921295289735,-1.687371681846132,0.9835703965850883,5.956466535819459,9.718247388596518,8.992950048541488,9.957569339845739,9.805748736468564,13.10148799136487,10.051144270099181,11.808931436648793,9.65229862202441,10.741509490944512,8.593611169448245,8.931243195337242,disco
-0.03168661823067178,-15.710563652743831,-15.823841838357142,2.8637434886106554,1.4068364587738635,-0.7717272505326919,-12.284819157935212,1.515405828217788,-4.045227286610683,-3.5027353633542635,-6.987153083760964,-5.681023949776001,-0.1781518709753605,1.5076692745335456,8.224283846380795,11.358663995581677,7.804218188841881,9.899919548087967,7.850071526054229,9.063343841293648,8.419063785047497,9.046491109227901,8.703431910817924,8.722693026836826,7.424920015909162,6.762032116312115,disco
1.4253232853281341,-17.52137037600134,-14.77847743906778,0.8584346292188739,-0.48221079505196285,4.268301108519535,0.39815279255086233,5.751672478267072,-2.389191736495182,4.303691773077737,0.9063321881007103,0.9267434599906813,-3.633855150040631,0.7831990406950996,5.596491158573625,8.613080796097192,8.274869252615867,11.736977770573521,8.748776200618469,11.180103930493603,9.506086080399983,10.17712825776703,9.481104515163,8.750365088195526,8.633377021870666,9.382077055693939,disco
0.498007835086933,-15.588948268723666,-1.2122480814878522,-4.659585992863227,-0.4517467028234403,3.7969187235832864,-0.13501417349112813,11.03879445888706,-3.9639575937440736,1.1264747633135195,-2.326343144021191,-9.12646195498953,-4.4673504396842505,0.9814294399779293,7.059927887906103,8.922123381022443,8.736485640319758,7.654072273410426,11.378121538296513,12.080664300766205,11.554061350728135,10.20188902018569,10.011055520844815,10.764130843713998,8.476649432971273,7.741039101082502,disco
0.8579674597441379,-15.040471430163533,-14.083615910510298,-2.2440281371897086,3.0565764106510604,1.581379581272399,-3.7933453455402066,7.015563144840197,-4.900168158594858,7.84610672639314,0.23074601130040817,-1.4227297752844024,0.11753844193974301,1.2625851234826655,7.1331555858970646,9.442066509370866,10.551356261771323,10.513731812714315,12.303110999633331,11.346046393537517,11.851517774986759,11.791647866432232,9.948628631351298,9.722644463303565,9.858688517896892,8.927724449461905,disco
0.8380208963375522,-18.63239092922608,0.929365163997769,4.18159663522781,-5.355121945789959,-4.869041875059128,-5.496607545934325,-1.4022470450752968,-1.1506723338207443,-0.6849365624528861,-3.874541988736214,-6.803858972624752,-5.38178252481339,1.2740889075984243,5.775409147140345,8.193600779138109,8.508875220612591,8.155185416610788,8.497285325960505,11.28271165653605,7.32602532705744,10.908939251018557,10.14988142601806,9.197412809321158,8.65598504573727,8.282140741632706,disco
1.5300622147748861,-17.208627476823555,-8.522298892127342,1.2881553144368896,-2.3836602771203323,-2.125893279131648,1.6961377683312748,5.569438503702455,-2.5844334996364777,7.300290318120195,-3.7496768077255775,-1.295727093920709,0.18056747372465026,0.8290379414936275,5.843033965533957,6.856947518181935,6.899208451699365,7.1670648049905665,7.751537971352507,7.514818987929959,6.787039662571449,8.841405345019608,9.248274203559,6.68257684586561,6.36753067879994,8.496087193711478,disco
0.3318377241503236,-5.51185217376569,-0.7331168756525105,-10.083784565013444,-6.461339925618838,-11.754537757271043,1.826483906875684,2.457601556957375,-11.715530890069472,-4.17950786335654,3.474968958721703,-1.823694141802401,-0.25583148361502095,1.0337625322273385,9.12153468247651,9.90806712056582,8.836002905274084,9.828107210751593,8.634220785343071,11.550828200654236,9.94573856722664,10.477902547726176,12.546901039844064,9.973692494124828,8.038496894678781,8.96840041304082,disco
0.7385888452997161,-11.17534442146771,-9.88576160766692,2.3034650179541267,1.24266242379695,-4.757199748745047,-4.891867773861018,8.850623680688232,-1.0748335986744375,5.969976423691861,2.598617014145106,-0.12917173791105802,0.1932195305260912,1.0795382973062635,7.714173121644112,9.266489933419201,8.11592095862231,7.657549847506395,9.078177353376187,11.529601601038113,9.450117311227421,9.987356885555025,9.920435710180097,9.215463900247483,8.932869705964196,8.647128888135367,disco
-1.0226107055551013,-8.973360947224194,-7.932068312904468,-4.484692904687374,-5.319298697129823,-10.769162401123973,-8.643620706056556,-5.581735804995991,-9.468670814199427,-4.092202230362836,-1.6335868825979643,-2.341269006307803,-1.7883139105077523,1.3616003034985336,8.625338853090911,9.954176051550753,10.21327209506484,10.20686744371688,10.326068422403864,9.707780406175452,9.582815534229535,10.27258355743386,9.05180783520464,9.885112114206276,8.140969135485516,7.848583231214721,disco
0.013966212658531612,-14.722796116941296,-3.9733210859300883,-13.925959210297398,-4.310968274651166,1.0698799128989411,-0.3175576171740265,-1.3754241528584228,-10.33947078361606,7.246312263636126,1.4514030789333137,3.483414989896562,0.216832708131359,1.2435727693778575,6.596012317801499,11.390435707080371,11.962156176798247,10.109008349514474,13.416489299556876,13.996371500869671,11.726042364626542,13.761733931612927,11.304826737612997,10.837381358988875,9.33703125414428,9.646958023082579,disco
-0.71600942113812,-2.5600215608628947,-20.26672084823738,-4.313350431945454,6.570635278506611,4.83039563302863,-0.24872650241408906,1.3864725988838904,0.33650674004296177,6.492898797018684,0.8783706560092442,-2.4905726175792084,0.06003139409091813,1.9743733826793148,12.904396540495291,12.70975727989722,9.90784643893932,11.604271880006236,7.4359915458345505,11.18514129346823,8.543827479973908,7.516431782402495,8.488967485177973,7.837284704830009,6.748767156488466,6.65498807973428,disco
-0.17629484462637388,-4.601465277392548,-16.334584412389,5.574092928544962,-14.20019996681051,2.1177955690034387,-10.82445233951875,0.5377860582025001,-7.102174096170301,1.2493976011681645,-8.582315987279479,-0.08114779518495031,-2.0064049014757486,1.102992604452325,10.66840837431029,9.197222785763078,9.102571628788679,10.661079417392454,8.645692425372424,9.995272280719568,10.73937169230297,8.712476866478372,9.248775586251242,10.082677730273955,9.607452945585418,8.51313473329083,disco
-0.5138676323563816,-14.022253018465854,5.311239902534521,-7.670244537769088,1.1222332039546625,-4.205810853522227,-2.8705261337305257,1.1681138266578608,-3.5479552632893907,0.8964075576995258,-1.913115788670031,-2.1321926564118687,-3.5369850797572253,1.379027057295635,7.174898086584215,13.236737257637534,10.573367903570949,7.654755856358416,9.355741599980645,8.86859606165859,8.445475755373378,11.104212078744435,8.81931554375917,7.715127669852275,7.948830158956162,8.002692531717955,disco
0.604908198442301,-20.06433089874983,1.1421304749564816,3.9492802038986126,0.032988354896665635,-8.475873681316072,0.7515601673271068,-0.8472735761251351,-4.6998183054114655,-3.3136844375173617,-0.2067228243810374,-0.9593826800838021,-3.675401251341447,1.167577707676939,6.285757402618156,7.596665146420412,9.620048587942422,10.744392070826418,9.15827725081965,9.466004361443959,10.326904491903779,8.23873348877249,9.313146481111772,9.100471492514876,7.695703200268598,7.1925573484138345,disco
0.5661144202229157,-17.380881533264787,-5.253836996154737,-2.1457324458723157,-3.3904668245079463,-7.414513548025846,-6.945914919497763,-1.7328722276066981,-8.327167243617803,1.062880979140094,-3.7495604751005502,-3.8164517046210964,-0.6595006751457501,1.2428531167552093,8.00193428367056,8.43409329344671,9.834250539620864,10.390008949969495,10.664898794389696,10.108319280915023,10.068114802152882,9.230807177115421,9.741896228349276,8.643260270341052,7.760490259178462,8.042454390687668,disco
-0.3916842892150527,-10.309155388048882,-13.629064190370201,-12.904159528477713,0.4647298714789426,-4.236354166272803,-1.2178580285978626,3.9212126356811496,-2.635284813561162,0.3114801777890731,1.4479213635807453,-3.812895953094221,-2.842413902122775,1.0788592524028633,6.250084217462192,7.985215163728137,8.116581013233382,7.549896937963793,9.263373982464216,9.174947472509425,9.21981252938356,9.384017673132005,9.306008480552537,8.653028111937985,9.775721254975243,7.743739347443726,disco
-1.388978309665423,-7.659993926094294,-11.03262875838332,-6.883081456522753,-6.770389335091977,-10.469375280430343,-3.578981820941989,-4.309976037105963,-5.29946144707874,-1.7800890841763495,-4.889592789760321,-3.4606360570506998,-2.7138934512974737,1.483320849862192,8.794053410556618,8.01647387709553,9.735651524813484,8.712395580569833,12.686839527576868,11.39724825379616,11.16954579398265,11.59380839781147,10.972388349990817,10.259197909131759,9.10127466750978,7.546734395189426,disco
0.13208332685792382,-14.993226699855967,-3.6866500128411945,-2.4076612358208718,-0.9937634138613527,-2.640911504078437,-3.2060660943317605,-1.3800104175397747,-3.3198762342180146,2.7383559857556516,-4.215480877969277,-0.24730240605899284,0.17465802750767742,1.2632582564465615,7.687020641361366,9.181789866506383,11.107606542022143,9.887765882708214,10.945664471145841,10.876904541866805,9.793061778011465,10.549082098946899,10.205787527668878,9.74728236738931,9.448162416048747,7.865859921284361,disco
-1.5841549772322088,-15.682562772284161,3.3232192868328387,6.331482373019757,9.366840105085771,2.983960327336291,0.7412520615099137,0.2764358922138074,-0.10096084231461445,1.4027547589289788,4.970139952004006,0.08513294205944204,4.202971583741131,1.7204674692722577,10.102023807277392,16.30025679005825,10.890844513616347,12.646886382867528,12.440235289338792,12.090049093987911,11.504960181672129,11.443379671088131,10.415274983805283,9.423801366039234,8.582362408600403,8.76229043006965,disco
1.0288510915133298,-19.935186466828767,-4.08319064542039,-6.516908005640031,5.479075967549333,0.38926411644143827,-2.0749489404100014,0.43109497212443887,-2.5183387478505157,-4.003647602644704,1.7669676690571534,3.5599911424088666,-5.1347313477740775,1.1722080066058762,6.194806742896926,8.727219032386627,8.870750063942495,8.319721212837472,7.305564965389669,9.988531479039247,9.48509336489889,8.492100060911467,8.93557343799422,9.452354602768807,7.699557143136442,8.389258018322149,disco
0.205854823966573,-14.647171272504501,-9.865700399182463,-9.870426231473337,-1.7379976522883922,-5.371201173698758,8.440435185422116,-4.660332774519597,-6.2794081826767325,0.5018357128116476,-4.5535313547090555,-3.2008047562541546,0.2724092969938641,1.100525822478123,5.234025936094414,7.453625738861518,9.273160350195687,9.898802361314994,11.008016040654317,11.848346522680608,10.059548007078531,11.33252423701761,10.349020321758818,9.587328698183416,8.633841269385314,8.086108709922552,disco
0.4021775008601857,-16.6305875857637,-4.493581990590295,-2.136229091767828,4.016932690628635,0.9116119047487564,-1.78210031258252,-0.09981286060813414,-2.7737297467058757,-4.363938192533077,1.7337858609024617,-2.044190065490079,-4.914582859307189,1.1785347961363954,6.121239345967296,6.645475823746931,9.293861093788134,9.826274367491092,8.499958703118958,9.790754428752594,9.670771680179396,7.088913908483649,8.664981532750417,7.95543852636978,8.50573363877125,6.799629038378912,disco
0.09295455874133184,-17.703000932388928,-11.940141461862485,-4.582586811920427,-2.21285045136222,-2.74113390243978,-0.012093936470607079,-9.793578211374976,-7.614098098489319,-0.2451567661150591,-2.9006939816011696,-3.767508620616057,-2.6358873424527447,1.0325143851244372,5.301161289693381,8.06621494922803,9.980395568038425,9.500425993888674,10.606516546914055,10.066642949152946,10.424475673356337,9.363253024657832,8.580596914248817,9.747738504407495,8.163573049840293,7.406367735242028,disco
-0.9886161419099595,-9.306477778144249,-17.319850812689527,-10.156497854019438,-2.006698332647805,5.276281193505192,-1.615460249387854,-4.087189251667253,-6.095667814639729,2.0625065265766285,-0.9333701932314926,-2.064304140160727,-0.9241279854805883,1.5579328981506788,8.421670217975198,10.885124072642022,10.90509564209171,10.557152230284455,10.648277343893088,12.159776269877716,10.615625435518078,10.014009053389028,9.082101025758067,8.84415731280065,10.15637993177822,7.547266863880387,disco
0.5226682211181498,-10.257243238509375,-15.702965830128816,5.468663785454858,-5.659547843482433,-4.317504885750522,-5.807909240132468,5.410095917104146,-2.473331555857347,7.3140157933211,2.3415321835456604,4.915558844825885,-1.3534353884984358,0.9690881064179837,7.965516018210311,10.367726753043769,9.403202921051243,8.062027062970415,8.336498201406618,9.326400813967902,8.744426895893309,8.768689458677935,10.053891286175624,9.024912299546274,7.921685104941221,8.18552112787059,disco
0.378340833367375,-19.71554811212892,-1.2576547725085492,-7.039028603844843,-4.60453507208921,-3.0973749180257633,-4.969830438088692,-6.043236893689364,-7.99296694243081,0.07318418877680571,-7.2854539266360625,-1.5136243205664264,-2.275397145185672,0.694350433794059,3.9466801286689575,8.93784272857524,9.929140459148416,9.863697437179841,11.532230623773655,12.27733816555665,9.390016660655297,11.197907220847693,9.434513148804545,9.85874170884554,9.026173014193546,8.167415150739751,disco
0.6576448924983003,-18.260221918092125,-2.755138720832195,-7.570145601074768,2.438947522834399,-1.5277804563128563,-0.6457772251558818,2.129318509091568,-6.904466381480998,-4.989390326094976,4.030562739733688,0.6213861309853176,-5.1749687329649445,1.2052638848044623,7.1154628071716886,9.072292139145812,8.960434427628284,8.903414256482046,8.024454097775825,9.980087466079997,8.630581939424683,9.282452040563982,9.279496864141702,10.680356263812845,7.685896224882718,8.109972562696635,disco
1.0438856998970782,-18.91062441663899,-5.829398880191753,-4.012464729033296,-2.1917536262100996,0.6263488406401488,-0.529853778650811,2.2228363841361283,-0.3565828175103577,4.806723807851098,0.04120376515952529,-1.8140828077584075,-2.4948525317611536,0.989732500152284,5.335428809249388,8.228659829623563,8.015492912159788,8.287061559046537,9.536952861090075,9.247346916466837,8.438614896028422,9.442926462120008,8.650166182668295,8.357987746440834,8.846914070715602,8.042275542271888,disco
1.0376664762317869,-20.597728063891665,-6.119189637524261,-5.609532514621493,5.492748695342125,0.7364248105210615,-2.4970170830322576,-0.34160440584528096,-1.3016968990376063,-4.271738711904073,1.9489347871976728,3.8524603062771736,-4.070567346742564,1.0802438255060545,4.79919892624714,7.089114410309498,7.9863724473178275,8.795300240808958,7.908229839881533,10.149118728116607,8.265389925075977,7.705868664568901,10.597929350098967,9.472762981672656,7.215380028361949,9.16341277670757,disco
0.2575549379292403,-17.746345209571547,-12.18413162392468,-7.601855338647285,-0.7002855144498327,-5.595589544446853,1.8038186517635506,2.3663056682898898,-8.34801070050488,-7.340371392048719,-1.3911540519335133,-0.5448524082954813,-3.1195775987389123,1.0026408578734112,6.3884233189518245,9.644331331966077,10.144911291932054,8.815342688254587,11.651801013836819,10.879819269137446,10.153157624569817,11.15793185663824,10.837919244210239,8.412515064873514,9.812562136797174,9.443582000150053,disco
-0.38094039572956057,-7.03494814422478,-16.89986845903851,1.273466552793166,-9.920471383395556,-7.9242253106668015,5.244406785031413,2.5382712553420577,2.7654038485206534,1.5333402888082082,-1.0965108838427717,-3.606656716297814,1.8503324197339288,0.9172437838109477,7.859473114634733,12.609726564220813,10.064658110521487,8.911680079121139,11.12989393056831,10.093118466413268,10.959236528542554,11.9987639447647,9.846023447323745,11.899159441094444,8.699796175506236,8.427623184305043,disco
-0.34864327777723686,-12.2421921506447,-12.170625548057078,-0.1639038717605501,-10.75938601116258,3.87088304965149,5.595469392042794,-1.0389007715136274,-4.856694263942901,4.081667582428348,1.932090706333527,-0.7718107156886226,1.9560599073674523,1.3240990361476233,7.140269524760671,8.314704271688354,10.543915782539424,11.023050666314367,9.200256920817953,14.215017371872706,10.769974514551487,11.679958086299253,9.777698312228253,9.923733739370592,9.81254007344988,8.718719979543563,disco
-1.1716072341280326,0.1503836206497259,3.4041374619826867,-2.698189083830903,-1.9667249047072206,-10.429869602772504,-7.0568603439496265,-4.651584570010265,-3.737636570000473,-4.640098051785156,2.599393374337641,-0.015614102636510908,2.185057129104766,1.2649118255018776,8.61541407650359,8.969926664774846,9.50267496948165,9.668564526899651,8.882113921126432,10.540230852846111,8.362049967970636,9.928096079337628,9.77365668117181,9.842759953998511,7.570261082755677,7.368554391106424,disco
-0.0822529206676849,-9.050940651655955,-16.69909785282509,-3.91435671618571,-7.669226782200572,-1.1540122520719187,-6.619761757407701,6.106226722354611,-4.106098264882104,0.9639693964371405,0.8631893059469935,-0.2457061213426458,-0.5133254869795657,1.2671919646882874,7.15737496748229,9.563597016666492,7.525473420241441,6.674346018978365,9.21236214362376,9.13620062069887,7.645642088101213,8.405909699300263,7.504275030507113,7.815817797515085,7.6127369229357695,7.118305948231292,disco
0.461255976485097,-11.739574495485575,-7.9673723529168505,1.456709557388202,-3.296116201230065,-2.5958737772980083,5.293532767564493,-2.5722077132864607,-3.705635062690242,6.0363711985706,7.204800373678118,-1.2605348317973495,0.5208905268340986,1.5380349867540795,10.694326661112475,12.863830679972528,9.846379238894553,10.61428973554047,9.532922076787749,11.007138302449235,11.442378281781258,10.386130962159234,10.622430160169358,8.769942425573428,9.223978379542112,8.063722720022378,disco
-0.3520319510486119,-6.480432178177566,-15.177531753951028,-10.234169302545137,-3.019753612559929,-7.184178445061333,-4.369900992266533,-0.3467443675392319,-5.651132849888078,-3.0886495735444504,-0.6636862956583164,-3.1513754766831514,-4.61610821163654,1.3677205194918438,8.609987610681536,9.512170005931317,10.181631097991136,10.406280047482303,10.909666193099786,13.198895694955558,8.99134143683102,9.499637063832628,9.332490734932824,8.620217590434702,8.193831237844059,8.589804855808362,disco
-0.6404578986885814,-5.707161750949178,-12.591194161819514,-4.905959119555271,-7.038598647076549,-2.708217831784268,-3.358064019089705,-1.9044729285426034,-7.380789740819886,-5.999467506600643,-0.9703851275772758,-2.835310719796773,0.5177315356738117,1.3782350762251254,10.78294597099038,9.499607365621594,8.79733001358485,10.436075017058078,10.98147175845937,11.04189826958126,8.272522372202452,8.260856624231534,8.16904017082665,8.289993608852665,8.079375802195477,7.04749598627771,disco
-0.9408339679366263,-8.437306794048643,-14.318143390166325,1.513476677779574,-12.65838438220838,5.861598988585967,-5.676885215440025,10.149379006801098,-14.75363758179362,13.66268035085031,-13.408550363809193,8.699734269931016,-7.299349246991532,1.444069429271991,7.055950095005779,11.779885744734843,11.625591072713227,10.652431043741492,12.821869464440633,14.20076794910231,10.811938796902773,12.55955151842034,11.224640063772823,10.647326655853497,10.465794037468005,9.07033860440201,disco
-1.84764048459701,3.784224743241779,-26.097526109517666,1.7788583386113201,-16.250960942026023,-10.690877940978503,-18.845272421391755,-1.3980671448007103,-21.0891794302597,12.914413692664679,-17.03962484217914,0.7376550523535599,-3.53082757379405,1.9542978091471075,7.919370721584787,13.200021699736105,11.6452748870875,9.660952782993025,11.948209186860375,15.988925320060712,10.60538901967934,12.459399088468546,14.342819976793477,11.131395546468347,13.909528235190164,9.244903738290471,disco
-0.08963984600584565,-13.224836227982806,-22.453051117278154,11.9388866367884,-5.353499473978372,9.049373514771155,-12.42439540409314,17.775248572939176,-10.986392910040806,7.693356340837238,-7.226810195956143,7.309358403040168,-6.862800835412744,1.2033217065349315,6.952950933899093,10.873572180714364,10.218576179319745,11.186961687857911,10.986765024928228,11.30446351155925,10.064164424158799,9.740529613465242,10.992346720118563,8.746463075479353,9.062520314948076,7.813904631124778,disco
0.40091067520269763,-10.16852218364617,-15.655301562539277,6.19640652403954,-14.97624959271313,5.879481194031828,-10.603460423304796,5.073292831492047,-16.783826054387784,8.807881266503081,-10.647100506755514,3.8256150702624883,-10.639346073759445,1.530416647673503,10.143074488844823,10.697097656110449,8.127525771683947,8.957914198496926,8.050713635014839,11.4450716600964,8.32441529714314,8.458598565927796,9.1901017012963,8.30609718435169,7.403073834373361,7.51067592462015,disco
0.5313754513314457,-10.256934729110233,-18.656065077135658,0.45011749725019695,-13.196888498318371,11.012609678417054,-10.376662514374514,9.457034743656422,-11.63327471617938,11.62920153960739,-7.3254951145576825,10.240907863774682,-7.993488034086029,0.8857799959815733,5.921030055626226,8.285105879515347,6.9678159513538755,7.946546242893289,8.01326680382655,9.672908210153237,7.8540343581687075,8.443481879446036,8.226869879144633,7.272113021129061,7.109610592298683,6.68067543791226,disco
0.1300928654516112,-13.572202758871267,-19.568473511484715,3.2322251824107315,-15.10602972323664,10.104067347259104,-9.938592989112314,10.34312907071394,-10.849168320893332,12.02586973439401,-7.447923055551087,9.737631109262164,-8.4643361724731,0.9863233660818153,5.861790583654426,8.161513587140002,6.806653105369001,7.922909869741923,7.825872751880393,9.506926114862562,7.737178581736032,8.15937020249981,7.886013826662718,6.9486829451553636,6.943828281679071,6.553101850572466,disco
0.19207959582566922,-12.83560892017715,-24.504712386701208,0.9058315826069053,-12.436176518594507,5.946826844841594,-24.03998278804374,10.234166135906682,-16.03882218182256,7.062786722140238,-13.268209994315688,4.593672066072824,-6.963824059914474,0.9521482673533453,5.533212851444819,8.184197004162918,8.426966659922886,9.8662229192662,9.506941024044156,10.387708894325732,9.712177211767921,9.414068146449194,9.717000696243364,10.066177082117983,8.720634818392368,7.6467801840228224,disco
0.12782648508149158,-17.07669739156353,2.808886378609118,9.516642320950119,-5.782258578412844,19.767792899915158,-14.274672587949253,21.113454721062098,-18.35587165467939,16.024856483416333,-11.948593562830615,12.883216889241327,-6.216850048684801,1.7780889122647476,10.985675546548594,17.831664007864052,10.39534320439112,9.66734856244951,9.055888516188316,8.214876379746638,8.91885761073805,8.847741084299784,9.200306755292525,7.7490420134075215,6.356654629520977,6.709721065301758,disco
-1.5197078232453776,-13.5552826033748,-2.0599410717224265,12.740131307109184,-2.2170760114460397,-5.486529403749677,-10.810356539675158,11.437645052793577,-16.43327042086828,7.111043938372503,-14.48938156054119,-0.6681111903069193,-7.9171922021212895,1.6692220447445278,8.20133302852156,12.380327204221956,11.198442887317025,11.339229867929433,13.238251603255792,15.084255084729964,10.14332049140333,11.027924315319536,11.253346030904623,9.658000377154062,10.133061206176876,8.44644792270267,disco
-0.435227817205326,-7.267255928638056,-20.758889245718095,12.782766311292846,-8.975029469519544,11.787826429505895,-8.93468065981053,13.010250505594943,-12.870729075655328,9.63210059746822,-6.423969801792565,6.238305400738591,-5.574809078912668,1.2752873802240372,7.249088160332065,10.710622163249871,8.860124891963727,7.816752605346038,8.221919180515155,8.31052161782988,9.10880521959021,9.11052836931272,8.407047814879284,8.359536908373254,7.34862599580584,7.225276778705409,disco
-2.211317322523647,-1.5257379841402459,-11.675476009817114,5.157283414534387,-10.853956346381795,7.911203697540185,-15.371416635373675,10.261924845032173,-19.103507446452124,7.164565203158077,-8.265926575863766,1.0858979553733294,-7.187159603686034,1.2651224623890844,7.625112577021476,9.20364397364386,8.468424873603873,8.498658063927547,9.579650347782126,12.027547339277668,10.569511150562434,9.718436345065314,10.661987422373196,8.138889512605303,8.848947309330617,8.085955694700756,disco
-0.5031777282360407,-3.5537316476267176,-14.241239436824142,-3.854351256597332,-20.012231984431327,4.610855875184913,-13.29240871640094,9.682053623640737,-16.412142976376526,10.14457215176149,-9.86279669190441,5.3078837688533556,-8.36446555659094,1.0131364873732431,4.909897888393446,7.964346526927248,8.258158977887952,8.72141772665208,8.173674332658985,11.795299960734257,8.201473313987801,10.149581461001958,8.114490364152012,7.888428480540431,7.8233912546126305,7.26819234712552,disco
-1.049554439508778,-8.185781887036983,-11.659187977871486,7.987630850033065,-9.55113511781225,6.825802685054427,-16.884266897672816,10.90939031087129,-14.42745980591642,9.85348123375214,-8.620453784853018,4.688040680008083,-6.8161139177742385,1.4274788837939076,7.828676691123496,10.440688426882476,8.31031209633547,8.91110596809766,10.143818960656528,10.398729504241674,8.51738225549662,9.698099727932926,11.306337442006264,10.074467753496265,8.6997450607162,8.363844758767451,disco
-0.6568497473400008,-7.834744894069568,-11.675853728272564,-4.9624010552103295,-15.280110004986339,2.326320153515895,-9.115168538053549,12.805413960868975,-13.61872604146496,11.099277681014874,-1.6112276291871608,9.356706199786949,-3.191674869451068,1.621493030798165,9.705143010835668,9.178298995301542,8.587968631498379,8.580201385851499,11.173159655615931,11.770651776714432,10.014841431478086,10.620403596428405,8.908377157200126,8.451304627895171,8.410007103748429,9.104232695838887,disco
-1.1929540616262637,-4.327150306458013,-15.308073769015117,8.297738398674984,-6.075181200179377,11.385796887101444,-11.467132001316347,10.721545416517916,-16.36679526376778,7.181216072997747,-7.623703060606713,4.984194607147735,-7.07524198402695,1.4385589480217933,8.872305912301766,10.989940649182753,8.114690256400406,7.882462415781555,8.197341862515573,8.350891519485453,9.105826630180076,8.918951089179671,8.488968858780039,8.433775688162541,7.21178566348094,7.051816804192459,disco
-0.16792411817200043,-10.549608499228494,-6.634356511902232,0.503547105469798,-15.263960687709428,2.1482401415365677,-11.977271603636245,8.415354139369809,-17.078537587163517,10.702333702505848,-11.658411028850844,8.49962092116756,-10.576813413604722,1.6199792067529555,8.353422975301855,12.694067121076902,11.896005132993807,11.108990008577655,16.251238964491318,13.072942339565564,12.663443606117243,10.881274685297074,11.734920590460181,12.75950591745083,12.952428722981917,11.938149421411639,disco
-0.6476657376488533,-11.774705229310145,-19.226774821769997,8.508391573285047,-9.253709501921868,16.130500483335435,-12.297865856191882,16.381098093290863,-12.697052624782744,10.172390277879856,-6.04272648391519,4.619695246910817,-7.353385736858314,1.7122559088134541,7.767124437597213,12.393185989874576,11.984933084988551,10.909645087865487,11.892918717328019,12.659799196394712,10.420032010268464,12.02111949933322,10.212152859866464,9.185557584275848,8.183698529331167,8.281500308899894,disco
0.3240541584795706,-16.01650426641896,-5.895342798166759,13.214310257922653,-1.3862981096326656,15.469171103355565,-4.716590255054404,16.335255993511876,-10.051651335602427,15.830023132851204,-4.26844956234548,13.195374017286383,-3.2872980587815768,1.2157858785839344,6.140363252584851,9.489146348229077,7.0592922136542064,8.512565297554369,8.003924220034376,10.168540851225618,9.377307575692946,10.086852522004817,8.732060445401766,8.6653289255666,8.004326783939634,7.75410647821248,disco
-1.5367930953515592,-8.736269416715183,-2.8764451620336637,10.36383284840465,-5.64835108996505,16.131373133149385,-10.249380475063813,15.198185125970129,-5.096361327072324,20.4127046074683,-5.774475553916123,6.420801847262973,-5.5377477102616774,1.929173384880106,7.685860866350122,13.888708155874237,11.589132648334498,9.572329483853093,9.286169957425757,12.09115893116244,9.51289296414149,14.088154692654939,13.252055640276902,13.903992013828658,11.877929279120986,14.698841908840228,disco
-0.9301782910825168,-5.405263928315339,-9.152810563922365,13.342365513253341,-5.28403752312888,19.40592866271028,-14.783827935123353,13.488085299789232,-11.34046006525768,11.769461391177927,-4.67485194701636,8.227798381565112,-4.337595367036394,1.6366567399943153,8.186855309401865,13.9656587178584,8.795726999994125,9.6337581768603,10.903377546973331,11.395587240392494,9.71123949191767,9.300057529426935,9.563745159501345,9.593332903890474,9.077485168700752,8.00778956650341,disco
0.24789526117756608,-11.080495320014437,-15.96440845016462,4.185856615482813,-12.109398976739627,8.533663270037863,-10.393902492402338,11.47210793010915,-16.56392722838131,10.439358341991989,-11.696724683669105,6.41292611471866,-9.135970453993947,1.5510282289780482,7.968217043865981,10.83619140919485,8.557427369311142,9.300306193555492,8.552408199886353,11.67730299756648,9.085357293856948,9.271749101643676,9.292261185105716,9.716285949662124,8.291576878898605,8.007116074205786,disco
-0.0672280671063984,-11.35060960651338,-16.842728795628442,2.072666105813187,-17.37731939243036,1.1976808489936426,-13.61295388550833,6.958023468077704,-10.956537245826757,8.69253834828135,-11.531430138540655,6.432891286983605,-11.871302389048129,1.0403673449685813,6.293967938234926,8.356822374406681,8.301891353313373,7.24644168919824,9.02025197581741,8.850024765687342,7.0991715837691745,9.209661774297759,8.753238482737872,7.799991841450301,8.57440831863822,7.287162418842718,disco
-0.3558545056383961,-15.266083005582685,-8.154155138271863,3.3222610817927234,-7.788655920411474,4.45203800499237,-12.716698454239372,7.429897062983043,-11.10959910929172,6.163438976578828,-13.296605783202798,8.37757966614756,-13.57955223521302,1.246840980395568,6.8372248212899525,9.98566936232001,8.639470779671596,7.200111798041335,10.094071042045135,8.430090897141765,7.8426103540626455,8.59448414207552,8.396924902428914,7.675755035406364,9.39909406180457,6.563091468582487,disco
-1.2137412688505314,-6.130661867920585,-8.605405582740921,3.2932087428552386,-17.953496974760295,8.039489138606207,-16.769162843965848,1.0934064894001874,-6.136235332031052,9.55984514214257,0.21967662042537772,5.303440224812572,-3.830350980124515,0.9296796086333559,5.4997557921154,8.196058036119098,6.9816250729904805,7.749925537293177,8.79882451908713,9.127952228792571,8.251757280054145,8.753797148302239,8.91014938732204,7.057768175751175,7.00523929628628,6.598740546968163,disco
-0.2589679203508206,-11.134157510286187,-17.0113614957688,2.0725105275015143,-13.40968850835992,9.945378443624946,-11.423006641257633,8.779570621719136,-12.234338009768358,10.763109731938009,-8.296135279968786,9.176000548075507,-8.960472666456146,0.9752291373687502,5.922515101620564,8.334376373030944,7.014201465279522,8.035501251116273,7.958261679160802,9.74965866374273,7.855165937364636,8.302277370045088,8.249484350291088,7.124646099133227,7.026283565884763,6.466332046264691,disco
0.012264187889970725,-15.72851944026223,-11.282366299301819,2.7922007127600517,-9.125708800707223,5.577249000873299,-15.486653088340294,15.448372697791857,-10.884356116580257,12.527379038449332,-7.8731155966043005,5.851831847541108,-10.934741811710325,1.0354613640321078,5.609799157147064,9.780506061001159,8.224179195839397,9.627602627350665,10.389511906266646,10.035593474613526,8.540069444893032,10.86790052682429,9.541778250113557,8.26203827999885,7.430831108299322,7.204266989996507,disco
-0.3758678965076012,-16.99958602571732,-19.95085274961435,5.769330526918123,-14.468939884171014,5.228781491096876,-6.661673615305019,3.905929180210884,-10.575832205646718,13.437669261705906,-10.48718475490272,10.817982070800742,-8.516733456050307,1.4506268936229327,7.265183447130278,9.914559449526271,10.923936570710442,11.062930475878696,10.654629959142827,12.37796505807357,10.892976704284678,10.677466512566136,10.22563286120193,8.959901164594442,9.040952561621179,8.463521180225042,disco
-0.4117620194353456,-15.216982346837408,-15.121803816940533,1.7758212170857952,-12.248004828645243,7.109679854400605,-16.90852383602499,11.396353518392345,-15.69382010956068,10.127567980712962,-11.136754616830137,11.284939199577858,-8.149720541486419,1.0833256537935747,6.384578874557639,8.098585867417166,8.164045455700027,8.654754288154376,7.339872995284986,9.505972520351536,9.045511012658991,7.388118551020919,7.878935606685029,6.992592967775664,7.322652649484132,7.2002018794709315,disco
0.49295976146632847,-13.501456175619776,-15.567161115546337,0.2657825774831784,-14.670759127699323,4.97072447098093,-15.918544052681913,9.51102011655144,-11.91496478243621,12.206163586937828,-11.588972894030125,5.039506889184102,-12.383243089543518,1.0649803191328386,5.545870472823885,9.398215919485065,8.070757232299481,9.393137439378133,10.150718841084867,9.968704223175372,8.495163516052317,10.703869647078612,9.351799742354677,8.02549936502786,6.980837205402444,6.892892541306831,disco
-0.4647333744510938,-13.68418992671072,-10.796296947764494,6.542121993230653,-12.664325141455354,13.451256022115786,-12.132336287450924,13.797893141303003,-9.515029210905706,11.90590226499202,-11.522681183749128,4.766762145847596,-7.290867672257152,0.8967994872088738,4.976267492147331,8.435331269057878,7.504907426967817,8.306538233865792,7.63642600122163,10.005262285476553,9.568376160628032,9.008271718824282,10.568668737455223,8.491838900407739,8.461990135021981,8.187386528732093,disco
-0.6417919779308859,-8.041549456677306,-20.304490627316753,-3.7704101131964483,-17.503752290097026,-4.632733450475988,-18.169481299506334,9.404105118309275,-15.46560253061239,12.66456132356349,-14.809285144193373,4.112616642432363,-10.293160835218334,1.174352579698908,5.884282771312532,8.749092956500398,8.317305860283124,8.541022585900537,10.330055366902176,9.855336836877289,8.30221950174327,9.774943157058948,8.571157783365072,8.227890803879347,8.053132306204349,7.611784144931815,disco
0.3543468752035558,-9.178010771397034,-14.4569367632467,7.346845167538758,-5.603646145646852,10.2074707816388,-21.094166851925255,13.699216408834136,-3.689137819608736,6.124986943982121,-14.582746673114942,5.337407162168793,-3.2896020767899383,1.2816168725103951,7.481714377380486,9.712122896420265,8.80874293694144,7.943514182736606,10.155833284427514,10.108897299009852,8.752140995721335,10.547043920210715,9.846253682903155,10.279234502246018,9.114737734094987,9.923349398834699,disco
-1.686636988164278,-6.518693111984678,-11.51579756887279,-1.23227429220945,-12.137440886272529,0.5628045836425641,-13.187028325944665,11.65298158997672,-16.543612341637914,12.359094996667316,-12.97169198492898,5.967134090283001,-10.394064625603136,1.4496085428385441,6.737089444820081,9.987161972938061,11.952033689177208,9.37129608542401,11.686017533218616,12.710463176456724,9.865110181068093,11.409474424422392,11.744062058543426,9.813828427188165,9.492683808735947,8.247443756065117,disco
-1.4639008559573712,-9.361243676600264,-9.001547187857778,7.163104410554055,-10.017945734197797,8.330408434704646,-11.394005349488577,17.787602524155055,-13.061814737446412,13.110972241957498,-4.956064640170825,3.016753684573722,-8.742251556656715,1.5412476412419591,8.366088910452683,8.427569549718,8.126669028497544,9.445474386961534,9.720211525990864,8.792263340080765,9.073025602638884,11.163334692669848,9.63256933418412,9.174352714317411,8.608159749283981,8.520254222564898,disco
-2.0916378710118892,-9.073284490169518,-0.09532592836947176,12.404670739542922,-8.668952613639737,-0.7995331003674329,-18.40976843154671,13.516291239100731,-18.72481090608785,5.179680458540723,-15.050895468694826,3.378718439717325,-10.310073788107493,1.33204605197698,7.2783318204205925,9.345227388678104,10.658188673088532,9.637763150779794,14.390488736118336,11.970472133326501,10.11099886574658,10.331601545576774,10.302311149389794,11.308208734845454,11.711453954117498,8.626787171039284,disco
-1.8063497077741582,-8.921054647871463,-15.352680759602231,7.3242619695692746,-4.939755644083568,1.7755845711436617,-10.782009822490442,7.393774002949035,-17.771803507296205,3.463824997522851,-13.421606706519427,8.062089174671677,-6.95175515308012,2.2899355857764476,10.151132784667974,9.256510627769442,10.470571291771485,10.691619948598934,13.160690915586406,10.987212377912336,9.941427243479515,11.24824194966047,11.235455717826786,11.229701817368822,10.013177714938065,9.043446875354096,disco
0.09884948969986472,-9.95496425967559,-12.190648778958625,0.6819675685322645,-15.55454063956814,10.20862258762153,-17.675107844624907,14.153637873456095,-10.04153967404686,7.881525662537811,-8.479346767842406,5.938972339587784,-6.429604685674387,1.5825609052694984,10.800005880667289,9.546315484649366,9.616128833623748,11.455381396885207,10.489754313931936,12.809598384715512,9.139274136455713,10.71472280408545,10.899081834531025,9.413121673180706,9.346445589817233,7.83287702469599,disco
-1.1896199578095952,-5.36958330330873,-5.574896848844076,3.5980792451364705,-9.72607027796187,8.71330579401543,-13.064623008152108,7.793162921975455,-14.532107064347267,5.914072198677785,-11.357794460009101,6.216858487891776,-9.984737186602208,1.3401306026847124,8.976019154041863,11.223650381843337,13.231042648510199,10.72275324918097,13.118454415114305,10.93657293490989,11.369467029174452,10.720608181444526,10.59498090741604,8.466793717642323,9.694744351266852,8.69462591489344,disco
-1.906561234017813,-12.85884894327653,-21.874112606204555,10.942522114814103,-8.424908540021848,8.674075350471337,-11.709887614374493,4.325446186350624,-14.618540050607885,10.810194324612596,-7.88066197859491,12.601455602141005,-1.3906862100039703,2.083943140598481,9.596551751126313,12.366524929907184,10.407994026686023,8.753946807063832,9.159732741089487,9.453970163410428,10.504009713476133,9.604776331082052,7.3188905884503335,8.60263668892174,9.298122868605162,8.77400132025431,disco
-1.0798786499311461,-18.9593429954147,1.8590893398167738,4.5202170529893,-8.936401706871603,10.314198020207638,-15.639253308293194,16.755846789741884,-11.892774387542755,11.999773819357388,-5.949053245499138,10.183071401043852,-7.131939377594459,1.307001059960254,8.335074918124457,11.956668619114158,13.057755589427302,11.69318498671882,12.350510655285433,12.61659576001147,9.450313933519203,10.398540401404562,10.149559169539208,9.866774479593913,9.286813743686329,8.671208348421278,disco
-0.36621641616156586,-1.206706313591797,-18.772228151764207,9.857814442745445,-12.007340541986533,9.762118463059238,-6.1947292930572315,-0.5050040395987734,-13.268498032020293,9.216003610087036,-16.026323850991666,3.8273345660208973,-6.2809910777250195,1.5001447632744693,9.259612105825214,12.564140442912453,8.652872392703802,10.58733388263522,12.001376351198335,11.392724659082855,11.310645732279813,10.728179959158526,9.645455618067933,9.504156723683462,9.552481508530756,7.724559765891345,disco
-0.5982934814508956,-5.998348818126211,-14.444321268862003,1.9800717458199315,-9.555869590242338,7.830100644227819,-14.47940030848511,9.118794659101471,-19.968036463868273,10.144002199380362,-12.469236160690002,5.80061584970183,-7.787197742714835,0.9509258578368027,7.561257403134818,7.838033025444908,9.232159842597072,8.524421354297814,11.010534178364264,11.13020366917211,8.600680735193546,9.73261281185809,8.718655200842901,8.394966433194627,8.594707749613558,7.004755139150996,disco
-0.3763002350295995,-8.318738187120081,-24.541804378103226,9.915386246999422,-11.42224667961351,8.86552135679478,-12.162757087933334,8.914721877203407,-9.138215693507437,13.687804286532133,-5.358773361852754,7.700676305697861,-7.641410473201235,0.9590802250707756,6.186374825428858,6.562503859781177,7.26391053638491,6.946338743380827,8.990995578366759,7.4542085263074975,7.651719412645616,7.575823080926411,8.495995033725002,8.325450178418532,7.553454616263031,8.212596611329005,disco
-0.394314505413627,-5.94546331011493,-17.83706743875856,6.039079962602837,-8.593241101724715,8.12662262926378,-10.915623747591448,9.861556354367524,-15.278153659704778,7.380123934778808,-9.1027443183945,4.563684365241251,-7.780901900366213,1.3295279829387128,8.264529128058832,10.69357274473752,8.079991499990461,7.775886541275192,7.950107746996062,8.235099439557647,9.029143555538417,8.677396135087829,8.535793682637921,8.356558521326829,7.203882615936806,7.156055882933719,disco
-1.229267365418077,-13.049320652936295,-13.349944464699483,5.38035036045708,-9.554472523686568,10.707067662645086,-17.295090111336307,10.348118660798466,-13.261917460909185,8.340017331712097,-6.0484795449688225,8.24331075447989,-6.301463637392726,0.9360680417512363,7.417267844150583,9.3114005185819,9.377895974311386,8.545165650752992,8.412653087631776,9.5065280639934,9.188540826057192,8.587780707066562,8.49618738003119,7.196017138367109,7.867863138663253,6.902729641604733,disco
-0.9416548695879934,-5.585297871815403,-16.464440655528023,12.15660468122999,-1.9485059854731996,15.588983290035989,-5.712444271396216,7.054475861611574,-12.205446648000713,9.203155831536806,-7.926260753799102,9.02769263634846,-4.368327990805975,2.2141034492989786,10.598389551135655,14.477792996287452,9.094556486235927,8.870364386983704,9.482057255414196,10.980159108206093,9.09312309752866,10.229865052690998,9.51048785964057,7.778388138809799,8.960450230881257,8.399392704110763,disco
-0.9718273364188282,-10.891431182914191,-7.623258175136069,9.581158990459702,-13.21372135808883,7.623745841327136,-8.42726799095261,9.064101729283195,-14.272413976426106,11.88427749762285,-10.110939823361608,4.854382103395138,-7.235216387873698,1.2295366009819957,8.1050501248526,12.59156760180963,11.023328340515762,9.821729850044534,9.441764046794185,11.46612763395219,9.154055997292629,11.73267561348095,8.955790956833424,9.031480273158444,8.81204958835598,8.620184411009761,disco
0.0891063221900164,-11.334209812826986,-15.920655316841891,9.830078899612285,-2.1927290786640197,0.11029845366078325,-7.066863853692329,9.830451481873327,-19.03796722290954,1.3032292487263626,-19.1668953443921,4.505671336426793,-7.885666761949166,1.3512884646466503,8.97420528918674,8.976834377445865,9.366077218939187,10.48833759724807,9.429905524509426,12.517084727041084,10.758435644827763,11.709405553034125,12.014652277137632,9.87666146693895,11.418481689829148,11.382906338675499,disco
-0.8053673602910971,-9.087696843550159,-7.615569460623025,14.388665645494076,-14.426246805155202,12.89395031766502,-15.871911492732309,12.38324553934051,-8.922515232191547,8.237371373790484,-13.646720576288773,4.161515530704264,-4.202734668626799,1.0531872159531204,6.186871627679746,6.1867804297097555,6.152080227383309,6.566887272185772,6.777277372379285,7.491147975412843,7.215567123347302,7.068475285621626,7.145729600886074,8.92811422222592,6.670866928446126,8.234207231204833,disco
-0.9790280082417436,-11.619685817311005,-14.486044969337854,13.104141432145227,-2.9317664695296046,6.190998272066249,-6.819117309651524,13.199132780140753,-3.7961212309946495,13.910739763943559,-15.211530089873001,5.445678128693521,-5.184409323386044,1.930791678036777,9.294402720441175,14.288917896276779,9.797544761698221,12.801671750032142,12.8576548407839,13.501788203529763,10.919114212255817,11.712616320719688,12.462167971765364,11.302279714223875,9.992586923417672,7.3350516758460795,disco
-0.9521241752871186,-10.227215750353514,-17.56809012160825,16.72149205414069,-19.330130379312173,9.701303743828522,-14.621396417573056,11.4019771115764,-10.149353544872305,13.201316068378834,-9.069720118901632,9.635510447627027,-1.522988386399866,1.5176074223022296,8.160622763910805,10.055385435330928,8.37355799819319,8.624508243815209,10.954603693143637,9.124969476033046,10.296816653016673,10.468912123467524,10.56507630393838,9.378817442070519,9.967252776340926,9.637866672665336,disco
-0.3269233547624452,-15.184390595028285,-6.579925049911,4.12401114144789,-3.248664702712168,12.661671143930871,-7.5581511827215015,8.344979821409336,-8.142136691495121,4.891860965279014,-6.9978012221867445,7.580462797247423,-7.054013018087102,1.1779380417151322,6.263464076269183,7.891002802541532,8.692214955000225,9.27122007183616,9.267492866251416,8.355549892949927,9.95031466972209,9.590472318094198,8.525545614994519,7.900805133551721,7.6580130927974235,7.760555038446685,disco
-0.38527342217562505,-9.486374888688395,-7.39241461954468,3.876035293169101,-14.098183152442301,2.5625648244555186,-15.708021151124264,8.11889599215527,-18.027894167651944,12.381266134430176,-8.209194499097173,12.061993241736669,-10.082614306212548,1.1418714306425761,7.219828780081837,8.210202080108086,8.788551154947116,9.173021159060163,10.427747372534656,11.101091353384412,10.275797446969158,8.883018317603069,8.42009703341279,8.867042254328382,8.922860235613332,7.591988748403093,disco
-0.38527342217562505,-9.486374888688395,-7.39241461954468,3.876035293169101,-14.098183152442301,2.5625648244555186,-15.708021151124264,8.11889599215527,-18.027894167651944,12.381266134430176,-8.209194499097173,12.061993241736669,-10.082614306212548,1.1418714306425761,7.219828780081837,8.210202080108086,8.788551154947116,9.173021159060163,10.427747372534656,11.101091353384412,10.275797446969158,8.883018317603069,8.42009703341279,8.867042254328382,8.922860235613332,7.591988748403093,disco
-0.39574381836003286,-14.092304899909845,-16.622824399005577,0.7058890518167248,-14.761949175419618,5.078295652400132,-15.954879862893034,9.360015698944979,-12.44128277661954,10.641410488198975,-8.102512278750954,4.903717271276259,-8.75537533968568,1.6507897266034084,8.489563462662057,10.518536905233642,11.202465330390208,9.978418062490242,10.691710890977896,10.319280593145193,9.779047312138452,9.448263101461183,9.552343941375362,10.415727334127434,10.022917246234462,8.91041520929783,hiphop
0.6496370953987597,-17.481255235233345,-8.391316430647048,18.657095667584993,5.605453239759131,12.82721442306482,-6.829671219287098,23.17415563267351,-4.75400238488549,14.576236071686871,2.6454962373225945,8.731262091571747,2.4898735382753503,1.646073045152678,9.059503094065287,15.564685117422483,10.584117689132157,14.212101729743434,13.528865881815639,12.981337286981365,13.650729045551866,10.83805507129113,11.617913992617503,11.45190404600442,9.774206610119048,9.667470288172051,hiphop
-1.993287100839597,1.704958380577042,0.3994075088697596,9.902187449255951,-14.439708676222502,1.1554645289309642,-17.620308921002387,9.71110306944255,-15.908507976086167,8.934121429731332,-8.636465909964507,6.273184490692192,-3.692307225294402,1.5268165109588236,10.184372011424038,12.67528663735822,12.211184381792354,13.119577145248146,11.469150963933764,12.349411434338354,13.01752725127657,12.479899524839688,11.797922186260669,11.03004822699092,9.70324332106156,10.982847394000009,hiphop
0.6112779104671708,-11.822011654443926,-15.31015589368854,7.774269223622419,-9.318410972125172,10.434137024884542,-7.967791311739022,19.588839752824576,-4.0440019762519555,12.082087800306702,-2.8914038133220292,9.663072969415408,-6.916231374366482,1.4620590978428487,8.309586911023167,14.071247290832146,9.511299008254237,11.386915534031191,14.172455918288433,16.142853473786765,12.440400735083717,11.80277875600796,10.634465647492428,11.064128769764404,10.151521416394733,8.735507199266229,hiphop
-1.0474604322121122,-10.660949452843715,-8.205856733476041,7.830099107473535,-4.829033573525081,15.960117270387022,-8.863441399406497,11.309732759925724,-10.140859993863641,13.177224291319437,-4.489859167421988,10.34065454012763,-3.0905916414423538,2.313200610792637,11.604981819552359,18.395682098301073,12.926789192827767,14.523833950104846,14.006593286291293,14.961577469821774,12.701391206707338,13.40216470227105,13.423563923150482,10.861834189296141,10.069889467405828,8.414199896904739,hiphop
1.1161880038819931,-15.089006236163971,-7.925394505240256,13.069724964486987,-11.654142789112806,12.271787802557018,-16.70238037042542,10.535904046321741,-8.530626706791509,10.311210114455838,-5.780840131475428,10.013310088918447,-3.411181342955983,0.8273998944365181,5.704342475969937,7.058804985019284,8.999777557084029,9.354843865963673,8.544919110519752,11.275950633656063,10.934841928044271,9.031790763328393,9.347726633419404,8.354701904539347,7.888944915680191,8.199172967343557,hiphop
0.5184966702770234,-17.40509001532752,-1.877360585457512,10.103593023642661,-3.1649820079179216,11.415752179572076,-13.564229587492939,11.009928432918255,-5.257175606780201,11.081393343521432,-7.494883778730177,6.918972088279669,-6.243128758238869,1.823607389846581,9.787067495169534,12.262771360694838,12.862189323315906,12.748957208453344,11.85682695646077,13.296870180558876,12.379620208652995,12.654251642010006,13.687195487825221,10.647576768373021,11.295589332333945,8.135975526907787,hiphop
-0.041469537270867426,-6.204715014782882,-9.723594064057105,7.313116401803192,-10.830719007396892,-1.9637035280497936,-16.172444623635176,15.658967654808949,-8.231614670483184,16.45552399429694,-1.7527596918151584,9.998873718638315,-5.378793663293884,1.1980460708758687,7.946838503117646,11.443699901601232,10.344766763033004,11.198681966948493,11.474436124663393,12.733304354630546,11.830111494320047,13.120020627117544,11.242286394656778,10.585168342000891,8.125891812174542,7.993154824304288,hiphop
-0.1570279112559692,-18.817775913087573,-12.19056615365632,11.720184297837148,-18.667002891537916,5.603498790557878,-15.303118458440776,6.369832633570321,-12.915932801243207,14.851163569343282,-6.806865348506271,9.381073934246732,-4.172000562013441,1.5403791007689964,9.395599220007957,14.75874512459427,13.633211101992115,14.591229345828141,12.90472102738591,16.242022651007822,13.77911578581615,12.407420320905784,10.689271535440364,10.181537186501572,10.149634862227837,8.823909481972215,hiphop
-0.7284098676357831,-10.120371149674618,-6.584031580704891,14.979397840782275,-9.059447884854976,14.602036768918513,-9.692057765362652,13.294201201529258,-11.027868897310368,12.595981412857887,-5.7645132554053555,8.486465782469956,-6.236388647321166,1.6570587244883015,11.47695742256137,11.73942490778606,10.66518682944955,10.55587764247252,11.25368443882534,11.289028961438667,9.938846920288212,10.060454561315668,9.861569552363743,9.543472865907418,8.36052617300128,8.505636120752918,hiphop
-0.054061143765976996,-10.215115080272898,-20.928670709054163,5.065136075500045,-10.472513156147805,20.147056069096198,-8.029024595044591,8.927679884146684,-9.889678376330629,12.54577089415983,-5.716521769033677,5.232905030408893,-10.212716073741316,0.7948278198375512,6.236119805507934,8.482641958397073,8.884637786966923,9.679368241482766,9.578293215149609,10.630524094181391,10.064984968768469,11.604324037653925,9.81204877953263,8.417942340754548,8.008669701688765,8.277709900859742,hiphop
-0.3387096515311258,-7.646583026774674,-9.005822500547001,10.054950622997536,-7.10383815454843,4.747583246230896,-12.441585620823227,10.41540722566811,-11.023623622734322,11.604123629898996,-12.508254586949091,2.8936129141312734,-13.644338667709967,1.1481917000277673,7.687860940971611,11.38543627870974,9.555519251183593,9.605999017964221,10.27403859611339,11.616919196425291,10.955727757487576,10.099379291901295,9.165586147004943,8.79510759978635,8.848402866330492,8.709563687584746,hiphop
-0.17916749912802946,-4.9266242199847685,-14.143661456137462,5.908638092093111,-16.717615763246688,3.8024112539438164,-10.252409026344347,12.548003922103218,-7.079394545829981,14.6682873026352,-4.82984720471808,12.629521590167574,-9.74308010456783,0.8853448139952411,6.05924725287095,8.710571028338803,8.364568024158512,8.75547535919853,8.682519696027843,13.32343209865976,10.983006698852938,10.586155019087244,9.50121518189024,10.081749303601278,9.736152864718745,8.967930656219986,hiphop
-0.011309524780109654,3.5095944713048564,-22.813558482874004,0.27931659693800487,-11.171957606434553,-2.3051329942008967,-12.300403955946779,9.833888047359107,-6.994492808381924,0.4768293152179618,-12.26524116167754,1.6893662127732607,-7.241988364787968,1.1806149507130919,15.331362165058282,15.786666641748464,15.813551692655354,14.829432838458358,15.511300067121253,13.613875841510803,10.409689673675897,11.490724612573633,10.340831241622823,12.387559198895845,9.570810133403212,7.504303382981629,hiphop
0.45866629684945526,-10.980284753003584,-18.99770032932616,21.796667168746254,-9.331744226505826,4.9119499928378465,-15.191494878973295,11.400511779958622,-13.073942914675637,2.2893515676392346,-13.58113379959386,4.501189045316086,-7.702442995026289,1.3102840018327877,7.191919683898182,9.952895211464028,8.640064948030153,8.82807070968566,7.679578563005648,10.714215978684926,8.812142927604913,7.705019284143796,8.182965323323204,7.683995313326471,7.828048983099405,7.51149508658167,hiphop
-0.530024513941394,-10.606179997209653,-12.661249748478816,3.769186600388722,-13.118891592818093,11.10193917042829,-17.948384016087026,8.75200481239057,-12.357518032311612,7.7001614846204065,-6.4784455721811165,11.370608122484768,-6.955900624747775,1.0024574748116322,6.4742384436119575,7.867118333943561,9.037754969961984,8.68399708877039,12.639479957233316,9.918409813865544,9.54578882609594,9.040255164311846,9.696563768182353,10.223953769885643,8.861993766914184,7.498940662954266,hiphop
-0.25223729484262425,-12.227206989523863,-13.67085480407997,14.192177964072041,-10.202933411576296,6.810700923080546,-5.582243463046185,15.955530559566533,-6.6167628259271,7.682238710122212,-5.855136232850204,8.292622720723143,-10.1970068685241,1.479288017031495,8.010356159126525,11.544914410598913,11.274507162532998,11.185303999451007,12.214460827738716,14.436099411764841,13.18516268933301,13.555722635768836,11.474039558089927,10.182344960371488,10.550166234014053,9.998505242383008,hiphop
-0.5188820912991428,-9.745788598232071,-6.306366559016934,13.193757564711344,-8.782671944990302,12.29145276308035,-8.749093387963253,7.973166878588332,-13.507116568478091,12.39985074748231,-9.64402963405797,7.384480537038549,-9.672416414397052,1.13250906393273,5.923041909491857,10.240057142724542,8.543033040948353,9.689505775176487,10.428757036640496,9.702065525422004,9.420642071445956,9.008068198206896,9.684480437888446,8.209141397552127,7.802167249841989,7.009389579479441,hiphop
-0.49578958126989603,-15.977223995045232,-9.89479921159342,14.53761792508683,-7.818589855788891,4.591503190497459,-13.810078725489817,7.433355379746877,-10.476078666960639,7.902518427236464,-10.911907802910061,8.924887532143229,-12.038526759617302,1.591257475990772,10.89884826137798,11.897334194801934,15.106019519242283,14.31688485323596,13.466711950426873,14.931831748331907,12.717576611980306,12.287709579026355,11.741181304787377,11.434960166942075,9.727801044492006,9.175289113075877,hiphop
-0.038308080483319004,-9.550074776969058,-12.19447465534549,10.30420753029505,-7.23330310083368,9.916413348902182,-9.900411575953207,10.818427188501563,-9.350992004417382,8.459054559486653,-9.231148006900346,3.4805766888675618,-10.860235458252495,1.782617555051153,8.570081251776339,15.023043202586331,11.262048532697303,11.837382569426623,11.081157543994534,15.185906466551682,11.998631328841036,13.442071633493823,10.008043977407901,9.421423176401222,8.662011971222567,9.567779792602929,hiphop
-0.1484451653075343,-16.119364776114757,-17.742649908885912,20.807739539447827,-7.941864000442272,11.9016046030569,-9.887320900786198,12.994752350511472,-6.814956367666032,17.488588767214562,-2.2299026488811764,11.324572283268031,-2.169295267103677,1.3268083193254538,8.208979840110286,13.153289233171956,12.602466536490267,12.189711633600153,11.222778037695123,15.20760253582904,12.096400113757722,12.712774739084864,11.748039367816741,11.730879899978,9.53767348071408,10.302726630395163,hiphop
0.881317677822057,-10.950844078192182,-13.584399834265582,8.118961402062348,-12.077803283544807,3.130834306103599,-16.432559776223545,11.778830819318744,-10.092032383353247,7.8491459551279315,-7.928171669809701,8.095989542168047,-6.091391460417019,0.9717174099942176,7.3841020390716166,10.052340306761423,9.199934924969144,11.101828729467202,10.07313530169759,12.102643505558765,9.91361268089029,9.982537608158246,9.236222525116425,8.180261359760667,7.382247388862786,8.037715355203632,hiphop
-1.0179866845943464,-5.2656948146431475,-4.061522548153388,6.165836479958461,-14.599060796310914,3.8719374463290057,-15.128467205787146,6.941397623260384,-10.55654216734064,14.081433364326765,-5.478419806751277,11.909769545149608,-8.6886213234562,1.6934441196246812,8.512483712428272,10.057811090996333,9.153815724527586,9.886741378755636,9.911821365712902,14.634083954189023,11.421498738974808,10.517859505387966,10.093911013560238,9.335970139292728,7.796867612652745,8.305643129996003,hiphop
0.3792088048656552,-7.558119521849971,-15.957173837625747,10.053027939624618,-11.287736006024739,7.180278925492344,-13.394575302727747,8.663535914411883,-16.013344950196938,2.3578985753540267,-8.893773488689932,9.505923441627665,-9.164196476574235,0.8462997025608857,6.180745889258786,6.51590640904799,5.7911045443065845,8.910710682426183,7.683277647891207,8.500490049153482,8.719328228255964,9.046054059109613,7.893545715229612,7.8891584396702426,8.061922709913013,7.838894884785201,hiphop
0.22422646022759954,-11.534857878972652,-23.038949122924812,7.197928574838892,-13.841134744112411,6.422998566604722,-11.571261772027446,9.019676847927288,-13.170803304522373,11.212693307234625,-3.723848644079891,7.453031977101649,-9.151340308622238,1.433544493102598,7.615374222233988,12.769288356523475,11.591130127046982,12.310368006920367,12.210972406972774,14.286286284670537,11.584447874998213,10.593019216363386,10.731143183459007,10.449292676080933,9.084076499999824,9.952300958106324,hiphop
0.4310115218206204,-11.105543556991899,-14.361306716345757,10.30709200864268,-10.957810430377311,12.866843164799416,-6.481822422375653,14.607082037854209,-11.780391574566497,8.842839047539814,-5.197365667019438,9.972550002670546,-9.045070690990297,1.2278729819105518,7.514472007901252,12.57879301603496,9.30940676370328,10.202843030925392,9.78521641657456,11.981918944973717,10.195437424638138,9.667566992484195,8.667628536211314,8.587061526485492,8.651060678830973,9.438683274261937,hiphop
0.6330601949381242,-23.596309752456143,2.3988954697544687,12.918704911311732,2.5361724224004605,-3.8993492598804824,-4.885162003741072,2.7625948218830985,-1.0363196960357206,0.30906558783924865,-5.521330403848695,3.7211382941483473,0.12590050418891993,1.3759279338161223,8.751646321776994,13.788637496816444,11.610030765212663,12.137467727508179,14.588144838300146,18.0690978636729,14.18928888271797,12.965898537680904,11.440311204665754,10.709576188435166,9.715489766503618,9.932348494507227,hiphop
-0.04507584799259215,-12.25009119400884,-3.8185914409845645,-0.28978545878756234,-5.191380653741284,-0.4289141621621314,-9.269622064362935,2.617814348546699,-1.3426638520695817,4.432786841286517,4.7071327979326805,3.2572572485846325,2.4970991294746585,1.40704588461555,10.227744861167194,11.884734672416227,11.33294036761795,12.796526881844828,10.951517973945851,16.258092299296447,11.946669187701508,10.58883296479897,12.78816725676147,13.698422151054267,11.112086622638678,10.24832683838596,hiphop
0.3838420904337562,-13.598029056508123,-4.90781651062592,3.2176118409098216,2.9558135184307424,-7.3229290332851145,-3.4197445075880273,0.7778546338803377,-9.727242431084676,0.2779013911918649,-3.0786577622177314,-0.49200547613502216,2.1444222807093607,1.2566826107661633,9.216130840516824,12.072158489924064,12.410435144005167,15.352108488625701,15.4784474382673,12.352268574615465,11.843081713559924,14.256917494951555,12.230024517182413,10.983896416150897,10.39115200083088,9.759593217469833,hiphop
0.4718827070804456,-17.636034768494532,-2.6978009275532235,1.7712772603459734,-1.0945860527997668,-1.78650168480584,0.15427921341604026,2.5023744632160367,-2.0077770814171703,3.2639164423659857,-0.8899029197360832,3.3943205638194947,1.0007408883189572,1.4922653274086362,9.533191782267675,10.403453487044104,10.503700641516552,9.942403681549125,12.491058291894163,12.32445448349047,11.856949975384206,9.825219076815914,10.930945368712052,8.75397442838292,8.360667238508649,8.217601336450995,hiphop
1.5606707516685274,-23.60589768234731,7.834912471226816,6.013059485132141,-1.729159139623445,9.879744220687707,1.1896260465167396,1.8568506735567365,-3.130235552825561,0.720655263528559,0.283351216993199,1.1958490850439902,-3.015247891483154,0.7033019491994759,4.538765289895822,7.89948387449832,7.609615733450722,7.992113795961562,7.735691996415025,8.948972089311601,7.408991869955063,8.325669049420771,7.407875920889587,7.163608397908199,6.161962096627556,5.924364309866192,hiphop
1.1398069850376704,-17.12959006987497,-7.5075465691641545,-4.034888247952425,-0.7886730785231031,-5.418419374574517,10.547940084757009,0.2887598738147614,-0.9231226155422926,5.95301452914622,1.0588488305816854,0.7013216023570965,0.06664395241908719,0.8641448195122428,6.6933785930430005,8.346914695391074,11.539136189893231,9.047908208028646,11.785634204744785,12.084624145223916,12.643684456586257,10.927803246505537,10.790969071406161,9.157771162290077,9.654920610548178,8.882792931063161,hiphop
-1.3482741355275267,-8.45859717685831,-5.573675457380895,1.3472432668004586,8.40244455137426,6.252479584711436,-1.7105109761419137,9.542452106777983,-0.24642153032690298,2.7636343060447692,5.0483711038726335,1.9425790195994985,-2.426995705880326,1.480046084191765,10.148525181503308,12.678485966061125,12.970018210884593,11.94518176051197,12.486832030119073,10.500021900381517,9.922655971246195,10.447444417800362,10.469410873741726,9.58192646154847,8.77591772026715,7.46753943027736,hiphop
1.2316951237385398,-17.682152088726674,-7.280865994502971,6.058918881068116,4.588717157881769,1.4151126822935882,-7.1160473214841895,7.105839479207621,1.6979311411283795,4.404284700116805,-0.18530887316942832,0.1618014417354459,-0.8861476480728753,1.0817339258812235,9.396253387756346,10.844871396897853,13.69709536843452,11.435801181615638,10.957277175076216,13.401827411440735,10.993298667835356,10.756691214981164,10.746372634302597,9.036314776516768,8.860921738444997,7.775840692885127,hiphop
1.6579995311338767,-20.811767223159933,-11.418272793207835,2.3383995947775422,-5.109565004409688,3.3328274956604442,-0.2584765859877153,1.9361143601787911,3.7664629326174106,6.662760622889655,2.199289882206422,4.246196358696234,-0.8214391445028187,0.6889256858812849,5.080329336427353,7.2761392398927205,8.642255554896659,12.131383576749478,9.274223958786537,12.591919319081878,9.319422536273528,10.061671557770174,10.364157719682431,8.993468222945955,8.635903284277243,7.277460408769714,hiphop
-0.244556877694265,-16.45796861654022,0.8129122533603215,2.6048761530800477,3.5836394112509167,1.520539069132045,-3.828945967534026,11.218204118210034,0.0696560701419829,8.313868715766025,-0.932020076978882,1.0137935003145286,3.45545470446654,1.3042109434822018,9.323424733867437,12.174923655606221,9.53740827343578,12.930432843314323,10.085206112322622,13.437748980153856,11.940492270737845,12.062608532560214,11.655800787116249,10.298194574103025,9.15388088120683,9.162445174147875,hiphop
-3.40795332739005,-17.539655518769106,-13.390537172926786,7.877358856934338,2.569739739896114,3.544127613543354,-0.0641835832852916,3.206721740684816,2.149734237635797,10.21783724719082,7.635686927397401,4.913041795338051,2.490503213805024,5.876478462919774,10.91793014971324,13.68540426671335,11.829065550360719,10.801810688354632,10.317920817100532,10.261749446254239,9.648308302897748,9.588659965052475,10.288811079563,10.175530288227273,8.381545698852088,8.184624451052771,hiphop
-0.09573154803867556,-21.865528131555486,-6.205308676071335,-3.648411999264687,-10.747003924759987,-10.563195675441913,-3.162551084833756,-6.820345071201851,-4.963417942907363,0.13645102521743394,0.7532393567501795,-1.551792528962299,-2.0710821879180763,3.7149338070379847,12.221115332001,14.690508916145983,12.499364522776576,14.06073461909054,15.545465510827018,14.068359080286957,11.997382500981901,11.688379204206164,10.752063488143742,10.30355045484015,10.517047253386442,10.286145657620178,hiphop
-2.419237299714409,-9.876604031805075,-13.780295693366245,0.7788437237962796,-1.9025460924851554,-5.597554161344373,-1.3975911983858924,6.379485566687932,-3.532167744455688,1.022591909293679,0.1816586299003157,0.045126493721207486,0.8269297896984208,10.471509662823578,7.455454875222326,12.19159706890165,12.66522307424472,10.67366362969779,13.924543906664816,10.21589036139849,11.179778374436268,10.692627197618176,10.223705372726693,10.570814318206194,8.531444496150396,8.76726973853308,hiphop
-0.8004110810391531,-10.627485863975998,5.797531957738306,-7.093931501830778,-7.42492197108146,-5.978142781445695,0.7050336324892935,-3.756780966020566,-2.3251555995760045,0.05357532215368799,0.1532353670370907,-1.624481137756363,-0.6265150927843391,2.2456208087261063,11.21439939790391,14.712740330602578,13.607267246773134,13.132599988898555,15.70039890971917,16.670847437620452,13.057624129154107,12.676982950344952,13.422901282846508,12.260671398686158,10.95230046303236,8.709372176968895,hiphop
-1.8160210115497084,-5.247212063157852,8.080415605290158,-8.656204359654405,-7.787653284782969,-16.562936675852672,-0.46146863698639984,-7.274262099651306,-3.1565227746092255,11.845244208646244,3.7945214378105763,5.313065065217262,3.234166278862567,2.6640615422003138,13.250076429022366,12.994189498052735,10.575301229276329,11.718539928139432,15.666109602609401,15.505320181091205,11.920886637066253,14.379909573719823,15.891180003897796,11.295934884534928,12.745226646536112,10.040597390610198,hiphop
-0.29785659858198194,-14.240730806196018,-7.571284127768205,4.712519103566912,-2.998333103992645,-4.081809969589007,-0.6993000195791672,-0.6652139364412083,4.356391135814325,4.859419584975978,3.4896599340049272,-0.08314142729568631,-0.9481236110702709,2.0339823727498687,8.33944248277514,9.49616707413928,12.856974431684893,14.492510004366363,11.918798650282806,11.971547961961658,13.257205580671243,12.26040905515988,10.731229947147542,11.93301262069314,9.756105312034347,8.379352849154314,hiphop
0.2541311238392398,-17.707891394549346,-3.8838443977477493,9.345356986219219,4.920813424816159,3.817962232442334,5.2657384492957675,10.419015555866501,3.1378007500036373,8.700677087794606,11.426857032510874,2.268083460346991,3.6600096313820436,2.0442997595421506,8.99089682347264,12.676384855110019,11.293871532102377,13.36674736462643,11.3226596344679,13.32042766564513,12.745281109562873,12.073513098958143,10.902313858602993,11.844904697377284,11.102623001400039,10.392093371360977,hiphop
-2.1063821014859334,-0.024185747993648726,-8.002081947553833,-3.562961748654582,0.19135361624814115,-3.40080985919978,1.604512526417794,6.140849366429821,8.302146334843734,7.214156152738363,4.131276742495504,2.2266985994912503,5.679557576463125,1.9818401171532796,12.129108038778924,10.998683937592126,10.805560727121927,9.372751401110836,10.864992929258142,12.078529785004292,11.125026662606306,13.136128398061368,9.20007742692511,8.882786109606634,8.70100343201299,8.17992100520766,hiphop
-2.0724581691672537,-8.931030203189026,-14.340475708414582,-2.1356736515038532,-2.8947590700186883,-12.715858314732976,2.186952978335733,-4.222333178732565,-12.383720492650067,8.14387905029918,3.4051085083007795,-7.973511490673582,0.3821333063591379,2.4113155336830006,12.080736256393104,17.174553489238527,11.222586799432587,10.22183648199228,14.924405597119529,14.999036927287056,13.278817633610881,13.270374699095358,13.57908530887246,10.358881918226741,12.776987784300193,10.429427925742317,hiphop
-0.8004110810391531,-10.627485863975998,5.797531957738306,-7.093931501830778,-7.42492197108146,-5.978142781445695,0.7050336324892935,-3.756780966020566,-2.3251555995760045,0.05357532215368799,0.1532353670370907,-1.624481137756363,-0.6265150927843391,2.2456208087261063,11.21439939790391,14.712740330602578,13.607267246773134,13.132599988898555,15.70039890971917,16.670847437620452,13.057624129154107,12.676982950344952,13.422901282846508,12.260671398686158,10.95230046303236,8.709372176968895,hiphop
-0.5950626386618122,-9.067510048411165,-2.593976754022578,0.6928081918808097,0.710312735623534,-0.16440337964368718,-6.17455496146798,2.030658966546633,1.7810549604899686,-0.716742172516869,-0.36479827242977864,3.886050621289022,0.023196197008270747,1.4788183302463533,9.561638940392543,12.96994084413398,10.369472512338724,10.767798843874113,9.885100797097202,11.316795131490176,11.933422641072116,10.707647320136447,12.06293780056843,9.800159078223585,11.233353974649836,8.086372988823546,hiphop
0.13410581870396607,-17.438873409499806,10.25863594634724,4.441382622811935,2.8871346887612246,-0.6319546366594309,-2.1137471757451816,-0.04362527137578988,3.544717139084224,-1.6782401511411533,2.271855021279906,6.678397233489531,0.5994608021547109,1.438753782042112,7.84600014737692,10.593095953058683,10.325083414164048,11.959152519366295,11.084123876983512,12.424190446197974,11.407060562266258,10.71398420235714,10.998490489862535,10.338644949399395,9.805145607485482,9.132980238170349,hiphop
-0.6432220491107813,-11.801418941764037,5.2231973137410606,15.894251820719305,2.013301536606371,5.07105827514143,-4.101429555799841,-0.9056031197529749,-4.423677209641268,-2.7204973588833137,-5.922997698917528,-3.949597238280102,-7.023165736186195,1.9535914564026415,9.654458656485987,9.274877733749308,10.207665088870254,8.891132721825702,8.677209563381883,8.836198978341935,7.12145365253109,8.120416315037982,8.50540973382829,7.905860890019361,6.8645916859293195,6.9769362053716915,hiphop
0.894959166209757,-20.420267542731523,5.615321997727388,17.70857809378969,3.248482750847779,1.4902113872673939,1.483536228802868,2.791394353116212,5.451435423966974,1.624440016778264,0.2783236260926226,1.3469565122086007,3.678171691407823,0.9123417108081149,7.229304873383374,10.56409960012914,11.490971924176447,12.391408474200242,9.798420787845016,14.313355280743583,10.528893073837816,11.60212910596615,10.593098790569348,10.131965796422225,8.615583971258639,7.422338088340965,hiphop
-1.0653297424152748,-1.1452421767191423,2.7233325111313493,8.315200019720733,13.463221394719255,-8.282761419831553,5.487937859295699,-4.046556791538506,7.680330059705025,-6.485517953471848,6.693430903060528,1.210663353593695,-2.64109724766986,1.3335426894198081,9.995269820266001,13.004945196674102,10.589819636340561,13.728851666314132,12.553837889342546,13.219998850116067,12.213420858622785,9.668574949268335,11.156002188925466,10.765459627917437,9.395952940537557,8.507857809965284,hiphop
0.24616623446982722,-12.174367938926858,2.1082554332326526,15.647624725712395,-3.4761625186490526,4.140876794898222,-4.038341880796108,1.5826282779535021,-1.632045711869588,1.2473731677815614,-2.9522959257029036,0.47186867054772796,-4.152691868845177,1.7183021042822852,10.997826426392452,15.09773180574426,10.503774814573742,12.285058594148214,10.003964943838865,11.27262979952829,9.482453029550074,8.946450143089166,10.39006828221852,9.078515315330932,7.621332001497345,7.6960506747187996,hiphop
-1.4151186585337476,-11.757038355279295,6.391268509346212,1.3098974579379425,-3.9770358280233475,1.3863943828453789,1.5856487327296847,2.669966892844873,0.9466913857306639,2.0659331317420397,1.374909117001644,0.8434239342546893,2.4693534319471504,1.7171265703251233,10.266615805213029,9.914771811608238,10.592518211357651,11.713760910574697,10.502012665343265,10.641514632489873,10.12542329819136,9.259033182918863,9.956302554781843,10.543408974508683,8.241278758968061,8.075328699082602,hiphop
-0.8830254347087269,-15.665651399348928,8.983066432758207,0.39169324160890034,-3.1302826350372848,-2.988961210718264,5.700042778797679,4.1081184977728284,0.11466546035545512,3.8110782986154135,5.267932686936354,2.0731852391888124,3.208431336802855,1.5898218442867889,10.044760650968058,11.507831073693325,13.36238258015037,11.994171359645732,10.636300744846167,12.124358395841979,11.677998855860423,9.504105542415383,9.978250900876112,10.723283572613205,9.394228472568868,10.234984958691607,hiphop
-0.4858044610404639,-16.458924568846292,6.146958876595864,-6.618150304814519,0.35237767262362374,0.8426135890902027,2.006627396477698,-2.5011211461465406,2.45398872605605,1.4099704735469965,1.9475657380259541,0.39349436902724155,-0.6560541345306736,1.025821403685672,8.088776211386572,11.117583211740666,11.967091239186717,11.881254143892424,8.9399095643394,11.438095073565197,12.012584978700472,10.836027543253872,11.161409076916373,11.049313403220847,9.02952920260565,8.779141784663008,hiphop
-1.6597198090359888,-2.6396866066005624,-13.881548087863694,7.698565557135798,3.432967881991875,1.462049388899317,2.5832860499147854,4.117561267457812,1.470881041455005,0.6625866105486062,-5.345849756639122,-2.902362362693739,-5.444610309298257,1.04724946314315,8.866758728690266,11.265778478082439,11.691944188608275,12.112873979569203,10.903669470278867,14.450155262394631,8.912557502457425,9.901471862988291,11.59833803884908,8.500009694187716,8.284741295679625,8.26229348013052,hiphop
-0.6646060490366614,-12.935179178070753,-6.519025604850112,14.488862325929526,0.14725701367918972,13.523807615369037,3.507766787487225,12.241964853661145,3.6057036093434203,10.455540233788971,0.5821870845146899,2.796279825183368,0.8613195429148287,1.174952692116731,6.349597581808175,10.777692589769117,8.79795946668091,9.149958170981515,8.409620565188225,10.411718181435589,9.490121203136018,10.338038117486654,10.90926463403419,7.468858734401413,8.126296246624259,7.732546124917134,hiphop
-0.9983310935272918,-8.21729929693916,-5.276725177620565,17.971601234112214,10.824823257378005,9.05562970291108,7.297129073277254,6.804481883489601,1.2659368083384537,1.6309237654147746,1.9942913996770226,0.2487824466867014,-4.165801897537774,1.1828475168290116,7.232142442010164,10.913527258946827,8.660933734972728,10.191218631437529,10.439917030006727,10.28602336767537,11.902036988778164,10.778000793889818,11.099507153425886,9.126667867903981,8.89638414471826,8.103046246057998,hiphop
-0.8207815269555856,-15.745851433829895,-11.505456910579623,12.842931669139213,0.28447742103265455,10.444059074675222,3.4962199954359052,5.0622271842764945,-4.716548276693132,-0.37219673573200335,-3.451326423301075,-4.56209260582687,-3.4279183400591364,1.5890211005645054,9.281825551841079,12.44243543879739,11.624730553682868,11.574638406030644,11.36488806080347,13.486140049625515,12.25075229742871,10.415687844848913,10.762097842991055,9.264619213189535,8.714461661242034,7.4356291018682485,hiphop
-1.2151016485187829,-7.269965747010369,-6.74183460854544,15.70403463260616,5.478633177050347,4.464610462768772,6.850928928799362,5.844120439863926,2.882768984617139,6.871182844096097,-1.9832354490687512,-0.6862151722082376,-4.92188268925297,1.3581893983589335,8.54334417095778,12.585121350912393,9.904710473324004,11.414625637856433,10.471288163610856,11.636967117766332,9.988545093931322,9.721940116638747,12.17408842472422,9.062357801890435,8.284929646084793,8.702045642040188,hiphop
-1.5068882010132674,-5.983141992360967,-11.629263146094276,22.318451907010196,5.441107006643926,7.487837787778086,10.230835707800155,10.019187198028993,3.7960435517344364,7.796023786308056,3.045653568823118,1.398440736764508,-2.119999033183066,1.3638781583183641,6.871487296710271,13.641439638043815,12.346254868299269,12.861893331407796,10.868308327387872,11.484261017376292,11.295077456567546,9.94788936069044,12.641569179580367,9.993409668958819,8.20305056545173,8.064059124676389,hiphop
-1.23862531273015,-6.554919114361806,-11.48284022258944,6.72846147162197,7.018775809102702,12.51405070939351,1.0355455724773022,0.7103669158830168,3.2801380685175734,2.0747241824977047,5.416879331151019,0.0770493504844964,-0.9030613719771152,1.1809852384179096,6.141742794417529,11.367067164942863,10.709348459517813,14.40495607242861,12.369790124757278,12.346052879866669,11.484025225248981,11.739319572901312,12.501717996367411,9.102525355203367,8.563754838197147,9.212598170347022,hiphop
-1.3662600366248958,-10.917269226132158,-2.9306799873347433,2.4815968743172796,3.617712080524392,1.9791878511585064,0.3582184291246028,-1.4030320558195863,-3.7605017424309315,-4.097892206090324,0.9296422347468435,5.328691189922725,-1.2721081530659575,2.009953407548391,14.086261773464761,18.23980500785,13.968515034281994,15.270396457077938,15.466221832084111,13.035625983650595,13.679710558140311,12.430053256044989,12.087999407239819,11.690338815399977,10.198254672245447,9.561187329879921,hiphop
-0.5614892016839296,-12.327877269160751,-10.272053262374442,5.885764644579535,-2.460279274004283,-6.260822269179236,-11.998494655969575,-6.985556123342976,-2.6562476006339115,-1.5351693868260687,4.5953557869217505,2.200719100328936,0.4170135857580814,1.672932184667995,11.085875705355265,13.613508919043987,12.285583163237469,12.127347005936327,14.36954836671698,15.037145228526839,13.333243129412434,13.200382700092453,12.434135802332975,11.714524312980974,11.58852833491778,10.144023831155009,hiphop
-0.31608232246591145,-11.858706239340034,0.07591780911114603,15.537137792458925,-4.205688098699733,-0.9668757867509414,-8.480051382306959,-2.5717130507178245,-2.656689404262198,-4.49338829583956,-4.693087193169411,1.3662656729722997,-3.8831291729116146,1.444662190838351,8.226967303821736,11.389976199640502,11.765826092254114,14.675324661248855,13.523849042763672,13.681542629121617,11.861851973431367,12.050105299792284,10.509951315518757,10.246232451868963,10.715934932920884,8.77058741344988,hiphop
-1.3348997639997322,-10.23676406604126,13.925303416194529,7.067322978083427,1.239633175475074,-2.020785353024108,-4.46595011805646,1.1222073521214875,-1.335194429839279,-5.408644103247879,-0.9471929572382509,5.055331107272423,-4.271901045651309,1.98325541423655,13.010864848833192,11.994074761729905,12.32684796068851,12.68004327489627,12.749292032505172,12.462169697091635,10.389002240344388,10.69371598455609,11.812076634157249,10.563079523206918,8.803936100779374,9.19104701313717,hiphop
-1.207831031098092,-8.09623761262948,-1.1336464706818898,6.47885587495783,-9.040292176957747,-5.910707691076146,-1.8132554704224444,6.602156826442912,-0.8272513265931174,1.0971591353834416,-2.4197744217456614,0.6786396209111962,-3.075240893053637,1.9207635016595348,9.889572083534881,10.723458699585047,12.012998811321836,13.083465233842114,11.296044278583162,11.311486394000001,13.462747987255858,12.822089666342654,11.6018104214705,11.126632528877662,8.795130896874923,9.388444821842054,hiphop
-0.12440622098314151,-16.609197310333304,-2.1068551144917693,-0.6123215584789168,3.3799036967957794,-3.4916374318953483,-3.826038233506749,0.239302889620553,3.4090116018487024,1.146343804860625,3.042843540992359,4.438773089350541,3.028583376309739,1.356058771633729,7.9979898715883655,12.055449618007174,9.932945245140585,11.786361463493387,10.574659903032197,12.576959787444586,12.056142955186122,11.387003228507808,11.417334699837783,10.050418892949878,10.642707609779174,9.085971338386546,hiphop
-0.2126820163622702,-13.172217764415647,2.5681934414839667,10.982790860658932,-0.9611710484632437,2.3976172404890854,-6.425213817568003,-1.9808462161538085,-1.552142129076427,-3.019404784996183,-5.389116537825367,-2.734715855269994,-4.8910358025063125,1.683609040866928,8.251970997547412,10.300327729976736,10.988600480101844,10.534348196603144,9.383432280175969,11.807869006266916,9.105762935159081,9.845588342885419,11.568147827122695,9.923424785230806,7.238499371556884,7.125466707150335,hiphop
0.8187135956239774,-21.688414933260198,10.32739320434071,18.180519917344157,0.5986576866117617,1.3664021753300597,2.383381043349787,-0.6834544679841307,-0.728615144092411,0.5103552316790684,2.740060170978954,3.9552768929515008,2.192452400245318,1.2214334305471644,8.052311854968922,10.436794107841886,12.222866378512045,11.82555316043342,10.220907950828556,13.646399890019035,12.381880009961424,10.419238979735425,10.754740007833039,10.216245122355675,8.496110467791768,9.169348519473402,hiphop
-0.17545378456815683,-10.613783819020954,17.498899717049525,4.7908129348184545,0.9112724788171556,3.9692176311272838,0.9109900767560195,-1.3005431694357084,-3.19008896052961,-3.029386854881486,-0.8033272707970562,2.157881811843235,-1.387328931763395,1.5938572486194715,9.661420239641583,11.4842786840555,11.14636770614033,11.744152915348327,8.644217962475507,10.454423494390882,9.822513484998009,10.197970116722246,9.631900335306844,9.459583946168664,8.391230040944784,8.045833253464043,hiphop
0.2686331880354836,-18.149170971597645,14.126538286680711,8.678279532194995,8.610839266159722,-3.468920746183935,-0.24140052962469133,4.221008524605173,-5.575140994392514,1.2794960205866048,5.171102331019228,0.9122074927558261,-2.6507640850694845,1.1793394790682123,9.620510116637872,7.462243044497268,9.138796804037465,10.539093899736237,9.072980026094994,11.305906746237513,10.79044434162574,9.597054666412458,9.463024182422005,9.241099346359611,7.930288999486833,7.50121395237455,hiphop
-1.1096023088992382,-3.6410665647115947,2.8164705550411657,8.693785367662993,11.853474018722045,-4.733162771679483,6.1405099373149366,-6.398821687594415,5.980426995137569,-4.527035266652403,6.339432736285814,5.983922804000061,-5.452546370410993,1.2594475097992923,10.174384971905106,11.670852634552945,10.317818788796759,12.90070867177758,12.127364954206085,11.778189167509487,12.281269167271807,10.097586613302262,11.421361428455837,9.918486827036585,11.33333500170149,9.054273152279102,hiphop
-0.14453408065767404,-12.555487222361462,12.924562798478094,10.741203762357554,0.35024256983237295,-2.850063878619886,-7.362731564685469,-6.6291729891221625,-1.8941839013865849,-2.3847500669031776,0.12801400909139157,-1.910609173531577,-4.470926900085943,1.8831563477306998,9.805974896965871,11.371576582071539,11.060981858969456,10.848585144620309,9.060644662930974,13.766180213359437,10.17285968109483,10.423674320170779,11.281348321572262,10.522483591087436,8.413296828228466,8.220481993758533,hiphop
0.09731067450916332,-16.505007992440948,3.8470201396645667,17.63281473422711,-7.813706637104388,-0.09823416154982648,-9.739068367156314,6.870264825368524,-2.343216766859624,6.11722967217608,-2.955897861745081,-0.7452407216871059,-4.548306747020374,1.229742030348054,7.793151108248295,11.64891599779782,12.021389863657458,12.053713779069327,9.885987568172757,11.769460731577226,10.23540022686329,10.480701038045162,10.659829954322701,9.685833266146451,9.590718578808875,8.740459660691744,hiphop
-0.22186776495531058,-17.587737211929145,1.9244591321545195,5.630219078791801,-4.090365813294069,-4.815398781498988,-5.062806333390888,-2.3830436727944777,5.475995968162903,2.5356622789107255,-3.617954623928439,-1.667668579290671,1.2508168069796333,1.5690459765609903,12.23665617365974,12.161588925255877,13.804672282755456,12.171687087918283,12.665317473318119,15.238229916922133,12.814801217291349,13.942831689287353,14.179633521305643,11.3615412041659,9.43822316694701,9.25126343248501,hiphop
-0.9186271866382044,-7.38524952956649,-4.047815983893102,-5.162358625734672,0.801942585305524,-15.352716369399607,-2.824019124702258,-1.7991611201150517,-3.479234549699776,3.824187791256045,1.5253388551464446,0.22831304821904314,3.185793869388442,1.631099852552604,11.583702715704021,14.59670557801453,12.211448334155852,12.709580199543112,15.733467045694802,12.45497164005686,14.050036133543122,12.857524733945533,12.69735967112666,12.288090523180783,9.80543226210811,10.935315089881229,hiphop
0.7082251285414464,-14.754317218194927,-2.556194849743669,-1.6099754437170972,-7.375416450923572,-8.16587160834392,-0.8361441879288611,-6.5666846046834175,-1.1667423033265378,-1.4590503558683003,-0.5989003743584599,2.8406561539870365,0.9752078226506232,1.389051566226667,9.069279865199318,10.694655210310199,12.161844560176204,13.085293116968288,13.07773121299634,12.732667412248139,11.678722333380888,10.921032842852954,10.499424288698233,12.82113071766267,9.475377236187178,8.894341660461397,hiphop
-0.9186271866382044,-7.38524952956649,-4.047815983893102,-5.162358625734672,0.801942585305524,-15.352716369399607,-2.824019124702258,-1.7991611201150517,-3.479234549699776,3.824187791256045,1.5253388551464446,0.22831304821904314,3.185793869388442,1.631099852552604,11.583702715704021,14.59670557801453,12.211448334155852,12.709580199543112,15.733467045694802,12.45497164005686,14.050036133543122,12.857524733945533,12.69735967112666,12.288090523180783,9.80543226210811,10.935315089881229,hiphop
-0.001915728161117017,-15.496808328729406,-8.81702038508513,-2.5490219822179094,3.6283557692590027,-18.906201240869095,-3.869299117302991,-1.6917241862136245,-5.085358297862952,0.5359327851337107,-2.482892815590642,0.6877334986712262,4.845893655344169,2.0577679558441306,10.805897451847617,13.758767455540866,13.265162793231381,12.87416332246751,17.12926651651291,14.235844579946834,13.662268920703605,12.190604280349104,12.920592116335863,11.321209861737419,9.896211205094396,10.268736992228039,hiphop
1.727874924906425,-18.44578617433193,-3.7440044804237513,4.210162508368447,-0.5903006981386497,-8.418641487342546,-4.73498544058513,-1.559110871029014,-2.521801536942611,-2.5964333181845554,1.7650951459057733,-6.296648058746284,3.7509800450208646,1.0085028764499988,7.858943462105892,10.248191955295514,9.836168515487758,10.505966828048242,11.60567116635542,11.683350733833407,11.144315570134552,12.48217406196034,10.896976773744697,10.248360747733217,11.73062454630097,11.462774290695192,hiphop
-3.323495398628208,-0.6708322835487178,-4.947575316523896,9.539670398415376,-2.7193399686522435,13.344257944392147,-12.405285950464524,13.635474633975221,-13.7597653621227,12.685207006719716,-8.672428369419825,11.192096042002307,-8.852293299208805,1.430289124556719,8.557974694766775,11.854054720578068,11.077678009477527,11.013724865482406,9.886683451217555,10.55292621570281,10.7778476186365,8.728324818387893,9.34801814789534,9.420346290262186,9.361482942775208,7.826058825104758,hiphop
-0.12250988496634674,-10.315751115040165,-17.424065472097535,9.469453845238125,-14.95793497653181,9.968521815674269,-11.30468187235006,11.100313767605252,-2.913155648769805,12.418364532262045,-8.18326865117298,13.234864435847488,-3.9787281526357923,0.74310525043012,7.30282940806007,7.883131200931434,7.504626615466852,9.349229756747102,9.59274311691541,10.774793569847725,10.977287836976023,10.390957271771113,8.799876596982266,8.796295712550979,9.486724275905061,7.830668402455163,hiphop
-0.6797257300372742,-11.407248691058724,-15.549835721026726,4.6185196655528635,-6.642207375274775,10.074075978470363,-14.227685321356141,10.993523959253814,-9.121040757477967,13.929109978853376,-9.645036537807814,14.320323617371356,-8.322170860192974,1.083986117461256,6.107651180892433,8.973905632879978,10.188997738348528,11.189528986640033,10.134667705236849,12.588330310549802,13.20450263341725,10.656332477999007,11.027336179637425,10.744588882415856,10.749326980464758,9.269282518102752,hiphop
-1.5921955963883034,-7.194537297027481,-19.133372664117402,14.09954652286169,-10.130449578180365,2.4969644943979494,-19.94155391395517,7.390397333083394,-11.352332838141693,12.116943850671802,-4.277104683570113,8.123451013239311,0.9094604870196026,1.3262421637702337,11.97176574942754,11.838686264337635,14.201094047932708,14.00120521612341,14.642777154346133,14.687845421367141,12.636535305082898,11.85044719236817,11.285778063954584,10.088430617069085,8.970586172143888,8.684856131880954,hiphop
-0.2830129621506476,-14.596225371071775,-12.698541955991582,10.020850906000643,-13.068783940285599,9.568900669522977,-17.618642355604493,9.610652622564235,-12.606278939630988,15.980740491590884,-5.619471744686644,13.85694697458601,-1.9569264391433712,0.7594974457431578,5.872504210158474,9.390565240297281,10.053973318358059,12.227687384110734,9.232388337972559,10.68418087337332,10.442535791653796,9.866943993611164,10.276802254427013,9.512018761206875,9.16735783381289,8.329792677523429,hiphop
-1.9400717844788955,-9.248978707554437,-13.059435355160398,7.71393575856329,-3.230265572686144,20.557465425396884,-6.0877942057962136,20.95264679985475,0.5144114873994313,11.485099576456527,-8.291668970341298,11.93741311956312,-3.0800394649625615,1.332347939048099,8.174374517334092,9.130731760727404,11.723830865673554,12.528832796727444,10.660137039607898,11.119107505786012,11.898035184255539,12.120895583058628,10.358319373399498,12.39422253987214,11.918431322890443,9.540252168081938,hiphop
-0.8819653338644706,-16.202634033109323,-5.702352886814807,18.970085065062726,-5.222296306938054,12.24924930873692,-1.120219507749416,21.260222680461403,-6.68078584838915,9.86805022242864,-4.533804268792683,11.035496830414864,-4.233293343418404,1.324806992789988,6.0341696308869945,9.876522835167776,8.364517017939654,10.305324573262547,11.021723560400302,11.048060109620781,10.559718689367704,9.19410980408879,8.279107166581904,7.406201228351788,6.962026710783038,7.282389567863606,hiphop
-0.2924682941527376,-15.114610043184802,-15.525103624686079,7.120357065570279,-8.410564442157227,11.575314807512468,-17.906975962277397,12.04117667510995,-8.743572680621014,12.622375790667318,-12.491630061217274,8.477379392290656,-8.137155040532901,1.0033881759937515,5.8245430484400975,10.137902776207369,9.487027748058686,11.67156015786813,10.284324110050145,11.656132138488458,11.164833710422732,10.592152395596566,11.497433345543026,8.44019021882626,10.107316432479594,8.386156222564756,hiphop
-0.2443824111549397,-15.389031698675623,-15.437855347935464,10.928203311039852,-7.5885220902530115,11.946105515024414,-12.85080279842314,7.546829115660508,-5.480757936316035,19.41234171190583,1.0810531228044595,11.671349252833297,-1.686626498687015,0.9595575472177703,7.252828391234398,8.81010719073734,8.66241458127408,10.380338955014548,9.460352230583188,9.512634517370534,9.88638589032163,8.45627168532458,9.012640948190295,9.700540582662875,8.48239484015857,9.199978516305167,hiphop
-0.40799233898003195,-10.88562455917845,-13.659743312193235,2.110939826430969,-5.25475383366011,10.805966320487457,-12.678048559772234,11.580855404992528,-7.290323006072281,16.044830521767615,-8.93434652200745,9.441059131816735,-4.226671591041165,0.830942748880638,5.052081873308524,7.406135698926961,7.929897193473439,9.363263673874991,8.7353969815456,12.153481941018795,10.689911990661537,9.969329816815499,10.808680733746405,10.000623616642528,8.549066949576154,8.291196668487427,hiphop
-0.008154405230767662,-15.708010465458202,-15.365601114001178,15.374056760915284,-5.985372843123346,11.854205038282883,-13.539644944565913,15.382703532175013,-6.564877912735502,15.941071431450577,-7.144655897995928,9.385706788682947,-7.287598423071925,0.9979932981181705,5.2450571176253264,9.461723426259605,9.256882945197923,11.490228745362149,9.843940243736292,11.630859780701401,11.19073587919944,10.33985586313102,10.263787991702598,10.09958202826661,10.270627704690472,9.60670712853239,hiphop
-0.5596544910163816,-12.746339519907675,1.808647299262837,6.121303698108386,0.5700154561011366,15.506417274773128,-12.125474216787033,14.602643555593406,-7.451618585432826,18.803341984282802,-4.751629164375262,10.163155608292476,-5.15202784373824,0.8876691463270425,5.22063362880044,10.244990033196547,9.230196012092645,14.174303654394924,9.79409939590457,11.39310951749269,12.570318361021707,9.480573217749349,12.50028080829467,9.517900774839156,9.417308765918197,9.195703186205375,hiphop
-0.7516303663200207,-21.94582780101336,-2.4995460451338296,21.22101995360281,-8.143268002047845,17.991046612165647,-12.36061154304129,9.61776960501374,-3.471936236374728,10.065212946631844,-7.261208494423323,11.09324820920295,-7.144519242157999,1.1795170774368928,5.817363894943393,9.782997928121485,10.32280865134477,11.71540602975849,11.149903148908257,10.621483701601262,11.84432701213284,10.626169734966606,11.582606291964122,9.843429247837145,10.63896438530987,8.719856039202378,hiphop
-1.2210880125447927,-6.808277924948744,-7.859126187326772,6.130541626005621,-2.111887245713598,10.150069670885744,-14.905831188031806,16.972006620340558,-3.642493431190254,18.437433687265695,-1.216491716037808,14.314610886923106,1.4596617158593823,1.1515860245260134,7.726162725186291,9.843906389534713,10.55885278255299,14.131403822678466,12.941214270664549,15.399326650966152,11.851876204747047,13.988178559062423,12.358248504182326,10.978548065958512,9.287615392246078,9.383694778427223,hiphop
-0.31473546975615696,-15.902758227270454,-17.989192677003075,15.101163828993757,-9.163756451006464,14.789937646046896,-11.837695908534402,17.089449063705082,-11.036189503704966,10.166686996107853,-7.139562796632078,8.636671987958993,-7.023262625072228,1.002512054190098,6.121909326412968,8.13252259573306,7.227100525941129,7.448748940823583,8.264388831457492,8.590666563399852,8.783372034699033,9.45196766636747,7.8277580941193206,7.543979262926485,7.616895212390005,6.546852466168998,hiphop
-1.1434745284229724,-1.2922047423236214,-20.182267453404993,7.8637773440497645,-12.880567738176515,3.8853766879442357,-10.877639242132844,13.40166629260252,-6.020165871490747,10.623492772879908,-8.39882755218367,10.090239694531283,-5.937504479434976,1.1722841463215443,6.972388286193593,9.209791926025696,10.523597569228516,13.605243944166922,12.450378489092383,13.342579075138465,12.145158542387211,9.83993737632084,9.765748960750487,9.398039014142428,9.247540305604673,8.680253132338908,hiphop
-0.11575135253919008,-14.673985677624685,-4.476240655415347,10.952722621988443,-11.980095778736459,11.541697496906629,-11.356056905764623,9.889508115258698,-11.239125035209687,12.527198162519545,-9.058786035835412,10.765650723089193,-7.568358487898919,0.8663123510401173,6.525010010672056,7.351683621816245,9.89781154428761,10.947901644770152,8.92595127927459,11.091009535466483,11.272628747702575,9.884775280553832,10.868839379592089,10.36014329975908,9.724529799499933,8.294106897203052,hiphop
-0.4064021984792647,-15.187951810332873,-13.64249172310735,19.0437736118918,-5.1266270749649445,16.056392655776683,-12.365433590156627,19.187303440675798,-5.5860255407699855,15.801054266800039,-6.125515589471797,9.060216342788364,-4.8689936960815485,1.0330741078884602,6.788019735081553,9.17235174368607,11.511938800351588,11.472898439819401,10.700393809809038,11.254705827850406,10.624543202489905,10.586921554709846,9.608109540325389,10.002445117202075,8.636254975766331,8.244200563545487,hiphop
-1.1089250579865484,-5.038358017902792,-18.326598487606912,3.740475961710255,-8.221766118206478,3.2729855266759786,-19.85457889051526,10.878686943710957,-14.805456151705709,6.012260223038349,-4.398992917772118,6.039838223261858,-7.70884024290492,1.3745875854042036,10.889127538353845,12.913837966310847,13.074536770120789,11.93262751896388,14.920886375442178,13.706080770685313,14.52246296150761,14.012510521204188,13.838858331321912,13.122697995291443,11.294328540268989,10.093920173628414,hiphop
-3.303898508566221,5.344408956452663,-15.296985278408474,-8.576934494401252,-9.098784588066339,-6.70026121777995,-7.713822153880086,-7.378474583710616,-7.602889723370165,-2.6780699975405944,-0.8470511437904291,-1.253579024967893,-0.8704903198657002,2.3179859474259064,12.718993001913574,10.399950040900238,6.297721065532044,7.061649787377637,6.97696722693684,7.739509904343588,7.779088041459546,9.032666167482466,8.674621232024165,9.270130370199345,8.262393231015283,7.574765288140918,jazz
-3.013893013377916,7.124622491670519,-10.616179729000654,-2.402352803491633,-6.307803374435164,-1.2616840557789586,-6.658717991595302,-5.171329974076278,-8.617703089763262,-2.1519836572050286,1.1751025006089768,1.160340145596843,-2.5798452344968545,2.0158994977533427,9.940245962196261,12.297196693360515,7.379812560730725,7.461445401882907,7.7688692254498894,7.9632081014276155,8.500156557566587,8.556213394025455,8.478247964064941,8.876382683405046,8.791018935945663,8.9672993888878,jazz
-2.501595108659276,20.358884714841388,-28.751922723959225,-0.2674313179252521,-9.001877914509844,-3.1479681300987483,-12.108549085040252,-8.988355609099619,-7.662629535883028,-1.5851311931862224,-17.62066360386651,-6.62054246255453,-1.4055008281126262,1.7614725944561158,10.51146652592933,11.988962520169508,9.442381803500554,7.800276798381849,8.607242116876643,7.323665670563522,7.307344383847875,8.441382279004753,11.774238614174788,9.855365457942575,9.18944803819656,9.88296571574847,jazz
-2.9017902777244595,22.88254246219053,-7.482409181425161,-14.579105632693764,-8.89957516800175,1.0274847239910145,-13.782704980823901,-1.4114810326721554,-6.907312466711456,-0.055271208865432055,-8.50782194362223,5.185815653937776,-2.7701657206104784,1.782599777833291,12.479349444582962,11.456945437394369,7.65184163912294,7.7385047668617,8.948050806745657,9.410706465395917,8.900680101123932,7.813656054847252,8.319009131182865,9.258170702638463,10.738711299748829,10.074841409965176,jazz
-1.8171588528099754,12.808848876828058,-11.051044785474437,3.0755359812435916,-19.148310652291627,-5.38566765564292,-16.232937173929905,3.6309528739681243,-11.768485020627947,7.10444589508675,-3.4734184673729884,-0.57269781738189,-6.187617852240412,1.4307563292743621,6.339848606951424,13.993263595187276,9.405150997540245,10.309771216424325,8.915777506663412,8.479752366571988,8.38303370777901,7.410087554115393,9.347781726841301,11.25666663871906,9.413705206164932,7.220455656139248,jazz
-1.9969002680358543,7.729909208779897,-14.710197038630826,0.4042636815565361,-15.58779543002428,9.159552354327094,-5.533539558613034,7.1909311992601745,-2.0150938681094037,7.372464223921308,-4.2459099432369625,8.220005289490524,1.0342778121537664,2.142376880965203,10.641664354226497,13.81743624915601,10.855605336298993,12.87921262680061,10.236124677257322,10.883297870888619,11.304419656030374,12.185600099789697,11.671162802856834,9.736658476726898,13.033622638877693,14.863800621255788,jazz
-2.059343038815104,10.341339433446539,-17.744018605081468,14.013120725110511,-11.61556603503936,-0.6354460497468072,-13.311541482122557,10.037037193686349,-16.639972934110084,-5.288170907908505,-7.911353182453366,10.292308252222472,-5.390242190596893,1.8736539856264267,10.918902133591375,12.79051125115807,9.399955062363942,9.572020610770823,11.672846943929626,11.459538220454723,8.811916082584965,10.45156186168392,12.15293901557581,10.553801784781136,9.341690808591155,10.451037004871132,jazz
-1.3719616600506346,10.944195962667564,-19.52641592253441,-4.4884111707364465,-26.323741300246223,4.4850571060430875,-8.215656539998893,-1.57776924326843,-1.1412389976880677,7.674649375018699,-0.6317210327255043,14.883079770852,8.821150633282462,1.9485372783531574,7.140478303158315,14.192856599942939,12.713838575438295,9.266398168463727,9.360024215226625,11.531280253372977,10.777459891751267,12.82927235201903,14.685829728320556,11.886201355451993,13.977454725783202,13.452881874930908,jazz
-2.0888402212066044,6.108269858395267,-16.933733673965452,11.108486079479743,2.897727339078366,10.347215388024335,-10.971313128049102,8.483597925250358,-18.919754403005495,4.835332156294912,-7.167799115142946,1.7861597723990739,-6.623310699491434,1.304375848062043,7.186058839655553,12.578532512092396,7.008261547862714,8.927666932464826,9.265924928542399,9.938609954145354,14.057327047118248,12.045174603274855,9.894332642486127,7.736637803506622,10.213869926343332,8.375247864662697,jazz
-2.4898793312824994,19.234871500651447,2.2675071655356955,-7.5102864287041395,-16.934819140205207,3.3575817758327506,-4.514073389654841,9.513981168867609,-13.376034095657458,0.5027505537023325,-14.300286490766297,-0.4474700902283067,-12.788514333946884,1.0260456537138487,6.8830996113279,7.339942130580132,8.874073855964848,6.643828277582486,7.061717777881051,8.763110374449933,7.576063350051707,8.14763188543827,8.648519868886527,9.090170464706247,11.990550095294829,12.39871446020904,jazz
-4.082852487893686,21.26177933837076,-16.724494612082204,9.715013509072708,5.258227012470935,7.210934387260799,-14.782211496677768,1.0240173702102864,-14.251845247217164,-4.888033613215985,-3.6934534500055056,5.373503952318213,-5.371652712810694,2.4346294756136695,7.921890099540949,17.260284337013363,6.761378942062635,8.699859703632168,8.98085451904508,9.608960007396119,9.00870677228469,13.103030143946953,9.692061004015295,8.544693206708644,6.855639818840927,7.198620899856235,jazz
-1.5939692229769333,-2.4982821488029403,-14.063047540478957,-0.42133921018061554,-11.29563000050418,2.5655427304073193,-18.533967790495083,5.191260916461652,-10.658648144497938,10.40107661760881,-7.47168393498408,14.380576184417064,-5.365947114638525,1.351192540651827,5.7701816876516885,13.82201161867362,7.5941968229552925,6.336621700795845,7.423641631264044,8.253120316350872,8.394624806249142,8.44176960214002,7.493560499972144,7.962724964359309,7.508441705979841,8.212033255557294,jazz
-2.4183016608046355,-0.6799341272063263,-10.237993569271241,2.764610983456667,-10.052852587297565,3.224166519203903,-18.430831741723402,6.570560387808592,-14.050557502249035,6.777272575613177,-12.251908185416578,9.246965252955805,-4.542826638507023,1.346026161508411,5.832928578502876,12.47103670402936,7.304906253218629,7.0336874348479395,7.2046729530946,7.400824206381767,8.29904640906915,7.519702375849836,7.3280693868480915,7.482093602832608,7.151908926076648,6.636066063824025,jazz
-2.04947304344895,-4.605960741643961,-2.6213705801920946,3.686351617774561,-11.084418692565507,0.08915730600301637,-14.277962455721248,14.949657641016712,-14.976850807902633,11.72642550836229,-5.695685309319188,8.4884380119212,-5.154703309548785,0.721208133311055,4.164576846676779,7.003316245456212,6.269426987659213,6.494581556248962,7.585883505978458,9.171893432090759,11.555146974610981,10.58914246850338,9.51398212922858,10.295401952475473,11.273010555052942,10.652272425400144,jazz
-2.9536832115079146,13.039973678998606,-23.1212376500657,-5.400676179772509,-13.397964355377676,-9.641165851967642,-20.49041530168097,-4.624390944453916,-12.125417201811757,-3.6324684573882613,-8.767285179018582,8.930740671713128,-5.065653573691426,2.4130839868194527,9.99973006454817,12.123086413295683,7.7502286751330685,8.736213792837958,9.682157644799467,12.165808969187648,9.548470598368995,11.354321886421932,11.517708466069946,11.037167270094107,9.490594733997234,12.045023771205408,jazz
-1.8319287203523589,-2.6975860665864646,-13.946308094735983,0.43936085999403107,-8.292508335842356,1.055636266023816,-16.83653919529035,6.969374142910974,-12.518755945058318,11.972213583462855,-5.698849001683469,10.557233182569316,-5.7759664146231815,1.3116127646452722,5.403936487352388,13.813598487152923,8.843075596951579,6.714992844661445,7.884260781803271,8.655708045779814,9.659836580824805,7.912776329071522,8.518583439012643,7.453529401932722,7.732518914213759,8.102066815720107,jazz
-2.3962731581454664,3.8197767267784912,-18.827527222686516,-2.109296190705022,-12.162288579802814,-0.5114418941353787,-20.256196032582523,0.30189398517729576,-12.82287094068908,4.923674123662584,-9.20873013689427,13.497555614839793,-2.3071982069867016,1.9520969152613716,7.102916222002541,14.934195081550905,9.227988923120806,8.817816903154094,9.312707300322504,8.84326526281345,9.90324657995698,10.087811735841997,9.970800931237351,9.76324581462692,10.058563759185228,9.48014836015282,jazz
-3.076171010970594,-5.026022109865404,-9.509903080589101,4.609507092379341,-12.257924200841522,2.8425026371808175,-17.165758557606065,6.59750874837439,-15.68263800092855,10.315328439360252,-9.675094538034244,7.0385557308230196,-9.689180566330263,1.4400109220839932,7.514205488318266,11.76719249706459,7.473898715755317,6.3364062307081195,7.0441901326393,7.6093103974673815,8.481302334966044,10.862653661027679,10.978271734072404,8.502998237765892,8.614287830907909,9.093173379325343,jazz
-1.8015187737833276,-4.9486310868980325,-17.932447834082268,1.335148646717089,-8.943634212643524,10.869135267328625,-11.27637721162361,7.283493046562084,-15.089506437052908,9.681688394126015,-7.283426242307939,9.04497495744611,-3.002829450167525,0.6862435270603726,4.1735644790214685,8.305191586708077,7.611477112660222,5.442121366510054,6.619578810599554,7.619860271809501,7.677570629561023,6.727232088270048,6.410139358448969,7.739641176512952,7.432730534986267,6.844162704396868,jazz
-1.556432744566448,5.968141586339422,-16.555265086902164,-0.3553877877287529,-12.26704305965011,6.1799453972597505,-11.528986213289754,4.889394102492856,-9.360272945906125,13.9425482471791,-2.5697516417029025,13.381973209626844,-2.6520249826830193,1.2589053854997756,5.5982623426618865,10.81235148512264,8.138400991386572,6.5915582312913354,6.848137268919631,6.7073483249669215,9.191810633436022,7.249665860466539,8.301010730040213,9.536855391754377,10.450791626327497,10.786434934914544,jazz
-4.344265884679449,6.0179825507303075,-8.526790693812133,16.136964076260703,-4.394021607142547,10.697886351576768,-16.474653227896766,2.095642196167943,-12.635173843757737,5.111964866677906,-4.199824922211582,7.195876433905176,-0.8491881725000896,1.8612292614666326,7.29164832027367,11.242518066843818,11.410887157236417,7.584689629240223,10.907082084654125,9.300344310421004,11.481398935704158,10.26763331311029,10.614741753714549,11.891185804959463,10.007454089285472,8.680201913915056,jazz
-0.4788132672032701,-16.601611766814713,-11.681857905275528,10.947250555154964,-17.985086062515094,2.875046538314617,-16.347766466604554,13.445174437564996,-17.293452949454434,15.434875663023918,-3.3661007913927157,9.777621273791725,-3.2122372539024786,0.9338977976289082,8.332349129047229,8.628454093026251,7.447174271527272,5.816294752488333,7.8476268194181245,7.4508178176766044,7.99598810880653,7.742151479898731,7.479417131774868,7.272141837342456,6.889543754194287,7.706269379463152,jazz
-1.8568999696010775,4.251396901792961,-6.493417441402549,-6.183188547447962,-20.089029594064222,4.3475441026391595,-17.08462788930827,7.096108266446146,-14.401144056203643,11.69761738004272,-4.728695155170009,6.488637550359151,-1.3507655290470002,1.254591680467746,7.4737029551765755,9.72700483384534,10.67971617203684,8.21445880788397,8.71346460228963,10.057625253272375,9.5287415803301,6.863455438545406,8.379743524455465,9.939448232726646,11.315184937602488,10.244216499506244,jazz
-1.4086135562280506,-4.936795359020346,-17.27572967057631,4.406354466784785,-18.67235976577419,4.123140449972887,-17.046018156856025,12.320523120185817,-6.328811414843707,20.896962669016723,10.143137374538698,17.451721462432776,-1.8934818164879204,0.9646475857890999,6.879816756465535,8.223897765802583,8.773713851784793,7.0986091103966995,7.439422367232384,8.36584807746613,9.756106312485498,11.392220299333822,10.578476968661436,11.458367694698596,11.961129532952985,9.234155705576146,jazz
-1.542884509350541,-5.06628134242386,-17.055706793798503,5.605692220972491,-13.852859916412799,10.942094199599588,-14.175137119780308,10.006972297931222,-10.642132656260596,12.056247389408398,-4.450795945616942,10.644995691001727,0.7986157531666608,1.2888387681493532,8.932443254121006,11.563808401448345,11.008392891759467,7.060239227597813,6.698605823971877,7.08291134133522,9.45456795053779,8.057140720766471,7.702127370923616,8.461576892995662,8.450176134192347,8.649494952714395,jazz
-2.2758238894425493,-1.5270357162033963,-8.369390998731829,5.204359371092222,-15.667368607212016,1.6972617627064794,-10.311344532132734,11.541230184742293,-11.860147236562632,13.754108525663328,-8.947316071935898,4.0422357866650245,-11.846840587652078,1.7678895077352186,6.8863555949679505,12.246950859613305,11.425950045803823,9.672345606422546,7.962903536280501,7.207431206814275,9.033739564561087,10.093621057132523,12.036669943269656,13.167974074076453,11.119119340377688,10.751361472517381,jazz
-1.8328628874455946,7.627748042976451,-12.2464135342544,-1.1007992265790691,-18.2287123947359,3.154522553909121,-17.982268334977483,-3.49955305559173,-8.425239217311288,5.419213694654342,-9.75674137325424,2.9025492514233706,-3.687505873202804,2.190739122308043,13.687332924712674,16.38441640329883,13.649009787232053,12.013566992857328,10.435889574054142,11.59614271269246,10.254465208642854,12.535434266292555,12.553476295383545,9.509719817031462,14.846579941472642,10.226531666990049,jazz
-1.869574579036743,-3.6113810151511676,-10.282543142555998,12.392076944933596,-10.172381390537938,-0.9129357899385971,-6.449813179276607,14.47243203851591,-20.94795552562035,10.428819171265305,-6.6833678137577035,10.550303989941982,-1.6267275164847177,1.5283099296346216,4.83963476006827,13.13768578235704,6.016613057461506,7.107156051661306,9.885799678822371,6.734137257713418,6.447467369477488,11.089539537316236,8.103958077889168,7.890098917327815,7.749847592067316,9.371592178153834,jazz
-2.3205377618923433,-2.501530399468598,-14.288987044480098,0.25765513415502267,-12.828042132384299,0.6207183626816388,-16.573182114685295,6.895360761423005,-19.78376417383968,7.788325893287623,-9.789564000513213,13.050026753000543,-6.9426770466939525,1.4259277668192538,5.621712464700687,13.609501082625332,9.58939320794121,6.691860991980867,9.675905355661895,6.6607686593790785,6.216456869121745,7.442981270516869,7.782588112196399,8.474056435780174,7.439294499331431,8.156622724265445,jazz
-1.6746260199079053,-7.8698190277295685,-14.47161988934111,8.174622446557427,-12.864312064204318,-6.423747064735191,-13.118731875181265,9.06029887308014,-26.97054972479834,9.652536356785141,-6.555632524836194,6.618856341757735,-3.9720868574487964,1.017994385919836,5.45152338586119,9.942175406748763,6.602743540517155,7.619555943067437,8.653994482152344,7.293278439615099,6.751382792666336,8.467258590105741,7.727991319039994,7.713907150714209,7.201328065455714,8.771655823968265,jazz
-1.1980372343499803,0.5443303116764218,-19.93718407557093,13.719847615456526,-14.888300093500677,-6.3006101812203426,-11.051107681770622,0.1727232945389334,-24.973517138958314,11.135784879115905,-1.2796170382666816,10.315568110378539,-5.741600273075561,1.9296878017845702,8.064025528219156,12.93989935421856,7.2908164645999785,8.16017315493318,11.410771691713702,10.444025622579307,9.314416200138055,10.725342308285843,8.640013487989435,10.328119892254179,9.355885401730031,9.441549707921974,jazz
-1.1332700257967827,-2.124251488995172,-17.114668180908406,6.252575746580792,-11.748327647236977,3.8124519420685656,-12.639373913447358,12.362798559251685,-12.896639943306157,8.696400085004086,-0.9680058021257641,10.17991521597187,-5.488739141203594,1.2978085046597447,4.836938608025112,13.824234008409167,7.127603479478364,5.643934680184534,7.279311156852929,7.972953803126449,6.426581315754529,6.667148575234644,7.304225437075005,8.0858100229815,8.552933189422895,8.825201649763706,jazz
-3.00556561422137,3.0677096907437553,-6.743855196150036,2.3901210821111407,-17.31198511943964,4.656055938131341,-12.662046532517877,6.74468275476414,-13.285806021936288,0.8357046802426666,-15.30320259629747,5.166994569949576,-6.889925913359138,1.6443383528297004,10.250616082637672,9.791203489659946,11.809218310858611,9.752374556601653,10.019816613865226,8.318189455425333,7.913644386051624,8.224121615933573,8.466665778270597,10.956025908857706,10.679760165491109,11.57345869757942,jazz
-3.4412663451293555,11.222831368816218,-16.717904264202687,15.88802325499093,-19.239582282615736,9.11329110548953,-13.83958733067051,5.527463184815685,-22.11657963771466,-0.9983537022030443,-7.474967669290679,2.4288538130832804,-2.48541082993424,1.8674219991803716,7.017753779483772,8.622316318425593,11.286584750794761,9.318786082808224,8.129470255547108,7.918383422791158,8.12436091724144,9.132734600618878,9.594934833528907,8.19401501660902,8.907521396636461,6.4042058353904245,jazz
-0.40862397384976745,0.14046095165588318,-24.99843889106001,15.292571006732704,-15.164972887665371,15.231508182002916,-11.258896213157094,6.701506792820554,-24.367477812502912,4.708824351554506,-13.354127075793786,4.9668371410571694,-7.470794762554466,1.7626919623154516,8.643522604607185,12.236298560205237,7.921435511836428,7.0239331739502475,8.87024463480758,7.5746393644028,9.188126892142613,10.35994795619179,9.165608060870861,8.434053848460264,9.060413728187713,10.027193296006708,jazz
-2.27015802759486,21.214077715372227,-19.518985799339305,9.839913998920613,-12.91670323313115,-6.102772888183378,-9.813612920260683,-11.281606503215185,-23.61729545607669,-2.6090981330247134,-6.544689972699757,2.929563764711178,-2.2856854726459916,1.251756601543849,4.7284637836217485,11.2766565949427,7.549253063328424,8.080136494497687,9.395253181207611,8.636076207225784,7.837463821485165,10.626480046641946,8.280749397176061,8.12308404504802,8.47992488431021,7.892338109269328,jazz
-1.268624329376213,7.3590346863187435,-28.890860357145076,6.8211192576258215,-11.179055964953388,-4.873266792336123,-17.655126850099183,1.7182261606717417,-17.991925446465093,2.466424172174023,-8.999557937698803,-2.852652449383291,-7.858782131285392,2.023525440814672,9.843045893083612,13.02713781509654,12.109642918743653,8.141867026282403,6.5766104208939,7.637323610224961,7.930789348948633,10.208685203487784,8.643409090108664,9.818170247402735,11.211395564738947,8.941786183178065,jazz
-1.5951164629793915,10.15479113059593,-17.45934625560667,-1.4994974211052652,-14.868045996890169,7.540524515154433,-5.962648595431827,6.840138401465164,-15.146931626036135,6.904800284601538,-6.290162445405122,13.420929991964472,-5.428896360921119,1.2628240639926696,7.246139468078168,10.592744369940325,10.36917487153611,7.508514957375361,8.784927206479718,8.836979165255125,9.20788696407493,9.506628600157528,9.526100684677298,9.43952357424505,9.077078886251694,7.997597827726729,jazz
-1.2477715890015988,4.127023961498449,-18.725926672658527,5.031113558735741,-13.375308034368038,1.3416007626492348,-12.898601178054676,5.555981494146088,-13.561014948336604,4.123609786751063,-15.39647821533592,4.688085474412457,-14.702613356829781,1.37470263643946,5.893839177474743,11.499848787156015,9.587728492243743,7.438236901707424,7.80160280383996,7.575959516729066,7.929525829071614,9.60903668577342,9.182836761679695,8.05956473286179,8.893953209821298,8.670107962404686,jazz
-1.8068022081946533,9.504858761311421,-23.952799858544196,17.71335493568676,-17.76822252497013,-6.020900321623441,-12.823587966010246,3.461579983341978,4.581412609890412,1.6769685822988951,6.255994213408076,7.390713285674124,-4.8443881011153005,1.940858970676608,6.186197990303958,9.515461364204862,9.923012582525805,12.278644424966917,16.227445117703283,18.391932742136827,23.587943189911005,21.78549347769481,17.8305249013133,14.08543454624705,13.578174032067114,13.922142091173303,jazz
-0.9492798262561132,10.84654816875788,-19.26902371688997,16.09007776986929,-28.78484924684718,-13.084053539508481,-12.07618479249178,-8.646840419981558,-11.980290947574073,4.802782116707312,-12.093217733633239,6.473601575283208,-7.239627165059697,1.0537060904758264,7.246462624432897,11.703485050483533,13.955022033189973,10.325559558653856,13.09087701002943,13.407545574550285,10.893608662731953,11.746273890030139,11.608036230775658,10.105195961922481,9.45758166740686,8.89031687368779,jazz
-1.226465459022158,3.5096655491671536,-29.41994634543633,16.71398297305042,-13.54026102503119,-3.3140629466648543,-5.8273517653525815,9.87649535259428,-7.224130978681631,-5.752129396253807,-4.410672245674931,11.232622686143314,-6.1855693615545215,2.4848372603525797,6.521828321727215,12.951385025204386,8.11745132412539,9.34298480697254,10.9437679457409,9.2648476572749,12.008440104860801,11.071709375617754,15.65063284646644,11.885817078848499,14.454983934004748,14.769115095393587,jazz
-2.3195678002430276,8.713659552870789,-18.85665390569968,12.359250503484699,-30.961101498254653,-0.668838310274039,-16.08977364224672,-14.90027781751916,-18.474482785338928,6.319098367537133,-9.985032458062879,4.076892152105614,-10.28254546824247,2.0139099846507227,6.914263844665317,11.199455494643633,6.574486696789066,7.487215466177555,9.665136201085355,9.082810313286965,13.40556600138471,10.191101578385279,8.14950672810628,7.976951009773822,7.966713376677244,7.406338087477365,jazz
-0.5615688323384779,1.072485931871126,-23.67989934509202,2.7841593515989085,-12.705371844852538,4.093786361727986,-7.725494175722138,11.012282090797388,-12.014761221586133,6.898824273324244,-12.685786815859089,2.32857754906623,-12.26671476211442,1.38310313660289,6.295245075506655,11.54062149854803,9.2196376567271,8.507816034697015,11.82409563157992,11.102392110098137,11.150717597712399,16.356974239176814,12.438770676445756,12.237335904878938,12.280742410925583,12.587666708782063,jazz
-2.328760805454484,16.24404294587627,-20.84705271744884,-5.158796724409062,-11.683598241252145,7.030358747156303,-6.841822204535339,2.4863107202147314,-9.07488537399658,9.684381758260955,-2.4622209213406667,11.413398336353891,-1.4030146326665465,1.5454500732773466,8.828882704142101,12.236756982490288,8.792811092734635,8.153773127465543,9.43842870915217,8.684450793643965,9.018314311805689,9.860334915928194,9.455745168209043,8.944457239361856,8.902664620661177,9.101871930848457,jazz
-1.687515885150012,18.661586462054927,-20.47904303346773,7.952428895250038,-11.998970869703701,-4.828370727561813,-15.060175139762837,-6.936794230894173,-21.52577332924884,-0.4464783214185905,-8.193509131967634,2.38526729017046,-4.682301878088852,1.2429429138533608,4.485794386432828,10.311199683979602,7.040417181534845,6.74430755717099,6.790512577993499,8.423544822432012,7.0721462733141,9.853550715026211,7.148315830853173,8.716810975574772,7.6436050217980815,8.020139803734194,jazz
-1.5978212682659882,9.836562364962857,-24.153674350238127,14.332137779912214,-21.228122382909547,-6.466967554387755,-18.908113083709743,-8.818100207705621,-8.997024848197896,7.425765615471265,-3.568864518361197,7.388279659684903,-0.9399821667943764,1.9303148489904245,5.445720397087424,10.67938175855941,7.380141547352758,9.048857025575664,13.245838455974212,9.829567604752805,11.03371880647944,15.831029699910987,13.844878240984222,12.190973852398779,11.037822926120198,11.192140043027774,jazz
-1.150903235452683,-4.966267116086404,-13.672513344525841,3.4709214380987254,-11.11083792407011,0.3296682864465917,-12.709735007701962,11.113202769509707,-13.443088265231221,3.085041245241241,-9.54687275032102,6.413950574085927,-6.843735393884049,1.0625891017467726,7.683302269207059,8.501269445993202,8.523103282234981,8.369183528704413,6.900869683320882,7.210834176028034,8.328548032566218,8.310530705324888,7.924931901472091,7.157994816637133,7.2740058171511786,6.974895186214194,jazz
-1.0520081465702726,-0.9502894640570798,-17.425703465344633,2.7999197123573847,-12.449555808622042,1.4897152645293912,-14.446425010917826,2.8778359864539387,-17.028557726920777,6.344944532596114,-6.899937514056714,11.184999827219368,-5.936086846431285,1.1325907260892831,5.7717257108574715,8.13798959480643,7.81793121291661,7.856196258710061,8.499659858503533,7.940538283452907,8.55182518339131,9.74033725318149,9.82515903967123,9.19773041738017,9.814823259657844,9.854214916288928,jazz
-0.6886951002595728,-4.310754075253748,2.779055776411462,-1.4677718809191005,-12.454305563082107,-15.723630846131675,-22.02928381458381,-9.281558170348447,-19.25376166159484,0.7303017317527861,-2.1061447684434875,-1.8023399230834394,-3.477064861659995,1.6838628388855608,7.797928628649835,12.150986962128831,12.685691992864681,9.60003908234966,11.927575724796613,14.527409480918273,11.82824260966381,13.198292557283224,18.551256703707875,10.986896961249407,13.006886710775312,12.168564694869108,jazz
0.5970117532071423,-12.465881694058034,-2.8380877975635244,3.6510041568032605,2.8405613191426657,1.9612416229708003,4.269115445674791,9.982446411554708,-3.9300286906363966,-2.4645163162231385,-1.1406225307497766,8.336548326830208,1.2250390198150591,0.7244767669497831,5.6774182769198624,6.775606100282472,8.449551861579709,7.93081110822201,7.3369794262734525,8.876212093677582,7.3167757689020405,7.603088629842999,8.841989284931762,7.819646963041815,7.476654706445039,8.008147103046191,jazz
-3.4369041477443,9.738665239095978,-14.473788182530214,12.955965572161569,-15.764949639412942,5.285458171664432,-9.881901272520142,1.6631744751671989,-18.504815490072595,-4.2294835758152125,-4.67904947398179,0.08637719048965789,-0.5928125383772249,1.8632052028276673,7.078326770830855,8.971539005346807,10.526070543707194,9.855433824185262,7.332091588929442,7.8753066724223,7.789943076507797,9.461123468859022,8.922672455710028,8.261446656783248,8.372075925182184,6.018892445698398,jazz
0.14127709078216613,-10.244617536599684,-3.367042581843729,9.87790237094192,-8.381809637206707,-0.6061900689240519,-0.20763799235602448,5.712190461295452,-3.39844298010608,-2.9102834015439534,6.026783776886656,7.243082309852874,2.1132862892256408,1.2922304456262819,7.391854370850357,9.219811047260809,8.459687339755389,11.194813591710698,7.943132081390532,7.807415949475265,8.605613598260272,8.603248298721608,9.450255569104048,9.304090849328402,8.753749279498892,7.5770143201489155,jazz
-0.38012623298122994,-1.5323582652433267,-22.387866371715162,11.88977465306526,-11.152628150000846,10.824311775649141,-6.676234391401832,2.150135529054308,-20.02260713238221,0.709271397330573,-9.793817369429126,1.8953514277971901,-4.8967459589340665,1.7632366823114614,8.834788152212864,12.172696126811267,7.557406897369343,6.651155884020461,8.602865442809337,7.237070098810183,8.61056282796664,10.171978158414076,8.391693743038086,8.127478655609682,8.560834737190902,9.652866959455446,jazz
-2.2690336746277193,19.29798955061081,-16.634170532537215,6.150000894594187,-8.592869053665893,-10.803589662169761,-5.036872410334865,-15.894926475598977,-19.337876506316736,-6.401854311479819,-3.333297117208101,0.31264999287833906,-0.2385876446770521,1.2497957420625994,4.557068266345665,11.803749100835141,7.570165890993924,7.448108286909554,8.318893610749964,8.000119596724653,7.310742208166802,10.707334450602998,7.965642531120069,8.072150397564801,8.042524658968253,7.373671740217375,jazz
1.0337610090870946,-15.861633569747259,-1.1283888653190863,-2.0814284125092226,0.033000112983854475,-1.7700214213707226,-0.2906969272265332,5.937107601941189,-0.7549878395621127,3.6642759244398513,5.908715186570971,2.4006812702815843,-0.1365891686541955,0.74554688473883,5.096233056279236,6.078977274259544,7.16957414910168,7.467346849956902,7.985472688563703,8.730779379300143,9.103117195786119,9.649311512835881,9.025297212356568,9.702542975166288,10.602973350981708,9.786911675936265,jazz
-1.7910749937077108,6.133299390975919,-14.590742328733066,0.42947235110328313,-7.799745822604393,-13.909232491227343,-8.199178935962586,-8.584342377452321,-2.191474778194894,-6.772552449465859,-8.07726586377345,-3.810466109580113,-1.892169146872949,1.4286059445424204,7.550549023532326,12.570474309187539,7.734746935779312,10.037519096764607,10.957991348929676,11.590841985608638,9.923056295723669,9.887808339680728,10.466384296374223,10.598787204956485,10.76748736489297,11.760626508173743,jazz
-1.2653571476507164,4.81304968683787,-24.948061873875023,1.7046989610202126,-5.165889509373092,-11.473611993036684,-10.802183640435187,-5.080646491326975,-11.522911862079692,-3.4531777058549538,-3.776679092784486,-7.321580607089546,-4.154255293567593,2.018085423490049,9.480947880774924,13.733099143567632,12.314436819662852,7.292011907322061,6.151686949379805,7.273746502352979,7.674327922175929,9.014502752009458,8.815096866139926,9.710012176470814,10.388110508137595,8.525358944742903,jazz
-1.6034486147350062,1.2429148512194645,5.583945583873203,4.106526596220271,-2.615400905296824,-1.980581610627082,-3.1837047605096953,2.622255967735066,-1.8057225692487209,1.588181210128502,1.1772129257033968,4.181063970204206,0.4412456570187649,1.4872133357108681,8.913251498243374,14.061119048050685,9.779178711086548,10.297763516665581,10.157949228554962,10.396469501969646,11.936594501585049,13.363706215471788,9.860996231970434,9.549901558286638,9.706334571911981,10.267289929462839,jazz
-1.5764727787800092,6.566031001278738,-11.98687736303024,-8.466016522217647,-6.82911825639015,-1.1611690793134197,3.015634178327668,-2.085528939503525,-6.570044839537764,-1.067853231472975,0.8828043457264649,7.1674442870357025,-0.1596125532633147,1.255357159620189,7.311789580234034,10.73756467370979,10.128931166856818,7.204173840490613,8.723684797608547,8.332258900539676,9.352981288745223,9.282063214719972,9.074548277978197,9.259236047843075,8.885968654168385,7.642063466867468,jazz
0.7437971587832974,-10.604614755554705,-7.487203649019091,0.20102161568187568,-1.0930076156332482,-1.5420683100235655,-2.5743319960317,3.813725531100209,-2.4767918404231337,3.565315406231065,1.557316121620411,1.6377190823906818,0.6810368330299503,0.8129073872965424,5.141193071237874,7.83785665341306,6.980310213284941,6.091296530414563,7.4751818449114795,7.246903834106044,7.815694843301061,7.9900320489167465,8.174945178429633,9.210057081687262,7.755867279286695,8.41905782649078,jazz
-1.2152040604602081,0.8052965347285669,-13.586843019119733,-1.6259106370772685,-5.5601518556159215,-7.24220299860685,-3.9406979807271565,-3.4075455513657857,-4.9141525046879195,-3.9506737687761895,-8.07490644651775,-1.7646077883199343,-9.166041085639375,1.3598974770679906,5.992557933585586,12.011593282344922,9.314941960993888,7.162510332067373,7.54301883306351,7.542479445897899,7.895753608638868,9.750695473563587,8.607961149849663,7.9324511581417525,8.58915680297044,8.604667549037472,jazz
0.2783447451719628,-11.059311207422219,-7.542272304498951,-2.1311590560244995,-7.280680805410533,-3.701619711186436,-0.789276635729435,1.4767828634897373,-3.2511003574136756,0.5967967375958656,3.8210579167345258,2.061795103399991,0.146868923922744,0.7939334809383741,4.499805071465273,9.190463129306943,6.329152478367313,6.247607681795403,6.016244949247323,6.474883747341944,7.345520421761609,7.4420136229301885,8.158350722491363,7.9602936970960725,7.801009553578461,6.997068282292627,jazz
-0.20738559223288264,-0.022598098506099572,-8.686481027174706,0.10948174381091108,-0.7274455098551713,-7.523093331778314,-8.308163623007388,1.0717975928618626,-11.213851521701674,7.828629158568125,-4.025895789871048,4.431687013342208,-0.8301795485096413,0.8473789899580404,5.231769621576429,8.468514260395802,6.6283395017347715,5.660112685564209,6.208685306653459,7.127191439077857,7.300086030200326,8.01824623813662,6.613951917182401,6.873915473913131,7.263303651658496,6.8462395371247,jazz
-1.8009031571939043,8.156455073264691,-21.903257349746557,15.069573121955672,-14.68394942549672,-9.349400311036351,-9.443817201215216,0.22645023105576187,7.509279317953236,-0.8466851807236381,8.331563981564857,5.766307437596667,-3.6530484985918443,1.9381987436549366,6.080708016505968,9.846638276555165,9.490575335033679,12.262286771475368,15.396368570568017,18.438956304841916,23.654499922123787,21.078331332166364,17.766972568021192,13.75053892032615,13.237206743166615,14.007175789611953,jazz
0.30702257135560496,1.3370608964506783,-20.447525255823873,-4.352989369476415,-7.348523505877402,-6.488329274548295,-10.017002590947472,-4.817666026199724,-4.804525297190557,-5.983291189931084,0.2644932386935571,4.950581157761661,0.520338256503812,1.1600589311023706,7.427951215953541,9.339138378076647,6.160693898357223,8.437330991446165,10.254552097148517,9.900952152244516,9.067726413383362,9.69143234577347,11.852074679956248,11.658847280733369,15.074824347810567,12.597298460625025,jazz
-0.9380336896284377,8.993964984523217,-16.409609243932433,12.389246009626516,-24.466754074831872,-17.75330313399913,-7.316813941045856,-13.270602607775363,-7.687869685626264,0.9860014006101406,-8.840306759064484,3.8153061524445837,-5.164741504248725,1.0527266233445791,7.196459824278898,11.813906834190888,13.802809947986031,10.221866204546718,12.751024417648864,13.092540086674225,10.462446472612845,11.333124550387597,11.548385986607679,9.937452720669278,9.01143838007623,8.721052559881324,jazz
-2.3108782805978683,6.829853597319991,-15.954090823490487,8.592959483562815,-26.53686135290516,-5.483950695723671,-11.15288327091057,-19.72677185637134,-13.949024935008318,2.246758555540107,-6.4699068025223925,1.1545336429373,-7.9365029593123895,2.0117791807584107,6.733741113961207,11.633130890698565,6.4941115363662085,7.494285391325679,9.929173041026274,8.34477956062433,12.606793553104092,10.29715125528469,7.732103789283407,7.315113758965696,7.868715290847472,7.175677864304426,jazz
-0.4873700635000066,-2.568145153265193,-18.01544184876501,-4.59558552105117,-3.9998930948350355,-5.496877868356625,2.3082020105923067,0.9451233856652805,-2.2754719465114843,-2.2097754334636424,-4.424156755312307,-4.947618971582764,-6.042453232590054,1.3520859770109188,6.378132493377558,11.818715672095886,9.463835647446105,8.358551468771417,11.355042383188811,11.387158257548045,11.336467963679297,16.49360213076795,12.17418457125964,11.865979861560033,12.066411020938796,12.553423951714525,jazz
-2.3314442840005336,12.14339031001674,-15.006764602781248,-11.970813957596125,-4.398578919460531,-0.4629256234741654,0.6683030950990859,-4.863690460406315,-2.048004503857042,3.1499607876625584,3.4054430605200974,6.38925048876363,2.6527981571197805,1.5386561942830077,8.294226975591897,12.915924293120607,8.328294359199258,7.8714202535466455,8.805349305754822,8.107491154768692,8.701007471292312,9.290742791845535,9.113467179451442,8.489202719531153,8.474858974236003,8.715352552464298,jazz
-1.6879985842509782,16.518032562215538,-17.18342976115526,3.6869824080745803,-6.9914149763668885,-10.306005316465734,-9.40941084319816,-12.483101331289728,-16.318690499410426,-5.130797370124058,-4.160675278678925,-0.9553571937467268,-2.012005808848728,1.2416546553680872,4.383561625045799,10.526202951031426,6.75456685888005,6.4264751842776064,6.130438907850456,7.987137193350302,6.431569180011725,9.670264160148093,6.789458870857697,8.427684893759931,7.298111122806744,7.8557324991279565,jazz
-1.5920405391146166,7.8761318873163715,-21.138903311539618,10.410932471009987,-16.607095109351253,-11.52560495961607,-13.68758517641136,-13.941842547658513,-4.1723972334906,3.050992859520283,0.24809457363130694,4.185634379622846,1.652535956181697,1.9246622902183304,5.370995553811405,11.417215572586235,7.165552074474489,8.947469099659074,12.051711362026703,10.21589908981958,9.962913492178467,15.263869235448029,13.770648367589738,11.737279042963534,10.940699506967029,11.013294327465077,jazz
0.28199923111576314,-14.130111521122133,-8.239840267403666,-3.398908694277861,-4.994767750577838,-12.898814350784221,-8.077575837678259,-2.072882112023841,-0.9653428677148497,-1.260396133657703,3.0260000281299066,2.0173821008277484,2.279644298947839,1.0236691358870795,5.852274683540997,12.217191792519259,7.932628941847341,8.410323917013244,9.492073013680479,7.034132703157288,8.560461476921411,9.05830384383252,10.22564829817251,8.008864891369749,7.609124770798994,7.279918692196917,jazz
-1.0761879535921846,-8.54681289820641,-9.512648060579725,-0.7726312848427019,-7.825588228231803,-8.045723651263852,-8.476246823401443,0.7159759874527506,-4.733021969987297,-1.0092827450180755,2.7222920860012816,-1.618460906881876,0.35785852977112975,1.845667509540426,8.096687002277632,15.44468083601271,7.4835877673204365,8.771393397542576,10.429262156275112,9.190601518179868,8.146816900352693,9.760297212696383,9.95355033144617,8.888018334449308,8.224669831345865,7.602316490509273,jazz
0.38047833501292866,-13.141613553544365,-11.481297868492943,-5.821753710424458,-6.27802857066924,-13.34656584448683,-7.154761908914425,-2.4555163907997937,-3.034298927078022,0.11732974474055276,7.496836155705529,2.1428333033168214,-0.4798522269185936,1.0368999263412062,5.551237974992897,11.176104124759703,6.078742247257539,8.843064108201299,9.585903668532536,6.210232005608993,7.343975538137198,8.788171634602223,7.211541500763261,8.038675595064346,8.058862137058032,6.15017514481984,jazz
-1.3087261987508392,2.157434968854392,-15.705435136308324,-5.503461112188413,-4.188073191190858,-1.586050771263231,-7.66794687107513,-5.415794528942858,-8.30816268207851,-10.303082931290296,0.9789621700611983,0.34945954690068387,1.004595178959721,1.6918879535708318,5.771985780764504,12.713462374171959,7.013112355441559,8.755367230589474,7.837396858797026,8.21545690031957,8.060742895117437,10.555645068598078,8.721624004619452,7.5358322899651995,6.723729774037148,7.14154553638573,jazz
0.5280586106958208,-14.260740802133022,-14.318968712212381,-0.4443825218122951,-2.5255990772581076,-9.767797581429354,-14.448758861783654,-1.8829296078941906,-1.5287095257285455,1.2869464347063024,1.9621139555069274,-3.115435616024531,2.9313638814206757,1.24444671339247,5.495911485305533,11.04171234052412,7.025277836937682,7.587143761477939,8.589741996449714,9.562683180896288,7.671061622876749,8.57553861765188,7.512337186747175,10.106708437480915,9.41735757408157,9.432033202265833,jazz
-0.26408354113671156,-9.517109718265091,-11.226553476195795,1.5925451161682882,-5.445485417638022,-18.661397852926676,-8.665647507108588,2.086229332018581,-4.692928904259149,-3.6804269113471557,7.558854285775895,1.5452083573430713,-3.4859444039657106,1.7243291391935547,6.647754356679981,14.150992944250415,7.2265688887653745,9.832937370814015,13.04235416314372,9.003014715002147,9.56440327767043,10.801862476930985,12.26176935464325,9.727291966337216,9.692401949991446,8.02941721366106,jazz
-0.8240069750018255,-12.749050610960628,-10.656158778728686,7.115908854417604,-1.2782860816199146,-4.960101756814186,0.850383358320602,1.6048942417077987,-1.1347823392902838,2.2373213055994565,8.2719193718613,3.3560499393593353,0.5404429140917768,0.8928902175981809,5.987145187164552,8.42592120949202,7.036956055605322,6.685483554970935,6.8975105863147235,8.519265893963665,8.130284912627513,9.882414722005459,9.23410619708497,10.252681383547776,10.76837930569678,8.406633083733155,jazz
0.23757594891617567,-16.77319403895962,-11.873652682034026,5.273297084112465,-1.6180214911742932,-5.197238949564438,3.8949488013651523,3.6629687764048424,-1.7412798235844296,-1.2578438687705058,1.7682763553026606,-1.3191983628559403,0.6432754836263287,0.9198838591829185,4.504079169244348,6.019274463340703,6.138091118826512,7.407808397948868,5.8489088418373845,7.046985229469041,7.464434048960302,7.670690791053318,7.392015699906393,7.813578833352768,8.074971106037689,7.875862729783417,jazz
-1.5228966388458316,-14.446881867122697,6.313603816144817,-2.2351230642777904,5.006718959426755,0.7975464261178534,1.5630274595615812,1.6833126377848442,-0.3857363098940316,-1.5165958744522934,1.2538607964076656,5.741990877787952,1.7930767763640398,1.3821646367274294,7.162313282525384,11.0681575191888,8.837740655773645,7.049763294082751,7.154624753548816,7.744046782293651,8.87281683133645,8.634464805124697,9.115664650744021,8.563157291035822,7.780338617225327,8.122446129368583,jazz
-0.05640764862644202,-20.045431796322383,0.636826116730402,-4.236744232607726,0.4671218517407069,-3.4873663858786643,-0.21971398927358168,-4.265656313878352,-1.7904556316747717,-3.7359013273747093,1.4817104961889112,3.983155903960031,-0.1234045742434552,1.5404234885174168,7.24358663904589,8.956482582490954,6.4575260201759725,6.0240837497796935,6.410734173004901,7.09741019669146,7.005983259326973,6.658031320339547,7.251312505911525,7.612711724706385,6.732869852396984,6.726493007169792,jazz
0.48539512170124083,-18.00822594703637,0.694393546840036,0.0024557990939428507,-7.915027112849315,-3.122351703472862,-2.940320342345927,-0.8613807144136018,-2.5748368132397976,-1.316371995588584,6.48889063381868,5.219805816461588,3.714852155934963,0.9117904470866374,6.454599371262861,10.86224260273633,7.903642721596667,7.5438976420299655,7.244308535865574,7.422314459107524,7.658854696530692,7.15245378048098,8.20940400752993,7.962124948846791,7.241174045005993,7.0045768252936895,jazz
-0.7993829298409448,-15.264929451859,-8.953955503136019,3.432302751818707,-3.0317445242355605,-5.084032997297232,-5.227542000590045,0.36171454547688187,3.8935446713149964,2.8005872164182626,8.404703945101824,6.4437565129157255,1.0886211653129942,1.164457210844482,5.938486392704695,9.921006046150094,8.104664868218318,8.531130601808016,8.355748983971635,7.5575082802412075,9.997916863929646,9.243313734587849,8.64940024195725,6.595512223975478,8.46569706891986,7.07196787165172,jazz
-0.21908890323816974,-15.259115812618584,-17.119116547576432,1.1411332328342487,-8.260407311292104,-7.622894416036999,-5.8394301607688055,-4.236383447394928,-0.3826600337134987,1.8472989322689473,10.064692556678198,10.065225563792247,-3.17079034948842,1.0917900780226946,5.990854100166773,9.011106323088931,8.329958646114271,8.053390532638309,9.651472842605877,8.345567690560348,9.165976736563433,7.253325343016675,7.741397288293361,8.119906212424409,9.837003652404766,8.007507492344654,jazz
1.0876341666147624,-25.81604281666266,-6.66467892979772,-1.7522077921364292,-5.996669544622684,-5.069683367088648,-3.267827341489932,-3.864388194574707,2.2591727694459456,-2.85274475710548,7.867751291298149,-4.40621350949485,-1.6074811839534509,1.292458669211977,6.681800336279886,5.986094808549536,6.907775712625336,8.753143471939108,8.136626223892707,8.978471143083688,8.520494232872919,9.262857632037361,9.649832603501773,9.169406554828267,9.18484921650814,10.708219726205254,jazz
-3.6708260918732876,-6.308724581720377,14.077971327623326,4.736845067572399,3.458398673413933,-0.5405270320172095,3.1619228316943064,-1.8926234315713182,2.108218521958562,3.857857510093981,4.672388111918623,-3.4774984037856522,1.787444082815629,1.6191525237988704,9.989937297081358,11.622959717462733,15.562875763609037,13.966705471004131,12.180401222950028,8.280973142726232,9.238482228700748,9.570007010244492,9.44830464406673,7.0214474161623235,6.598533443476853,5.758228359651412,jazz
-1.2742263112832268,-6.100272526915389,0.485164561386662,-10.306840418349744,-0.5767993092998228,-3.6552333963763153,2.7040840907736756,-1.9026122398535927,0.7752720913861699,5.701173013777948,5.876664249262,-3.1034579283356103,3.3659774511642215,1.26805169315085,8.300609626675252,11.55111235216585,12.395907977459924,7.84346093526669,8.676794728958301,7.9005303910497,10.130317931225589,13.89826509902753,12.285925946687948,9.750846021089714,11.10090957059202,10.33640279034737,jazz
-2.584660719430518,-4.261966817442458,0.5047877487478123,7.084164690557171,3.158441444901236,-11.397085709031941,-11.085253772984327,2.4401038347604116,3.795118384480965,4.909716791811914,3.3830966980245454,0.4104275614768047,12.497552124618537,2.020083364579387,8.981779798307182,12.312898973080598,8.888275177809557,9.695397795034621,11.692946821442607,14.19211873478487,8.010197246507618,9.81849922389143,10.869367583736201,11.90490226534736,10.78011510187851,12.360118215656351,jazz
-1.6983177888909045,-2.0444762685473625,0.06925292951287285,-0.00791310230382111,-5.6860972167397925,-16.228989863474293,-8.136304293879114,-7.401304205486686,-16.649175566914757,-14.678928835327133,-0.5244834618561232,0.3672765684795502,7.041373186185349,1.0133366070385765,6.3010342590554504,7.163095594810042,6.310223422928563,6.2197340001452766,8.156843439321847,7.461477167726233,7.749223687635312,8.475395611644505,7.003688027753028,7.757932144462183,7.6118276046839695,7.247669395121192,jazz
-1.3765146986387948,-15.38955456256083,-0.6798211984649156,1.213203198207152,-6.520025247368572,-15.318858038601235,-10.300503284198387,4.556765736204105,-1.9564429554128082,-9.298969517645489,6.389941252065076,4.279299035617863,2.041925765696179,2.867180142813464,15.496789305559634,10.696595078490514,7.974388394445108,8.108190223013382,8.984075994956767,10.427378536343571,15.249050686336304,14.838300680984695,14.810434535340388,11.856774041644563,10.323931337663062,14.988305239700574,jazz
-2.4448557716252357,-6.995860470718235,6.433099567533505,1.5586125880139579,-3.4430882189536214,-15.712645036086837,-4.586537955357301,6.110282167821166,-2.6681216453958325,-11.746937992074836,3.6260035425879993,3.792635028061914,6.145347788476846,2.315258217961746,12.044172536615589,10.654252696441192,7.900209782896833,10.051880416727652,13.239863981778694,9.684108187149441,14.428606949763287,10.704447297962005,11.481099896245606,10.09450410612828,12.916983095744227,14.299632835008635,jazz
-0.7756702109976918,-4.4634424071066885,-5.020109979749633,-11.446639173126217,0.01150727792448692,-8.026345414909759,-4.597376847448981,-9.42048534507527,-9.217761312650502,-2.3939927166902377,-2.287832903368051,-2.0692609028598716,4.226812715293826,0.8041465499316041,4.870189113894652,9.284848754146129,6.84185417182003,7.156446533863159,8.670757788052473,8.165447926324683,8.164590766659757,8.205530328243611,7.913770701951842,7.701599870800468,8.012462692300442,7.907210434118264,jazz
-3.4307102900863082,11.552641551665817,-6.208977789387108,4.588694005434424,-12.301770149789805,2.184607641808206,-19.185512345797214,5.04075261572239,-13.142623839535432,5.3280328497283,-3.758809276210228,9.501558165453046,-5.714373227304424,1.569326167948636,9.385206692086763,13.605726207657415,9.764501759199803,9.078517906309402,11.045518390535602,9.362274820205538,9.625884031675888,12.41133216011237,13.834339446845375,11.940267055833885,10.77390012368049,11.50127545575344,jazz
-1.7560320567846865,-3.099482857266496,-10.144108233838425,2.766231221111557,-3.797531021635277,9.836636151042336,-16.88870360910631,13.962816767181215,-15.394858042735882,6.167058131797876,-7.561952103454745,9.153786414737942,-4.5813455662256075,1.0995855530409848,7.1060378369761015,13.270317844595079,8.90440358587627,7.327645085001178,8.608659791591403,10.690446785215132,8.344335254675874,7.627509196215923,9.66834890460192,9.401116655191684,7.471630729989479,8.449779543907304,jazz
-2.405501021208064,-3.0088278888272812,-14.423462282875226,4.065939955990444,-3.741126053796213,12.413675112223931,-15.491170527019834,17.474242698142966,-16.4745958592305,6.318272250014708,-9.625445732802469,9.707842655573653,0.5582202400292029,1.8503491733912127,9.515508524295305,14.038520921224732,13.547672070949055,8.655778863141933,7.503904681924528,8.33977362635296,9.328560071813868,10.8548035410765,8.262916117658133,8.844093566772056,7.870663575554258,9.094162080053671,jazz
-3.3685971897082303,7.255516643290429,1.7927720646364596,3.577020410937596,-14.145585831564711,0.6227340772367245,-20.88033037619211,1.2401335662681476,-20.491745693721853,0.6226525804700714,-7.3004879747360105,11.722088682143868,-1.0511392102655461,1.2151179245363797,8.391029928622384,13.444120524332988,13.974574058653852,9.87028759790304,8.460570963759316,9.001820707631405,10.404801962923067,10.187802543314094,10.438925562780303,10.377727327130463,9.789593173008615,10.173480277505673,jazz
-2.0167660347562246,-4.192331112030646,-6.301194708916847,7.440646265480519,-8.621805267327726,10.306003200428066,-16.259049015950726,14.5687296670166,-8.53855636711596,4.627078816376821,-8.847428572194817,8.154900559554235,-3.9383995001525958,1.1982914873132307,7.32617093543577,10.109856994184995,8.936303190461473,7.36730849523937,7.0321317263567185,8.268633385556944,8.248809567688413,8.078094919724442,8.366406934886662,8.112926565910902,7.112004888899005,7.285347839683988,jazz
-2.7557203071077976,1.1646067934805857,-5.715350652516998,5.22180712092156,-5.533966931611238,6.579622621161884,-17.062861457118828,14.194432911323924,-14.332354181606663,9.340823211816508,-5.561379359964813,9.822915640844478,-0.6170830891695217,1.1879364837165047,7.943871563339828,10.816719349773905,9.39540195709751,8.058239787821092,9.386620513193598,10.88540733243121,8.969303188078205,9.457304374664561,11.867961368838083,10.137486759519021,9.782630338208127,9.973276557958956,jazz
1.7820072064382786,-20.87548630625463,-11.262173849963062,9.670846781929267,2.021343523827164,-3.5164395742597825,2.82328034388575,-1.6273066757123562,4.2807175604777745,1.475942803968753,-4.217630748525276,2.216501815801295,-1.3036474358674734,0.44986350680941267,3.7942493497364613,6.177447963500856,8.51671178857663,7.045266318518009,7.162907442516907,8.194014959928351,8.103656725917622,7.079569776064565,7.288631092351456,7.570541421101747,7.492636814938811,6.763802385853991,metal
0.9947961746507874,-18.79540292143395,-10.462028669294382,7.734375996841,4.7759265033155405,1.7381924759800162,-3.7634612294095615,7.68521814854454,-2.137129415990814,-3.5871653706690387,-2.191639546100424,4.1942737528875496,-5.570988863820464,0.5370675348148795,3.534330874299535,5.3916400069913815,6.027803732867649,7.141773475619678,6.5137257916025275,10.837523600458153,8.290291511872455,8.07191643021037,8.68189937733972,8.303184510946004,8.356973289481727,6.654249751536066,metal
0.14696424756339663,-6.55391307706871,-23.112557824285958,9.67407331112627,-16.859368671155945,3.4511175185210456,-14.71110400375026,9.307727319099454,-4.993093398140426,9.755715026954743,-9.701531653045466,2.979860088424138,-9.994559838762395,0.7031857417193363,5.690003267749948,8.369358630188477,9.016365561287545,7.29559861282216,9.015274760167745,9.49839991197,7.030581115211598,9.082372810565326,7.09423509729476,7.575003874481538,6.84490851066766,7.975665116107869,metal
1.0381966179043907,-16.66787487442842,-22.48616471358257,11.491748427858042,-6.9929466755882395,14.095953670230548,-5.590596056301176,13.757789075985869,-11.527769398298574,8.339471402763222,-5.963731218141322,9.664272924841109,-11.335160638626617,0.6464136467703819,4.516438242916252,6.357869011470198,6.285370913699188,6.97137218747601,7.898227437811334,9.653461918546572,9.152786450899795,9.572234424712823,7.664901869451326,9.478205520292384,8.111611958624003,7.333232896905175,metal
1.0343043594797217,-23.920345480976135,-9.244009080122199,6.249507122768022,6.721268687179661,-2.4935005146099494,-1.1353180324399998,9.800924692397786,5.401030586412939,1.521843537565516,1.0391784771297914,1.5161921904038942,-1.5647701429899665,0.7027024208359094,4.239190151621466,4.8756066490269125,6.875790496483285,6.213847550699334,6.81405267522746,8.506392152938886,7.662693531469146,7.26430315682465,7.844317524624013,6.462081751328691,5.981256828986429,5.886682316738072,metal
-0.23608732466675036,-10.683133794789777,-15.83388976960059,18.388119124031736,-13.298628998680448,2.569795540605921,-9.708889959880162,4.78230760349822,-16.90872402315212,4.71398533450313,-10.277306428260358,3.292845090474001,-16.792937271181522,0.6678850211163264,5.655932524787418,7.8635888206860445,8.86995177003804,8.130654417189012,7.03845481181791,9.717086078471496,8.17918601013532,9.104169425734844,9.342691727196502,8.10024217738724,7.652535166830398,7.4852363086047955,metal
1.0310645643962673,-20.960142828307273,-11.604284887473629,6.246946207684936,-6.369286985406245,-6.411975912872078,-0.5285566988326676,12.248490800534421,-2.4227048833322784,0.2544837211603285,1.546495977329198,0.5396958193113297,-5.998025038585884,0.6367939599410385,5.8356365426791195,7.419465289478776,7.225702464785446,9.056122303671241,7.833414425666316,10.48127764989619,11.08966983683656,11.576466008937269,8.712335022118246,8.646472740578405,8.274895204905254,7.891033889044126,metal
0.8221668158353899,-19.12446748676873,-12.011614784251064,9.789755728680005,4.776269390668022,-5.286468506548142,-3.064407267222574,8.75033746740216,-1.4852049521352688,-2.999892598101333,-3.421957719759642,3.6971546769807375,-0.4210245917437648,0.45261311998678433,4.498199521594775,6.518568129609047,5.333379856838272,5.870018339640914,5.714674031910685,6.657187887618979,7.149514052391371,6.084824996354896,6.35528237768829,6.143632848769775,6.105323915934818,6.152235800398196,metal
0.09164802707783426,-15.532159779518295,-8.022815745734272,4.116062500289911,0.6695296963033092,-0.4999273528467436,6.177209689152982,3.500160962063307,1.9139637747890397,4.6900292756114315,1.0874864891794533,0.2217243821356366,0.7271400362798449,1.1096613388304213,7.5269009943082095,9.511843999886691,7.718011602062044,9.569608560719887,8.13047011568828,9.081463889327106,10.816775201283996,9.006345167815653,10.158257236826266,8.901132384311376,7.302855443863951,7.916577793122962,metal
1.146330415927838,-10.138108551775442,-4.713516058117607,14.178217868985733,-21.083038464580223,7.784398727755087,-7.888704534997401,5.542524946339697,-4.518262357039928,9.054073406674403,-10.486055499987046,12.084343655274509,-7.102870508441733,0.5030737694915107,3.7681691927057663,4.647202068157645,7.696224733579351,5.751056806127906,6.616985438448698,7.744571292875284,7.448643744570562,7.219345122056153,6.582900161433923,6.305607078380959,7.356588712242017,5.587651265234408,metal
1.5587893194889244,-19.042246715672672,-11.134801238630615,24.0910182161383,-14.84374835004122,0.6473147417583859,-12.353050025643375,6.908917745268709,-9.406452385524219,4.4920057296499385,-11.295559162979691,8.103891253932275,-13.006556483810552,0.464111114162772,4.377325341286234,5.283346101120523,8.26696753643222,8.074455153399711,6.32891761169808,7.122037101434629,9.823458240565293,7.805361766043897,6.912064682683579,6.786930170000792,6.70948442932735,5.8344139154027825,metal
1.988448354757986,-15.623034630709338,-16.866044060666937,17.732643988721378,-7.547826447319352,-4.086019840822187,-11.573999919010818,18.7164888580676,-16.80568774367541,2.7498514232811604,-6.467449292332293,7.754604252802907,-8.21941145075764,0.3535859599754934,3.1722961303650243,4.78077999330224,5.022775115750174,7.580941837212641,5.579026585155672,6.4816852597780485,8.376712777765036,7.390483966918679,6.238263958941042,6.497517601515559,6.209105397076643,6.187523775729955,metal
1.2546580218712415,-17.61990245782709,-22.598398788048144,18.661661518762713,-3.649929021401553,6.709109999232718,-10.711677597551898,22.736443509767785,-2.2068138212940216,9.20984111365643,-9.032817896959148,7.588320468105185,-8.767670215231947,0.31603956396636884,4.045697120540743,5.203947640893835,7.579177224897147,5.916883122138144,7.094011781619741,8.216179416373137,7.182008280521925,8.162176388360669,7.439582098957539,6.49527723636176,6.356786852769956,5.823668296492217,metal
0.886234205046267,-20.933257711442636,-18.956085101963495,17.94888648288115,-3.7966315384169445,4.406422348149656,-13.020197283640064,21.40406965304674,-4.419794565229327,8.885705539410313,-8.343451452235065,8.493426594690218,-7.752896206316284,0.5766965939831646,4.10627669300585,4.882533521188982,6.619335333930623,5.952702522274322,6.4154913245893574,7.965164603722073,7.643592814137367,7.114046676238933,7.649892099640804,6.399478985990071,5.905165069494988,5.883809036719185,metal
0.3760940052196611,-18.020488738296724,-24.224480671318016,24.105907440012537,-2.9900248820468485,9.488837817864718,-9.321875305297946,18.542777653312122,-5.66601340886637,7.327879164624107,-8.95651976330972,3.302545504579586,-13.974619010307793,0.833866863376865,4.8000419665037946,5.400149343376576,7.766691867391293,5.889609059286724,6.319921798178478,6.668908396208075,7.525372998902876,7.449180204957383,8.149149897720886,6.712298939085381,6.946050141167204,6.798848352645591,metal
1.2694395288423153,-18.84762524424025,-7.486162773566374,25.34095954685906,-9.245824896295934,1.0850497960441456,-15.685450375541537,5.417412726757889,-14.379084414967336,2.8678657281044275,-10.162565850632824,8.774614858157904,-11.61677509225273,0.46569713778863076,4.029910469130267,5.24431749216418,7.87270402854206,7.1552419290325835,5.735330786427873,7.271989116229315,8.504994693863305,7.201794153734171,6.958762662703015,6.34477725174923,6.281024471537437,5.996969123444406,metal
2.000135041890604,-15.963755066284206,-24.982820675213766,10.8096555412627,-7.279284554083967,6.948009528994909,-14.339970063760894,19.12887420662965,-10.229761541512145,5.377155869775538,-11.496628398850785,4.937610316683534,-7.485454711641123,0.3798767940876733,5.051269734747668,6.213967297839686,7.709197531954468,7.851208358091449,7.9312816600907015,10.493507821484021,10.890401428489687,7.890705541726711,8.216765567964043,7.971859214274061,7.555573789842192,7.106042321871421,metal
0.3887280329226163,-16.22840301343328,-12.917980765186641,20.2564682474093,-6.174566317697962,4.6959692652215885,-16.319483482441072,11.719068161427897,-10.764038045737047,9.385571245401712,-11.068431166124848,3.636513345630073,-9.874960355888495,0.6215772107092629,4.634166931512464,5.667736509715225,6.3608893708876435,6.220464032416576,7.154620437935069,7.773465019590719,7.000549342234065,7.042306029445008,7.714426316948032,6.601876256834025,6.465854575795414,6.125244069817023,metal
0.7562708610122291,-5.227975618187186,-40.53196627409013,22.7308215380199,-9.990430668335785,3.720304567982424,-10.941628208894373,2.977106279799877,-3.946981071432627,3.3229865616616507,-0.16903264084458944,1.2269802913180743,-2.347623489117659,0.5521155182093709,7.811727068384233,6.051713317455844,6.961147143831935,8.85869801945045,7.884242681998881,9.173104281094364,8.399885363805662,8.185664237000598,7.800526014557234,8.33524900972988,7.267403027873241,6.744540165034006,metal
0.15382664859906703,-15.902898503636571,-13.621661362152137,19.768734930449575,-6.924419218863182,2.6963597680258733,-16.574570242541533,11.902322729227063,-11.891732832284463,9.259218439097397,-13.122571855338737,1.6020913470220943,-10.152269905177256,1.1524534457364215,5.910656595250372,6.806345265877432,7.422492702322682,6.828699558414592,7.440724167980125,7.613115998295559,7.018885219123049,7.194197721001516,7.601821613168204,6.73836719244218,6.125415218242944,5.949663237125973,metal
0.2233880767350653,-15.831747772826406,-12.239473579251275,19.770361939862116,-6.736376073075832,3.509421493387785,-17.474862151426283,9.99025812503561,-9.974118970366403,10.837673334411315,-10.945127899158237,2.6600445344557424,-11.469762902417333,0.8907424162344534,5.3789922469588225,5.0897271089831415,5.886736817759724,5.92681198145835,7.574208866296879,7.017455351391838,6.905317284025281,7.402312167849348,8.226862996524154,7.255290970723101,6.845472023365215,6.747192969162506,metal
1.0042537763022368,-19.973930049832486,-18.375709743363977,17.423497062967677,-7.583819645959381,12.994643557681805,-8.206839808428724,17.27956867835525,-7.912284046433407,10.140502442561568,-8.11065809590554,8.669111316469639,-10.3477348567026,0.6458551597631331,4.404620038580231,5.78956043656509,6.88542558994312,7.210101585241992,7.385765118581112,9.560514597501358,7.395598868753957,8.9192558896914,7.969652691569237,7.605774856952692,7.583626366956713,6.97569738667259,metal
0.28033661482367717,-7.933955335517389,-9.986545768147556,18.204685674931017,-22.862307060833473,-6.433640342147308,-27.058522833898312,14.38903606487749,-11.604276849044215,8.899963415582182,-18.611442062011292,10.703190737819536,-6.256688205892863,0.7502730696863582,3.9285713625896306,5.950538229867087,6.049220798936116,6.680475277121085,7.6835574235698765,8.555672187212442,9.65652475908244,6.902398959513256,7.551159431661427,8.082980468814835,6.9727286715654655,6.930858533216287,metal
0.7205915276733349,-13.739211862350817,-16.94833163225642,24.707684421242533,-11.70187646954788,9.187392003637656,2.27988249670689,16.55233119272186,-2.8518209133352324,8.495203640841737,-10.177326170103534,8.12965307482656,-9.796359642556784,0.7320836673706403,4.798549102033656,7.712498680201245,6.738106195410044,5.057212210060243,6.282525990384238,7.272212064320708,6.642867337966165,7.689533646719962,6.681867717415776,5.560446806058329,5.769378931878071,6.078884136659608,metal
0.9524879667810694,-11.650056218309471,-17.241173676526348,14.871728683611241,-7.24097695754579,11.395483447657735,-10.755659666795225,14.68997611750257,-10.208718443028975,8.814148798870368,-6.961504222170292,10.714759845149814,-6.406985199427726,0.6139686774234059,5.21895897497604,6.860458395864425,8.495687002123146,5.990290594321432,7.640250856167891,9.094477486322386,7.5594541163307625,8.522021132980665,8.846266995908447,7.43684277924637,7.230300100855884,6.875346766721002,metal
-0.3207728018261336,-10.84003768214791,-19.352062083195413,25.97917912748019,0.41973677554399413,4.783182136814957,-10.042953015697831,12.2424871024807,-11.645635670700226,4.837891690669324,-10.988507907304415,5.940004613028467,-9.576480976324813,1.0834987986899796,6.96341673212048,10.738725582059411,9.48565164934936,8.057941562531278,9.030792334942264,8.551939583723675,8.011911876839415,7.040879758155393,8.640622214194906,7.327825726920559,6.542294316066566,6.813696463417046,metal
1.6084310222319835,-17.47080009564891,-23.203608705089497,25.899239921069036,-9.633499641622105,14.357887066261451,-9.838171394862977,10.42098298860776,-4.14911925773716,-1.9355210472665036,-7.253553865413123,6.455453039910783,-18.529439447906675,0.6733716069137212,3.538453524054188,5.3920587326572464,5.754645680885131,6.510139360904308,7.157324025451814,6.8540961610942,6.775990473281787,10.304693565572308,7.474236374792225,8.642091845165682,8.065911280714735,7.265887298753507,metal
0.5730488882430459,-12.125697485423295,-17.781658413402333,11.660542331406061,-4.7180827501915354,8.128507678896113,-13.144256609576702,10.83476337590886,-11.177179495003722,7.209479543204104,-14.358989859053336,2.8076087929072253,-8.864114700693367,0.6039908022028687,3.870769169455999,4.835026294510368,7.093413733240744,7.787165876530178,7.987668666165146,7.6089518404552905,8.497526502938749,7.846579535370485,8.851058376998148,7.23880698183481,6.788620252839579,6.9897920591904645,metal
1.580804146206408,-15.358253760253383,-21.44881862550025,5.848017988604641,-13.11665905978729,1.9343887606472314,-16.83918879429153,11.81719502102888,-6.070000783831539,16.982508276370947,-11.958880743754625,7.662118633777123,-8.172323100643919,0.40549437120628745,4.2344760028041035,6.523300000059388,5.208991907829857,6.054536423765145,5.090910997739871,7.7968821100614045,7.762989357105612,6.786438005990343,8.495286684559451,7.0421065811744326,6.505086282294566,6.511492038827365,metal
-0.16542493541963227,-16.910363576116413,-9.460358278067254,12.229713389536258,-17.31249274986124,8.770729246616417,-9.138962247192225,12.4599209091692,-14.55477874822695,5.132264522942057,-7.269379881478789,7.106846840463156,-10.396832958344733,0.8948038402503261,5.616427348319316,6.68819584854041,9.195459930694692,10.552456777137383,10.627812861478937,9.556472149432256,9.654376345132462,8.63084124706842,8.022051106229528,7.7806662685521735,7.681638377846746,7.259337231418673,metal
-0.7303856287088207,2.049312236328768,-15.665297584269219,18.397211995474038,-6.07952983495194,12.748247820425576,-13.668526132763585,8.061891581427354,-5.166001223352775,8.260876237529589,-9.19131327083109,5.165182840863562,-9.827520629245935,0.8181650815343913,7.531377560130864,7.256404228459441,4.893350037836822,6.038755953596996,5.653453075169084,5.798600946678746,6.794849912105856,7.068599012993363,7.309837366993676,7.084779724834275,5.646474648901163,6.588010610278715,metal
0.8694206749846248,-12.594774136913824,-11.982976208278936,10.30482891115449,-8.451786920239385,9.113458087911502,-11.823694742989591,8.434292838818909,-14.600487555321658,13.077431552049928,-15.150202852858639,3.5270862644764813,-9.666171296892594,0.7013557088802763,4.73448520072771,6.019529829846635,8.326697057443335,6.899919942281365,6.494417857951145,10.27078768661257,7.789563973019781,8.744648921165265,9.19842206645056,7.786882119669257,7.832795667965111,8.321049230857417,metal
0.5115847110540038,-11.134660965043146,-20.92701693368775,13.064304094592032,-11.764912605442575,3.041622649364354,-3.7441032771639895,9.627248202040313,-16.666737489230186,8.238332544013264,-9.561019566310751,7.94311153936306,-9.680172050869562,1.1620856475833297,5.349820328307463,8.510936568317499,6.030697541927618,6.097472630296819,8.29083742137449,10.31026482243842,7.573267862461796,10.541443501453625,7.522623542750072,8.799819879943666,6.94057968824218,7.373791744117271,metal
0.6224651968638338,-4.598841514435356,-21.0346452255163,28.96771932791175,-8.695294905009295,6.549678543652468,-1.829947908475618,6.428670613329086,-2.6244555501185616,5.345916530555437,-18.232801948030723,10.913201227945223,-11.03790740263932,0.9482157893647554,8.908859544556917,6.772200420963123,7.467408319570925,5.604860146785652,6.097717207982241,6.8181862605615695,7.366443387902152,7.167984541047237,6.099860731236607,6.678287170309035,6.4074457866438985,5.482110790884588,metal
-0.06358937607331624,-12.837629642531143,-18.196354178350628,8.057366120058,-19.297672978491264,4.41487499479941,-15.902257331001909,8.072609526636016,-7.028753888931485,8.87068841604362,-11.155163525855706,3.615727547476663,-7.686095732568461,0.9886142621614338,7.467645259943388,8.773009722648416,10.427169343949885,10.106377983725324,11.349869926309173,9.971601272536107,10.294125976275017,10.079754330793921,8.697692188948954,8.457459733659073,9.423662605234691,11.314092248506201,metal
1.7770836593552917,-16.443463543880693,-16.14479411328364,15.333869873484476,-5.4685799929263865,16.591756746429667,-14.858011855222463,12.818081041395835,-6.239193350200188,5.818073572000282,-10.319186771471553,7.407416143962948,-6.231562809899653,0.9686762651983476,6.667983068947782,9.436501479905093,7.654524000756711,6.438549408905724,6.883337729705995,8.343384196935466,8.062267455133284,7.087017706122554,9.056527483164167,7.500738005964029,7.718092424617441,6.794098150181236,metal
0.534374209760187,-16.040241194920366,-16.014340610961277,13.415536518439152,-5.854992005668142,6.321222159712428,-13.720450337291597,10.326728209858809,-11.570572374858708,7.310063464656857,-10.439638240909886,8.567959121329956,-8.7684198408249,0.6471607450882624,4.765800418093814,6.236793956591179,7.076572404658911,7.039983961381601,7.490881839024055,8.28917918468043,8.129233474325577,8.128515711851763,8.261629782808585,7.075312338161937,6.908232279467184,7.9942599129704774,metal
0.5940268943822485,-8.095290209465894,-19.891781213437785,4.410002674798231,-18.70490798968078,12.729740728615946,-10.58099006905131,16.72944451185411,-6.620552528979854,7.176936404052465,-12.121455156134978,4.911194384581195,-2.526849346034998,0.5535895918451769,4.660858667387767,6.016015341590579,5.612030555134386,6.205514149279907,6.045998605024985,7.679176308171093,7.369306154872455,7.5044729185661,8.240617491605697,7.721406008527216,7.520105347332262,8.741979616404949,metal
-0.39774256961723664,-14.976468269654342,-20.032951035399208,29.697010499246645,3.5563469083073356,8.677829998993843,-18.876014462950128,11.656178120350184,-11.05140976306987,-1.3149103251404421,-11.42615737868902,6.30430217259716,-10.96802091753036,2.382285906700594,10.987079561569347,12.710647813884226,7.6069021967639925,7.063807358200188,12.061816005677347,7.471036019886017,13.105528112460512,8.004124142402167,10.544044661887876,7.254486341446431,7.419803743787321,6.568245829681622,metal
-0.577779613989326,-5.158770196753771,-15.498578776382821,21.055524372653863,-11.739061811613606,14.652426937798786,-7.174892363579149,6.340566701962304,-4.604050906540583,10.409458413367094,-12.9423847066698,2.595008866346337,-5.220478560292882,1.4904808200588073,9.38498155494695,5.910495933973623,7.214170425213249,9.676350938798192,6.217279047944157,6.7533650016434015,9.504999963029164,7.6963130242597,7.647303265452407,9.335606604398373,8.70651078258982,7.579324371148386,metal
0.43979841326349317,-15.626824452868265,-21.689718177603766,10.890071604036153,-2.471851623254414,9.790216551913371,-4.048059620454106,11.673484002110753,-17.146898570550103,5.1745474266431355,-8.921269487691823,7.076932546234553,-10.882262838926147,0.7553118506774426,5.301182715903332,7.261356523079614,6.000090953245241,6.845115913674022,9.201467549765258,9.971853008443464,8.006840678343513,8.452344507934468,7.9025974581387075,6.693885587140364,6.81295535425584,6.928462354720548,metal
0.16220567550317375,-7.871227390473657,-26.38883007142678,13.616513356116192,-0.1291215238662435,4.215742480645874,-6.203194794384454,11.077027594957901,-18.315202873687088,3.4031535706758227,-13.131549373246065,1.7152468987635843,-7.889939956031577,0.8066444934984219,6.559568691134668,8.24202450695616,6.668441722816754,7.050757878188702,8.764548365582446,8.919425571778136,10.089676482695962,7.644791104967143,8.450644019862711,8.210275296813865,8.223824318167027,7.263237346135713,metal
0.47945443787547104,-11.825672409349032,-26.04472652451929,8.496285814397611,-2.9058811008391947,8.795569014320266,-10.67393926249931,14.830705304515993,-12.408060743585558,8.278297273348327,-13.450724667962271,0.2110168355548877,-12.045344642206672,0.5910152353319895,4.847681277159872,6.038098008967548,5.555583029292718,6.88512679469539,7.947791675183675,7.873619787369151,9.21713862280445,10.262374486506623,7.284870967234394,8.01728461982244,8.540718614203088,8.040669343843922,metal
0.23478481098587362,-14.156259348809668,-23.01405157315548,11.473651386738153,-4.100903776346962,0.9947369088066524,-11.34345197217074,7.871410218009844,-13.759638793316222,7.15183527397349,-16.73094255086071,5.290466909818902,-8.233471082396969,1.4151849883954184,7.621114328234016,13.496127007170115,8.160812916334296,11.33183823353897,9.675314312489697,12.525030175058893,10.32380107044285,8.732642243393466,9.049958210344442,7.732915027636607,9.14473418200566,9.49923535184811,metal
0.4981391138771343,-15.723353804665326,-20.335239711125496,12.180106015739232,-2.852910042051797,9.320877615109424,-5.809248003933732,11.959741701649785,-13.864719819791215,4.861169614576157,-16.69629932657776,2.9578223830043004,-12.37401116735591,0.7683667879274394,5.9714514201056135,7.960070494135505,6.520354085537115,7.265767959115889,7.718678935871136,9.608795990380138,7.718320486301235,8.488312459202515,7.738612169377294,7.4699435646429935,7.249820130014391,7.004836718849984,metal
-0.22616722513991583,-10.102470141584861,-22.212355416635766,14.845289169944435,-4.027016381183992,0.9425670238808558,-8.67926752097846,9.893912697605193,-18.85709228818744,5.100005467019544,-17.149453801482622,5.63987197922837,-9.38257134152088,1.6885229707080984,7.842084665214197,12.261153146293298,8.920953051093992,8.459881358539164,10.029294535891246,10.808218165236939,9.721082751510016,9.113491016572722,10.288253692712548,9.135677448052625,8.868189478906018,10.19656747773451,metal
1.3747527716694343,-15.965793423961339,-15.964049154291892,14.938976825252242,-11.43425763222238,5.539090039554698,-15.944131824492512,8.245979365925601,-5.04527835807504,11.808327939834202,-8.501449462478304,11.656273872148633,-6.209074754721529,0.4266881982388071,3.9413960647170825,4.950927612813834,6.830939956800302,6.162576133080434,7.046457303916472,8.318850164459148,6.806360728348587,7.1696106163919735,7.154187120748284,7.003317210975262,6.652766116954126,6.825818018013542,metal
1.5574665833338548,-16.95402621240874,-17.08549470151083,17.051100099497745,-12.502407368684512,2.2628247374561443,-10.848758211603027,5.154352297291332,-6.062601355318313,13.927744074769397,-8.509763176450356,9.314589228938098,-6.607246246303321,0.4838351059368903,5.0170037408408374,6.6892778211329,6.6691525703022085,6.325555778233654,7.170081862038122,9.690674290495698,7.680805104812991,8.6194397747425,8.858707085996699,7.893091772698687,7.6568561279641,6.605417829823132,metal
1.6396110462327513,-16.84714976792766,-17.071832013204027,12.268541633128105,-11.847389144271494,6.511428130785867,-10.00090180795229,6.243668104112571,-8.025186072287406,13.529489635460287,-8.85824348446103,11.395849175898137,-7.7425981932888055,0.45907999137195277,3.38837834210912,5.3155501402800756,6.159442028926119,6.5392948625337555,6.763436937903582,8.33361260037391,8.254429149278769,7.10953236535546,7.572389310073572,7.738291552428917,6.711274128791721,6.295377464924038,metal
1.7494817259627298,-17.897787057218917,-17.154404303331575,16.649938721030566,-14.287012450176565,6.4922044549703255,-9.107039361599202,6.782509599973735,-6.94626499001614,12.012789443966442,-10.017042140462413,11.583888092032089,-6.796514352759121,0.30972732249876883,3.5392490663704192,5.564949225698695,5.577208716812629,5.431336702196246,6.425476854168921,7.988487167113754,6.481141333583548,7.2405971191301735,7.075457362872437,6.724683988737174,6.739478315714879,6.109508723471628,metal
1.8449722896158316,-18.02377801138917,-13.44868526701314,16.64942235833016,-12.423678374248915,5.422299249352476,-8.2629527574767,4.152252789085575,-4.757877627664224,12.710114813631824,-10.18689879839853,11.353917344131268,-6.094390724322304,0.39352908483098,3.369854894215918,5.224504366299927,5.950804547264947,5.998544882591473,6.599102677211554,9.185225358166043,6.57781566604786,7.773930634236982,7.8628287784998045,7.699512580804542,6.910134610157315,6.4460519908880825,metal
2.0913697243675022,-22.474320681142924,-12.661356853462136,15.924522835310505,-13.815452027084092,9.468228960254352,-9.25169446409877,7.60630088106285,-2.4747065842184948,12.921918828517533,-8.579372702402736,11.05567862477552,-7.340183574148849,0.4561809911022367,4.913632464687771,6.365188838106655,7.212210243662687,6.401811251564714,6.280491883236548,8.871394081618725,7.055035045500171,7.302745625678463,8.107761790177875,7.310127054604585,7.787092150446312,6.513939491717388,metal
1.4973033943255059,-13.811251419951176,-20.90979159576985,17.86253474053458,-10.479758558169062,5.58717534113203,-8.31857494053487,6.989137161971426,-6.075717946057642,11.554925173456574,-8.765078622307927,7.233351025320993,-5.113318737813651,1.008058768258151,6.4317859786310905,8.529372703874303,9.313391091223588,7.24154030080596,7.477251446540678,9.354903029328888,8.449375741769618,8.388961178951975,8.539520246327605,7.598245381596823,7.635734583840589,6.613806682700432,metal
1.5355847437650274,-16.980176835444258,-14.639067771141331,13.869440619947145,-15.175199696310491,4.080499455865953,-7.686533441391799,6.517850409344266,-5.1335766916223395,14.191270675104672,-8.187015588940916,12.338911606799606,-5.992670139720829,0.37492333711726206,3.8422155918049183,5.7092451632307,6.672493615792534,6.47076132742369,8.026322748524327,9.220487746565317,6.951631590060713,7.921912570318107,7.900543238142439,7.908067581004717,7.044408781377096,6.211333172496196,metal
1.6301078028231175,-19.608599228372636,-13.472980835807412,15.859040843785566,-12.226681107333086,7.199186507344183,-12.030639707487671,6.4677175372027955,-4.873070639291792,11.986670044672582,-8.718775013299714,10.815180295067659,-5.999201865010542,0.4824072318875365,4.180310763864545,5.619853783966379,5.82669528385722,5.875917304017538,7.195567982948051,8.752093574297561,7.001625653986533,7.743123210217396,8.333327281093382,7.188919686596354,6.755755682475364,6.231566795319783,metal
1.8909724229678946,-19.65244694886523,-15.847175161725563,16.2112063249734,-13.001033647107558,6.294632862311219,-9.720269461030947,6.714728538148376,-4.650251677527267,13.495481634507815,-6.4156685591535485,12.488959433890086,-5.408780217411054,0.40257126404022486,3.915609504889595,5.813400894814671,6.8828279017594545,5.901595047016654,7.064871571258607,8.387651460677935,7.336673605442001,7.833072011591153,8.148556396243439,7.893903117797471,7.687407050143914,6.6351012517135155,metal
1.8025687457398933,-18.16140573296924,-14.257876897498832,15.33579051268588,-15.285558694286685,2.6810636478221825,-11.20199044430017,4.11301368647124,-5.2512720051106205,14.12565192926836,-8.015357421649329,10.482163416496581,-6.878053577461274,0.3899746737725339,4.12664952017507,5.786812314085537,6.654512751950236,6.463588307588509,6.418481054112862,8.3067871897567,8.017238763356161,9.034734952524072,8.979564597798452,8.036966502817013,8.383462850291417,7.362106659691589,metal
1.0484776358785566,-14.75337179959778,-17.119490193870696,20.018546367731798,-4.250541141972724,4.9747190444619225,-9.180177304988991,7.604086400055412,-9.311070416139842,12.655813285172956,-7.389036016315583,7.726673662030019,-3.741276480831161,0.9263752830939951,6.68806761142907,8.211234987362413,7.998189483067328,7.45304091040322,7.727104184309106,10.7472826431631,8.950196403968421,8.2234898547983,8.802062122464145,8.85683222203961,7.661746293879135,7.225957623234762,metal
0.9230840733174477,-11.117953652097288,-19.195726327604937,6.0615832364498425,-13.828452049970279,5.845807291178508,-15.03979974338188,15.103130194772481,-15.908160385074455,9.673195587365349,-10.278740955798073,3.7769193090410407,-9.077286652775225,0.5295916807943687,4.320770882849103,6.103727984509194,7.138843836603658,6.880571452753747,6.8537933161403535,7.48741912497234,7.851970119672699,8.889776045530402,8.086388783842137,7.14549019918333,6.724636973271288,6.552370043840236,metal
1.0744335292481133,-10.969683341249302,-22.334992067165317,11.149288689600787,-10.967536830014335,5.195443151312868,-16.412513094134034,13.693716969781743,-10.628920299389785,9.063968846522235,-12.638722135550971,4.098850780508989,-6.874428121829542,0.43264490320413407,4.406782076200483,5.615232278044635,5.647041900963126,4.82916185870639,6.094609651085302,6.372549567240143,6.931551510614135,6.362185407534276,6.305093424083975,6.103725069552149,6.820827999978478,6.649344057076916,metal
0.3942462039782724,-9.198835863952864,-22.07173676129066,15.06597732420125,-12.892600691438277,8.035718764654794,-16.66372570167534,7.675014188192253,-13.63768655175007,5.8848329469968945,-14.410854175910572,5.202665273930483,-6.845138902243412,0.6358264956921655,4.560002207048044,7.051148501325309,4.4334467655375995,5.475304416357992,6.410423675468707,6.029394347168607,6.950804922816528,7.0870829567483185,6.635034783058815,6.178618712246885,5.832232329454615,5.46528781199146,metal
0.43979841326349317,-15.626824452868265,-21.689718177603766,10.890071604036153,-2.471851623254414,9.790216551913371,-4.048059620454106,11.673484002110753,-17.146898570550103,5.1745474266431355,-8.921269487691823,7.076932546234553,-10.882262838926147,0.7553118506774426,5.301182715903332,7.261356523079614,6.000090953245241,6.845115913674022,9.201467549765258,9.971853008443464,8.006840678343513,8.452344507934468,7.9025974581387075,6.693885587140364,6.81295535425584,6.928462354720548,metal
0.16220567550317375,-7.871227390473657,-26.38883007142678,13.616513356116192,-0.1291215238662435,4.215742480645874,-6.203194794384454,11.077027594957901,-18.315202873687088,3.4031535706758227,-13.131549373246065,1.7152468987635843,-7.889939956031577,0.8066444934984219,6.559568691134668,8.24202450695616,6.668441722816754,7.050757878188702,8.764548365582446,8.919425571778136,10.089676482695962,7.644791104967143,8.450644019862711,8.210275296813865,8.223824318167027,7.263237346135713,metal
0.47945443787547104,-11.825672409349032,-26.04472652451929,8.496285814397611,-2.9058811008391947,8.795569014320266,-10.67393926249931,14.830705304515993,-12.408060743585558,8.278297273348327,-13.450724667962271,0.2110168355548877,-12.045344642206672,0.5910152353319895,4.847681277159872,6.038098008967548,5.555583029292718,6.88512679469539,7.947791675183675,7.873619787369151,9.21713862280445,10.262374486506623,7.284870967234394,8.01728461982244,8.540718614203088,8.040669343843922,metal
0.23478481098587362,-14.156259348809668,-23.01405157315548,11.473651386738153,-4.100903776346962,0.9947369088066524,-11.34345197217074,7.871410218009844,-13.759638793316222,7.15183527397349,-16.73094255086071,5.290466909818902,-8.233471082396969,1.4151849883954184,7.621114328234016,13.496127007170115,8.160812916334296,11.33183823353897,9.675314312489697,12.525030175058893,10.32380107044285,8.732642243393466,9.049958210344442,7.732915027636607,9.14473418200566,9.49923535184811,metal
0.4981391138771343,-15.723353804665326,-20.335239711125496,12.180106015739232,-2.852910042051797,9.320877615109424,-5.809248003933732,11.959741701649785,-13.864719819791215,4.861169614576157,-16.69629932657776,2.9578223830043004,-12.37401116735591,0.7683667879274394,5.9714514201056135,7.960070494135505,6.520354085537115,7.265767959115889,7.718678935871136,9.608795990380138,7.718320486301235,8.488312459202515,7.738612169377294,7.4699435646429935,7.249820130014391,7.004836718849984,metal
-0.22616722513991583,-10.102470141584861,-22.212355416635766,14.845289169944435,-4.027016381183992,0.9425670238808558,-8.67926752097846,9.893912697605193,-18.85709228818744,5.100005467019544,-17.149453801482622,5.63987197922837,-9.38257134152088,1.6885229707080984,7.842084665214197,12.261153146293298,8.920953051093992,8.459881358539164,10.029294535891246,10.808218165236939,9.721082751510016,9.113491016572722,10.288253692712548,9.135677448052625,8.868189478906018,10.19656747773451,metal
0.3651852260475562,-8.942438403587301,-18.353875888446545,21.54265223279888,-1.1259841537267643,-1.572693380675317,-12.43117564898475,5.086608178328893,-14.719786395619348,4.469750008654323,-6.981357317668111,14.246291963637939,-8.68023511633921,0.8778429134621827,5.825317017647094,8.178336542302416,8.700144751265679,6.801667133137519,8.83882642310358,7.970272797732469,7.679312251376542,8.620810188132554,7.9610451520545,7.725726609478583,7.6923326203032,6.610929402656456,metal
-0.046748125284325454,-8.72176660365956,-21.03585079995637,11.210908416672893,-13.984015999090952,5.832484505672654,-9.026234267213619,9.766449706959458,-10.104734503702204,5.8915917139283245,-14.645249592788792,8.729760257610971,-7.596896943218361,1.4342920660902778,6.2601891952516615,7.769397679852929,8.45261832412561,9.78723334890042,8.277350837258988,10.118679422948507,9.741525020162321,8.792699024969645,9.420863609690159,8.184887884381187,7.767723483926247,6.73212746822511,metal
-0.7138572991439613,-4.926697741726059,-9.561459148782536,21.41408807877438,-5.8253454639806215,11.441199004079945,-9.432993664211521,10.800148749974342,-7.396704659006855,14.256102823218844,-10.874477617946246,9.330073793958658,-9.109660171580598,0.9060928673317868,5.955350590108117,8.169221984085162,8.01741391097635,7.110465796243576,7.229878162382794,9.851524064095315,7.8938497010039965,8.543740604474342,7.419896870234934,7.643657843337449,8.210982603449448,7.435017146933723,metal
-0.6427050587108489,-15.695239076670905,-9.436466244459208,11.142524910730875,-6.937753133571688,-0.7960570976521142,-15.80044340708983,-0.13922563086710418,-12.251436407885977,14.817904983391976,-8.36690526038808,8.115077641844715,-6.400937798070537,1.0461893253194472,7.679341993590419,12.411660370371733,9.764833118591262,8.454132105496287,11.015231437714974,9.239202911839996,11.01351162069109,9.678133975515385,8.44346441041778,8.52155194699202,9.03635252139446,8.772019349857022,metal
0.18047133386608502,-15.566974668027209,-13.654415764302701,9.023598766187845,-16.173776579977034,7.099165627334863,-12.271178356703256,11.89012309740065,-9.300284021293935,14.36012431162488,-7.697763859761741,9.214611627239195,-8.510586014167425,1.3021536616815292,5.409022976492243,6.90713267444784,7.596082648750969,8.335521999912183,7.904705994532593,9.803061044864952,9.803041331933501,8.308166983366483,9.496646526098893,8.80224082272142,7.187193328410699,7.097088159983621,metal
0.9655859375174236,-10.595990492069953,-17.651818188307534,18.068779536180305,-6.209559031411344,8.515077182446703,-10.543401591457007,10.824136165720942,-10.537275138049194,4.9710211793419745,-12.28019967018783,7.16170323034392,-9.985937376576336,0.5488868183528954,4.795951363307535,5.785783146911264,6.986829138050082,6.606648361186299,6.822794384239222,8.016220532678496,6.9722816121229,7.7291965730641,9.002089372160484,7.784108823015726,7.470864166658371,6.734359279638774,metal
1.4191474085758513,-14.240704370631649,-10.807796662163483,15.170414119320688,-0.39008310728048406,8.286648433540003,-11.265772120441143,13.690082278458135,-12.638199822593078,5.016901444395045,-7.836290839582431,5.2203429230191745,-7.588381022078882,0.7711225196277229,6.416352547298046,7.818733541683786,7.923272613379561,8.894563305722105,8.890856963774604,9.117967876257046,8.644198846899275,8.316505541035449,8.690471654491349,8.294112401656221,6.809398478023889,7.230892778992275,metal
0.01575831471927817,-15.769273307825054,-9.031590779932952,23.148210336209992,-7.714862070072335,13.450341893907407,-9.032492396301949,8.76268465520837,-10.046122034193194,8.737583265326897,-8.654999166664323,10.078015517711556,-7.0600332054307176,0.9678007731695007,7.055514445332286,8.411080371741267,10.031121292394085,7.529570784549307,8.356554893006388,8.94963078364018,9.700205253202368,8.509961254715234,7.940063596380416,8.937426374220017,7.663050555480128,6.790662399195974,metal
0.2683937137882206,-6.81527012022901,-10.78406898653292,13.030582266421915,-2.40896357825442,3.3782529488973316,-14.328830978404858,11.207796163788576,-7.152757997248108,7.076503929248428,-7.958151621347831,9.156826820711466,-7.487981634945796,1.2585805796838676,7.763320008690783,10.101601919336861,6.840472546823086,8.046605613405019,8.55022784887548,8.58182221982746,9.930831160424207,7.850876741604915,8.6840560794257,7.429788097934743,6.844026297992426,7.227704760052713,metal
-0.046850937342724365,-15.678721147041658,-16.359639753936698,22.504960825026984,-10.649534976346013,3.455386452840027,-12.191930911034326,10.62752233299897,-11.302104532715147,6.327208693255264,-17.278353251713558,2.4534850659541236,-14.63386875269428,0.8904843647562573,6.126430526601027,10.817903487872204,6.42046155122444,7.318913661013455,6.611728484486981,6.432950206715095,6.679505148557164,6.9350551791766035,7.233663076959906,6.2888188842119055,7.173131537781635,6.454598387720379,metal
0.8834313589502095,-14.602201230609388,-15.568956451788033,15.855845840532009,-18.474491890698747,7.959258834452229,-12.727475493289711,8.577459116074222,-10.158048214699201,9.526844948956446,-8.43247186262158,9.376913646166022,-8.031104740800426,0.5680711963071734,4.238977799009973,7.466090328032629,7.557883495371975,8.574048040290599,8.090187481471798,10.374971332826854,6.659600706263879,7.910257465340491,8.991957717095364,8.036537032239053,8.417188621014757,7.403420751982607,metal
1.3693301894330412,-16.493734579812593,-9.991709554120655,15.609887046917317,-1.0815188888424376,14.860490525702723,-10.161272299674575,18.33074993342493,-10.75175493358105,8.971281099341482,-11.097510005527445,6.055233242558805,-7.312167281977814,0.9349903583676371,6.382495081186621,8.042893557840321,7.745441210436353,7.1613402017683905,8.089405196615694,9.099725182946743,8.736792803357725,7.6158185954114215,7.458275613690949,7.39150377507526,7.018943351526971,6.550377330776814,metal
0.13873134401025153,-14.439000749306334,-19.49950810856096,13.453848480705583,-6.07610545401354,16.469758536491735,-11.064268744085958,9.84574291467477,-13.136673050680294,10.664347809308993,-6.840655963021068,14.124538148578381,-7.751166446472979,0.9491927252982284,6.106324179314544,8.281462939616516,6.445749653216878,7.7450196410717105,7.727074793935899,8.247861694429332,7.938315180841156,7.336305461833347,7.670572239525988,6.851748137330537,7.87002096696421,7.3251662298992954,metal
0.07873088090995445,-16.892818272405297,-10.08010662638707,14.011763350519683,-5.436858771001924,15.185265725908444,-16.472960647693803,13.14801027343618,-9.265846002228182,12.072802189707126,-9.030791253846129,7.577576401963907,-5.522997698660082,1.0720529431727523,5.503020708093943,7.894099880350232,8.029419888617912,6.859418038362647,7.991712135782659,9.534243532298445,8.520901718767288,8.311473584947086,9.429396847791308,9.028724203806561,7.163922616508451,7.244594964948406,metal
0.555543515871059,-5.69581057309109,-25.005968006839577,6.704749868048903,-14.00659723271902,11.609446384467647,-11.69652815758564,19.117766955060716,-14.720008937757765,10.696098354395945,-7.365259604929135,2.7097539223529976,-1.6802557838039656,0.6499070102255265,5.060659861760705,5.2379787055519555,4.509442388583071,5.664877261509218,5.637515474872558,6.631481567442545,7.043447703205302,6.996339569063012,5.9563804291670435,6.157167461902504,6.974128082896863,6.981879856393295,metal
0.1876967656286163,-10.138630028205903,-21.60737441495076,13.754202993504837,-15.981745663085203,7.941071753248166,-9.722007924275044,7.356481417020606,-13.861411300188466,1.6441041083520835,-9.186881319119852,4.347925055951656,-10.582784607618624,0.6614843795638788,4.264372612112535,6.459357461027086,6.477652000668287,6.278875932939341,6.829244952198191,8.697463920761477,7.934988138909926,8.87509347468444,7.586583102006049,7.256506267721813,6.973039071563965,6.714111559186875,metal
0.6680270836350758,-8.773821750499945,-16.15191910000712,20.896134074644582,-11.546337910868864,0.46812021629153616,-18.029831859445686,10.593961879010761,-12.74725050297187,4.846303616951897,-2.903989012861856,0.7450421683005685,-13.120040876746513,0.8309718993482991,7.775713119051895,7.258145331881961,7.273038189340954,6.331349414535977,5.729505111799886,6.649138390694508,7.14612076597222,6.53948647929169,7.62845081880375,7.70297396975603,6.320748087806804,5.438947646547862,metal
1.0830515283765079,-11.719158323813552,-18.487609224422044,8.769578368123659,-11.585010148608236,6.973224662136266,-10.754721777359638,7.179505405112919,-6.481400261526675,12.089951422599782,-11.637606666991118,5.937251164782779,-6.542727237851881,1.0076468524457014,5.755393862843003,7.1991069287960325,7.056807650831538,7.359398778521962,8.186672138133732,9.325508129095743,8.771098206667174,8.161215422056028,8.813175505920213,9.164929811119912,6.732681250408914,8.705049476667078,metal
0.45802847860357926,-13.26240683270517,-17.88245268370996,10.503128707039435,-11.682483696903319,10.319167806966734,-16.562138355508015,0.8700226724210626,-5.640277018321458,7.9027998573787395,-14.044100754038439,5.258219435199089,-7.945921428602525,0.7663125664744715,5.513379329840927,7.475961363612637,7.880330321913331,7.36865211192862,7.26774361618702,9.9875895802105,9.115127256273977,10.234870705926214,9.017166493784604,8.622603906100984,8.72203116714834,7.960316917749579,metal
0.34739687261655233,-12.95218512432958,-17.571229407052517,11.379883277458426,-15.530539179177612,5.144285836058341,-11.817427934682662,10.593839985457628,-12.348219211280936,13.146135408722408,-2.9117912751613106,6.651715336294379,-10.689108134491615,0.8315452989569526,5.4978983701834965,8.398382976264534,7.283464926099605,9.188947175873004,8.173069640055067,10.398106970333615,9.042269096227256,10.8533441017718,10.147026867905339,8.584350751668984,7.540289291590842,7.704438999643034,metal
2.1153211287726825,-21.22098428499753,-5.923931770072857,12.422872709301158,-8.617370432857829,7.309652831344754,-12.70859065357076,18.103200201238437,-10.979992854605676,10.574595744185771,-6.097225719848563,8.954501777691021,-6.202296484993491,0.5272848548538916,4.309012893930501,6.966030341539949,7.795550936185471,8.149294402306323,6.823938258597319,8.41333059340434,9.859317886233763,7.04517905909766,8.973963412771354,7.596696787310154,6.986547035330525,6.76173143991906,metal
-0.8246210743887247,-5.299915521133674,-17.176822803455803,22.732794831801307,-3.248099311294827,7.262819742179779,-17.554877922581,7.756839540842587,-9.208560100330976,10.029036468842767,-4.469423875241003,2.2970598190463676,-7.905900002996929,1.404656791368859,8.962686991251621,12.538242927337745,8.819132222902104,10.476156554224348,11.373637701752566,11.26054356883177,10.818212842134729,10.489001187114427,11.83957549346267,10.380340537662832,8.772702609168183,9.367107702933977,metal
-0.6900222922562366,1.4585065247312916,-19.75432524795117,28.61199372029276,0.015369477305838899,15.016825883941573,-7.065250880688589,11.04074594070438,-1.1949933469121676,8.015332935387569,-4.783212221693998,5.592784249087085,-8.041185805552564,0.9286344735018015,5.77002040978837,6.675414545779178,8.544121852063277,7.301175424827313,7.168294460499925,6.313656468472038,7.375671947393638,10.106732603304955,7.483396936194197,7.711081571239942,8.947621238357346,7.577423482979387,metal
0.011091864489759969,-8.935182821747857,-12.86503330792583,15.142333617937462,-3.106165928331023,19.41254929291527,-6.000229483635524,13.045547641806603,-9.884703915029531,5.495475523099682,-15.372794805075763,15.158832853959703,-6.5467755845979125,1.086293471838659,5.850850826095094,8.108973110721656,6.704877987311377,6.111255024618838,7.76963338968623,7.6760749058415145,7.69155339153117,8.930248978886166,7.62597347061123,7.126450065188907,9.77092213304407,8.053471489046213,metal
-0.2944668110158645,-9.151511271847562,-12.835429228236139,8.94958456524535,-19.490475475186596,7.481342100946965,-14.033673974853096,9.30045137565203,-11.964581232238098,1.3996778254674145,-15.886546222606182,9.187597458169414,-11.687127029310728,1.1646847068270871,5.738963674596718,8.434746309497323,7.299697905908513,8.674601236507756,8.65735384832792,9.284558925242036,8.030338143772932,11.113293200397312,8.895590628120782,10.166421235238271,8.754811390591854,7.62006230264055,metal
-0.25243665571362495,-4.897665043288396,-16.38465744603611,13.138002451962652,-14.9367729531284,2.935873626522866,-13.951842240046638,2.7779907447305874,-17.567585842558888,2.7941527367623866,-12.058257558562142,1.5109717580733246,-14.340887986717696,0.6984469960135898,6.056791290352896,7.149966016419482,7.980643840753907,7.747628520308131,7.9603389874667325,10.179615153251433,8.333401534008107,8.702888118253027,8.32295440649118,7.65698241655171,7.521301308684572,6.854520476959264,metal
0.2461680215688401,-14.58646192215658,-15.021470478753361,21.386736512495414,-12.292807391942809,7.125051669109834,-7.228526028475169,8.01886658916213,-11.963215561200188,-0.08519512641727907,-17.18780220159853,0.9836763416763239,-13.79584067246396,0.4185259805259456,3.2838540197706916,4.915612083075562,5.22998364522457,6.815970392110293,6.089127523418088,7.091668668381757,6.436524746915347,6.575585100516419,6.173317235002172,6.190820174670613,6.417251395561485,5.879258546388843,metal
-0.06358937607331624,-12.837629642531143,-18.196354178350628,8.057366120058,-19.297672978491264,4.41487499479941,-15.902257331001909,8.072609526636016,-7.028753888931485,8.87068841604362,-11.155163525855706,3.615727547476663,-7.686095732568461,0.9886142621614338,7.467645259943388,8.773009722648416,10.427169343949885,10.106377983725324,11.349869926309173,9.971601272536107,10.294125976275017,10.079754330793921,8.697692188948954,8.457459733659073,9.423662605234691,11.314092248506201,metal
0.2777641739621082,-11.906075146441887,-13.555077044640424,7.84262886204086,-11.769927224296474,9.270145490441337,-5.824754391785345,16.356053464283246,-10.582033794963959,3.7539281469380166,-8.595452096155405,12.097933935783532,-4.310870974678131,0.8936281200541235,5.667898892754649,6.3467279977542015,6.589422778766367,7.24656139444357,7.317356249775844,8.151359289179602,7.247248219006167,7.737572168307703,7.352238851956837,6.716646256645264,6.480598383238409,6.127478133328515,metal
0.2859237690468618,-13.224668521086711,-11.98628891699655,17.301186886790312,-6.935063502288193,8.35494080312691,-11.270798711943609,11.272071664484592,-8.626313038910723,4.684245484690576,-9.088512111387873,9.530555073736478,-6.559255381370976,1.1152196227618665,8.357510057289911,9.838429333211254,9.426628813650584,8.073557576594888,8.214142252120547,8.919808316746055,7.965549367838975,7.357057782741525,7.645480467657925,6.164237223468545,5.673060967413747,5.456782004251971,metal
-0.46423068557588637,-8.600102637566444,-11.68644375892506,22.288076364288766,-0.7793720674965635,9.950675898769571,-11.04101313663852,12.093284980596223,-12.838505950841355,6.431115591033651,-8.717336155686603,8.022937004797829,-8.079798376955171,1.4817348020700187,5.776691918305974,11.338077914965698,8.278070203946081,6.982458134556426,6.175961172801539,6.814802533499545,7.4707991809172185,6.585720698176556,7.64970851823234,7.994903276263889,6.384973913820586,6.714113270039154,metal
-0.7513691233265065,-10.23889315507648,-16.186078522025376,13.975083088569,-3.4615079427928794,9.607971452130874,-8.304906234094334,10.515400541591303,-10.074708255212734,6.987086690609516,-9.27231172444159,9.297440863214398,-4.330616271083398,1.6424558894462475,7.962230280736696,13.666000038206608,6.3222316237591345,6.530992745057464,8.915826937917647,7.994681299701605,8.262882982025891,8.172057236419572,7.171189978999701,7.421151944935646,7.229550439127572,6.825460501343592,metal
-0.1812577993204915,-12.130979631503216,-15.274006166856678,13.504474818183157,-7.586453252358444,10.073144767465106,-9.41328269318189,14.58873847536278,-5.588604821861781,5.601235447736214,-7.913095902793151,11.214627543019182,-4.399694852869804,1.1603592076543972,6.512044902308562,8.778749537520047,8.421210779702898,8.741815889283773,8.914811233825533,8.673535354880377,8.295980228413207,8.190168783944063,7.8650847911299895,6.893790878545874,7.574974269265707,7.106321065833867,metal
0.0031778121893823205,-16.458678242496838,3.5479197620988567,-1.0574068157238563,5.41136069933408,-10.791344473084353,4.109907706829759,-9.599481509642796,1.1921737681330227,-3.034099337496062,-9.506874521943654,3.37779245851818,1.770507275224447,1.272431014248589,7.490802377122317,8.632235656175054,11.046646630429091,9.223996904602075,13.564021004559914,10.925826190936602,12.897444993519663,11.640465635802407,13.0718853588642,9.625610214452806,9.7749611924989,9.950164008950892,pop
0.9935549238214669,-18.810727853997733,7.752287398971997,-5.604722126174554,1.7565442852575437,-8.778262235881622,-1.1715195229003694,3.9165461912616246,1.2361812525625855,4.512594673963929,-4.630470507618637,-0.7409026471528999,0.6725945261735854,1.5333874564279004,8.54529551610084,12.213276214546024,12.42845247341374,12.378689110719879,14.617046449977718,12.623464274149555,12.734461512999902,13.846763915608925,12.764465810805259,9.901038704050478,10.025986077181916,9.015414470612457,pop
0.19001788483418058,-15.821834955873355,6.580722663179381,-3.5091225272974493,-3.1200740224451007,-3.200812290055965,4.633003389620566,0.6211709292789915,1.7965500738618714,3.753251653780113,2.9854198310590547,4.47276292530213,4.65196416811859,1.2993319046589522,7.276722893392257,6.315092679683713,9.312067665830462,8.453078434948148,11.21273886436842,9.862135555122938,8.251365746847181,7.5567793594786545,9.337483994390595,9.672163821129924,10.791331240898083,9.29434541190249,pop
-0.8437706647145827,1.020001847581956,-19.139455688311006,4.222745471571477,8.315143032868692,-8.230181333365287,6.649887331326968,-5.751206740506271,-1.643326821304678,6.338739428645714,-6.987742339330602,0.6097171638675083,-6.710971665339398,1.1875843082636321,10.440088400433146,10.415161292185639,12.263798679159638,9.258368809851797,12.175367647572244,11.648746635721787,10.683765968061556,10.796495207886261,11.02141059382877,10.305974828436097,8.935453146116988,8.801254831104288,pop
0.6393660751911098,-11.579708825836184,-6.692164983286616,-6.754465831533014,-1.2750287296957104,-7.061450448197637,1.365989829344339,1.5293357945845691,3.142721027484977,2.7157782036137132,-6.601747371299311,-3.124432128777452,-5.187230250568497,0.9161175254276311,6.583581306000595,9.22740192240877,8.655780997446668,8.682480739556047,10.791060721726216,12.33721061416711,8.741319563752539,9.750872331623606,8.677499390189741,7.3796035704565215,8.079500880539253,7.666445996910831,pop
-0.9320759323025392,-7.863445337940873,-11.249918631039002,-1.0414302595185618,-5.459585254394718,-3.228251894519798,-3.7321220898902965,0.49740223132968975,-0.41362202980181,-5.404642544777364,-9.026511060355368,-3.552808728041174,-3.6364147248638967,2.6272985416351693,7.62100759247806,13.55302352327969,9.903985909150075,8.140407254764018,12.88202025141411,11.398348267071396,14.237135178001838,11.366215544997784,11.336966699201932,9.193641012486584,8.90438957365615,8.706423569707848,pop
-1.987093987571195,-7.573155040723433,3.395943407488093,2.663597284785724,0.030238142293976904,6.097578126249806,-0.02328200596137487,4.486046458178122,4.428007726436789,-1.6007736532643881,-10.183752262548639,-5.61129302197579,-3.577358901708048,1.529900703585852,7.451162757151592,9.778676619177155,10.25887112416494,6.965804409406972,8.774102883915539,8.887055992128905,8.789889272027715,8.41615897088269,8.43153556758004,9.843107953740805,10.18123678002845,7.554104525787865,pop
-1.9759623395416512,-0.14276047914944356,-10.874052827604576,-11.224058372597167,-4.676831706492594,-15.406683155082247,-0.01563562593861279,3.4659437583753294,3.331949567844125,1.3303538581780463,-6.836452373273651,1.3474832040929852,6.3670613367804805,1.6424581467389365,11.424447147923411,12.566257380406155,14.406481798042819,10.365729672455998,13.320690399835641,13.856138784410511,12.168189028400178,14.6587238618958,15.119398604414846,12.624581809884756,15.913237478238138,13.161298065235682,pop
0.4542361300975023,-12.937820584821337,-4.150347248219769,-2.2049088819459532,7.364655755155287,-6.648732243850819,1.7345521870379557,2.0289793651986234,2.722968431253423,4.461396876319113,-3.219180726583939,-3.03689452758615,-4.739664012086372,1.1467595717744041,7.1623573225197505,12.220417540813894,8.807512415186329,8.804602675064643,11.205008862959287,10.901512316133402,10.66985368967913,10.391541325187339,9.709317502257228,10.371419037397757,8.839530243650435,7.699038443321178,pop
0.6307251551099653,-18.067108549969404,-5.076831429469679,0.16701906902806052,-4.185579285708229,-9.718888673436057,-7.168526557499236,-0.6629131257944355,2.0880217709672815,1.0414501566015992,-8.237394236143105,-3.939642519662612,0.9945731382082872,1.016020241097179,5.227237435105833,9.280280347091939,9.659435563831932,9.087004923341812,10.25883980792496,9.3714094583758,10.041682371036629,9.297681943881397,9.467736929961601,8.523230951304898,8.105621736499126,9.219464706142986,pop
-1.0320047192332906,-3.6486531455969358,-4.254786364151103,3.828619135913412,4.800177381174317,2.530496731020265,-2.077096916452841,-2.6198996995873074,-0.06220688817569795,0.10724890192819238,-1.9706830785065985,-0.7589162677449552,4.286938032336688,1.5600987811400395,10.063955846212142,8.096419586447686,10.60035561282113,9.158528517601361,10.323373570816848,12.513288451886202,10.220450240485851,8.92693904094305,9.606309535905664,11.524800405895993,9.615328366869692,9.61100825232875,pop
-1.8823609975234101,-2.247900627899108,-8.33207730703663,-15.625631367786653,-15.167344962807379,-22.426491304781642,0.8025807125424009,-14.155637613193202,-8.386217566399925,-4.152047830255246,-10.48829241040347,-1.1952047683277374,1.433074145674537,1.562405762728817,7.791801752900767,10.398673790547722,9.71365973020149,10.584793629362458,10.32675465343794,15.823451079565196,10.172825379615386,12.611119057006961,11.380996775939588,9.975605000626654,10.137388701919532,11.91868911394336,pop
0.21607242430384085,-11.39064788605089,-12.202993090205437,-3.492947510914402,1.700285015712837,-4.203123856868397,-0.8247227179869926,-0.7421907531960772,-7.892995946075344,0.8993713101640702,-4.722877485334337,-0.2015395759143429,-1.0582666221528245,1.226161873015567,6.93084439498624,9.90473765565428,7.47309951797034,9.851385296825251,10.101656361957652,9.222645289695201,9.624393145694382,10.05370776571504,12.17517884344953,9.549450297406546,10.121930776426428,8.224009067409543,pop
-1.5835772716947636,-6.86041171822135,15.448054924367355,2.3149814994714357,7.166061126665937,-2.30861185809633,-4.692641456140708,2.226870616723007,-3.770619463902527,8.78881001126289,-1.5429761116790204,-0.739790947223334,0.5760986538701998,1.6268967440233684,8.513991092778692,9.694755536113453,10.255822664243372,8.070699571112797,12.12257663185057,11.78741181354745,11.00836980255611,13.62985013229545,12.734223772169832,12.298188938894405,10.649502790076262,10.582312872575411,pop
-0.21653421551830485,-5.28804073864992,-12.004475089473896,-3.156789718019406,-0.40975274934630834,1.247229464156206,-7.405261096734445,0.38648456772129924,-1.8671665085202118,0.4641851596548078,-7.871867061215742,3.2948432252690565,3.7574359045410004,0.8299047270594707,5.965635399592688,8.866646623104074,9.343822113909377,9.93368004147466,8.858116562440399,12.261553242593392,10.3121194491752,10.012650047836047,10.230025910730001,9.611125840713566,7.76293179717341,7.657608655929025,pop
0.42658450683426075,-15.424417063076978,-2.49187505230704,-6.101316333124694,-3.317259294877994,-5.67360281744318,1.4352644787531608,-0.12608573239722484,6.124866459849703,3.6270972516847473,2.285257928909861,-0.24916756976932894,1.1367109558845034,1.4094729184041108,7.295748972320043,10.556105948179093,11.322882625736662,8.911955874938153,13.996369014136475,12.898791202437318,10.671778789931047,10.137434587804982,10.53991075024456,9.69419491600072,9.17354738931166,7.631452602651217,pop
-0.3858048248538985,-17.951485314332245,0.4602742814805587,-0.5142892371467371,-2.3273090012965434,-5.769451326225701,1.2919613420085085,-4.22913844348483,2.633555607607793,-0.5543164308446256,-5.229404259860902,-4.857344055420253,-0.902920248111187,1.6404909347593557,7.822073805135005,9.209162965785724,10.43266737034707,9.94280246522641,12.267262147205225,12.1892055067639,12.2745665781647,11.68494094068218,9.873700897531142,10.243112492446361,10.752963986028766,7.794308228306188,pop
0.6282498850476247,-13.443735775608394,-5.92337199711486,-3.3930183567660728,-4.205954092742252,-5.611986232852056,-9.448847145279286,1.797463112716087,-6.285584795080946,5.181480066217439,-3.157469702152822,-5.034541907574252,0.7349417854396627,0.8604214108728614,6.0637866439032475,11.787318501764611,8.544895361632527,8.691443490138742,9.95529764823543,9.025416796729193,9.19854657568341,8.948491810051525,9.248994339177656,8.953158031500232,8.605292378098893,7.286925584089955,pop
0.6173341658913969,-15.784060001634183,5.432595629079204,-9.448404806740701,1.014984564644261,-3.3950844973601684,2.0666563267724456,-1.5736501108392456,-1.488171657509211,5.284985579862042,-4.332736198029445,-4.174561162185654,1.5369813983879532,1.2002479631991363,6.793980037532212,9.73072060459708,10.470510221730986,8.73386076351132,11.511081194197436,11.859789497484982,10.047492342306557,10.030494826372182,11.165286376989002,9.392809355074283,9.286290035389973,8.574025476640418,pop
0.8242565456962216,-13.893352266418704,-7.073556989746346,-9.424880265235315,-6.753446494172351,-6.002959508912359,-0.8287922188044805,-10.258764097491618,-4.750609980013059,-0.7561234491594631,-6.299000926550557,-1.8813189282969272,1.2762171208689204,1.246662970123762,8.467836724763272,10.068404808867134,9.809399530252584,9.529508134356195,14.000938786946506,12.91561645248182,10.345409689616938,10.032477083706922,10.461384556704175,9.786089576235932,8.538339343632275,8.614540228189576,pop
1.5428475056318203,-18.199858328430764,-8.974526916528625,-10.910985614569897,-0.8684657069147632,-7.239161841347469,0.042181012698859995,-1.365253615170866,2.420566387059352,2.790696121675148,-1.1016857935796325,0.7491620502472007,1.7091795373445084,1.2924938844681189,6.416752244909543,8.215744263885178,8.437123660167252,8.63917790320063,10.755892254488655,9.67612824360388,10.983823644065284,10.716455650259402,11.339537587506122,8.455116765909557,7.663310426504822,8.144674960745936,pop
0.7525337171802258,-20.153746192435367,-8.131694542861007,-3.6647783440025794,-3.120340054640865,-2.1911944863535466,0.06678405125286511,0.2379339308611678,2.1568426572409316,1.6305506201402058,2.1676374288140456,1.3726716112781046,2.9837927994252373,1.6003004421642695,7.958494055266733,8.644952735523526,7.572292781510775,9.058841773253691,9.988278912100212,9.574794842756239,8.908315890571876,9.28140353863384,9.571468838988707,8.110396642532313,7.801623017605929,7.413939149175222,pop
0.4315892850617457,-15.481912008105818,-2.515621260570297,-6.058529791271767,-3.3471774044473164,-5.67578545667176,1.4106668891120733,-0.10437224875533109,6.025779225308033,3.47386208928301,2.2668875342410244,-0.2379708709861024,1.208714059541167,1.4047747515342452,7.317137709459397,10.491106835596495,11.275801124083976,8.93905305094664,14.045147488224275,12.91096361837428,10.772880263171501,10.304930820982925,10.599342305644392,9.76500715943275,9.174302416983883,7.595461953576872,pop
0.9295289602541489,-18.06686044426185,2.3374828933330423,-7.48767218081349,-2.6743661857607157,-6.171297528030005,1.5990536416313403,-7.725134724644515,-0.6693226557633312,2.6604306135708766,-4.670918246629775,-2.459562220913507,-2.1662596303328447,1.696170409579497,9.59662171190644,12.708401610120287,12.505096598537653,11.695270520510357,13.228278600469036,12.487506780720766,11.153986105751592,11.616617754143109,11.706757224285692,10.055503458451229,10.085508459996607,8.731563466763598,pop
0.5909043961294889,-16.23612909442336,-3.9864993270060842,-8.970051099628611,-1.907091231668051,-3.1483672219755037,4.587431200177082,-0.9197012988910352,4.2058402265693,5.12776271248615,0.009361304946080423,-2.960659762175622,1.5239011620331657,1.3580759423307949,7.245855222828178,9.704965079325605,11.577564663534986,10.115051942583852,12.884460987341841,11.004131412314077,10.195987711907948,9.95510671156104,10.808734001764158,7.99954290845725,8.499872406210953,8.00588520804512,pop
-0.41915922102873304,-9.371855480024262,13.101886193300937,-6.553821121565297,-2.540024371855246,-7.861428417508466,-0.6871712051750359,-8.053041123913182,-9.73580185012169,-2.2585562051812387,-5.468729159841643,-5.697403600578406,-2.239560543515995,1.7589766217793612,10.553415761907278,10.705335858948033,10.399759894477413,9.354985358520768,13.04645111664791,11.351038858252588,10.26593946077729,12.722209383742234,12.755774090202987,10.23252394314193,10.051735251509806,8.769584306592797,pop
-0.16170089332952464,-6.361114464105202,-2.2168460754961368,-17.160058609749886,-6.1912901693048985,-3.62936555214613,-0.7312433902679397,-9.128520152789177,-4.367069430004763,5.597001247939304,-1.112667039753372,-6.073533741766211,0.9793997278881433,1.465080027148769,8.064590363591506,10.924683482290572,9.852749499367071,11.61570844554818,12.257009100751096,13.066275951386839,10.887922959723848,11.021775626060208,10.549651691895965,9.037744695195094,10.008693028460028,9.567759658281727,pop
-0.3712148029678909,-9.566623986196408,-2.384108410925369,-6.41347650788507,1.0618309994013044,-2.193672242327329,-0.10492859193348428,-7.2593233066149585,-1.060707231187186,-0.5109193424449665,-4.587009597412422,-8.091837793405057,-1.5524834447757374,1.4955899084391322,8.885771390782288,8.939484029753372,9.734012322289326,9.151340263591184,10.91681974312955,11.19987776873424,10.280830495100332,9.572346661196342,9.376231650212068,8.545941064524543,8.801653735940048,7.668556749253366,pop
0.2128147257323164,-12.297826736265403,-2.002263804272042,-7.808686398910593,-4.596161545719022,-3.00902340871776,-0.5978018413327234,-1.1860932570771296,1.3470955474332917,-1.7449746947067253,-3.6147716093277973,-1.948529745134308,-1.9212209313217852,1.3380743909644928,7.28239403339893,8.158621856367851,10.558959899222115,8.418919005181612,12.057179885458043,10.011414811712527,8.938897010066558,10.14291584946609,8.893638275484957,7.809217637447046,8.303895957749441,8.166938799443216,pop
0.5169106783503692,-12.458214670979194,2.050736676109307,-9.146250033790738,0.07682879584490006,-2.6505686054950033,-2.771382066428481,1.4409379319996454,-3.5757417918710486,1.3759276706555377,-3.6542713392254624,-1.3255277854955865,1.725585944732451,1.334557252988979,8.136983656355774,9.423503207071578,10.78669329355245,9.332462216096673,11.790304176976733,10.100645989517366,10.362708023323675,9.641849214382642,12.274080324713818,11.025821496170535,9.60231277576364,7.9514223407682465,pop
0.7413853449171943,-14.050083084744028,-10.179187548899959,-15.100009586882763,-6.951327841579475,-7.264095819796461,-4.252171822287869,-2.2261152893170824,0.23222029975508762,0.41452976733568514,0.3978837239217503,-0.6321927789436342,2.562134773261827,1.2755490904825664,6.604958100723549,7.744161459263804,9.483869198603298,7.8377965079188305,10.830453096577859,9.087913656235129,9.846248275501715,10.561932632755285,9.590391867917965,8.701536405097244,8.937786511573231,7.5759330852622995,pop
0.7371284759934481,-14.542837862558947,-9.953282714429374,-14.94062075586938,-6.620903369721583,-7.172701503179921,-4.278020774879221,-2.3092439018105133,-0.18767060732810784,0.6413620012346436,0.23839300832119767,-0.625066142650539,2.28415140781743,1.2842992601385443,6.527257502952724,7.582312042395805,9.295561956053296,7.910386485888026,10.813262265552282,9.18457247087975,9.716676501429117,10.606239115742818,9.551954494042056,8.718967486264873,9.131456871725064,7.629477713086049,pop
0.4680583966293905,-21.22544320717869,1.1887205649576802,-8.020121744951572,2.757602094117517,-8.149196394806303,-3.710189424539636,-5.6961288273343476,0.9823998716136025,-0.009799019087980525,1.076058892252774,-1.1214414307647187,1.6606228117464827,1.7443120015114604,8.914894200749073,11.105186709930763,12.490515609669913,10.886191163249451,13.851162743709866,11.541713297021317,12.499909002047353,12.92005333971242,10.616003765762946,10.724824528370572,9.415334693623358,8.900351097179882,pop
0.003058596203188197,-13.59129364921494,-12.31773520762714,-7.491090817129739,-6.852296916490223,2.619537854911048,0.242380472422752,-4.804568664503571,-2.0414621272348037,1.6509340949090745,-0.17023086669873072,-3.8319327725401746,1.033981025432563,1.8524540056327343,7.5471567474199475,9.127246822446166,10.172787961110128,9.862572448718531,12.280018685741739,10.070505323239898,12.190045124123085,11.453657418994439,8.317558226706621,8.128074403654363,10.116043219727906,7.233020723869682,pop
0.23933972966230885,-11.573265752193386,3.0061790050945696,-13.135384752269447,-5.805270441406384,-9.411203137535214,-4.814989236645138,-3.996938862338415,2.166752827501929,-0.6538838106167435,-4.870229272484462,-3.9322976354850785,1.6637967466190562,1.4726725212974332,8.358881488080874,9.054633164547328,10.870154653932719,9.79194918472375,13.665874389987954,12.679362830685587,9.708366957315851,10.109759770606297,10.358741618673776,10.131153972875113,8.87443696443224,8.27946609918503,pop
1.599295192313062,-15.831411118813737,-10.591830741998672,-15.611794135765873,-4.013645093557339,-3.330663242466797,1.5369458522747086,0.22408206686724458,2.981671749343273,0.9526791197677142,-0.4091271960737815,-1.5328643474819064,2.712782858038765,1.2422399854089439,6.277784391323793,7.8055145406982485,9.103229527040204,8.402799147819433,10.285738035545757,9.876414053001556,9.070860618757802,9.202282823643305,9.082199341692101,8.035755880116904,8.407056517241863,7.5243601439413075,pop
0.5842938458042937,-11.524628254678635,1.5345762107699474,-7.520621438053904,4.7321074803744105,-8.630841538520084,0.03879131680486189,-5.569646237611441,3.4398859102756294,5.786950735658848,2.9478839105615866,-0.01436183658944541,2.097808164328983,1.4721483789606897,8.506666123652813,10.987110978714904,11.668218554378031,10.084828306950081,13.938180736171171,11.305558046985336,10.020195502663833,9.138477681341055,11.780139551781016,8.901665448423996,8.844354072379272,8.050415096485624,pop
1.3336298933152164,-17.509530018918632,-8.03047968889428,-6.455944046576305,-5.1492326817537375,-0.9298716634336905,0.0400310113967418,-2.035263604762825,4.548743628537283,4.178052087654475,3.7459061402103457,-0.6358125365851508,0.7086218537423404,1.2773574078621266,6.540377220055534,11.788704284426716,9.383835442136853,7.884488578905571,12.347880087819345,10.380912266769327,11.064581042257405,9.854402032825734,10.245145201213008,9.609109078686632,9.491134289412788,8.163446027796919,pop
0.9305368946327778,-16.421089305991714,-7.562762315619483,-6.2997829150461575,0.07943817637757447,-2.179524198399342,-1.3370926059798909,0.8184533595266696,4.806242532403013,3.264646815977622,2.6287830888618258,0.34059722266981424,1.9158216465230336,1.3749114404384455,7.271043014066298,8.883360513597157,8.435841975809026,9.07203598472589,10.1969340522406,9.249600728412673,9.491770129800202,10.476185804735612,9.679966145058831,8.411638830027693,8.875590594549148,7.3393502342613735,pop
1.8372163002733657,-19.053269333186027,6.528133743826857,-7.737301855361967,0.6664163171743275,-9.112887709840036,9.173134906772741,-4.814452944787168,-0.7839051148278979,6.59901434201877,-2.816840233369683,0.4827833504367103,-1.4258376194030729,1.5117874837414922,7.254950111886748,12.830345456969551,11.508575192954915,12.243607797717099,12.808218526299703,12.831211181247152,9.019668378808028,12.010242559628304,11.232851021648338,10.734640138131013,10.278802888210558,8.873113459798516,pop
-0.07421258288177614,-2.4775914967742354,-14.374559601601272,-4.899063310136717,4.204754334494931,-11.048653715360214,-3.8887864215448897,-3.5342870030260736,0.7535362399447023,0.3980348466884356,-4.70037988145416,3.3755114764034353,9.982834800180525,1.5220566132389508,6.310611864481966,9.896582566482381,7.146657620684236,9.125618830499155,11.770839980559918,12.411107376527013,8.832034867628924,9.924928013145795,9.203943574124787,9.61548106993129,11.485081399256988,10.067474269025638,pop
-1.607390939740541,-2.9194952501003195,2.348046490403507,-12.105337039811227,-5.1886231611278735,-4.2333874414282935,-15.977136498193028,6.054411844677414,-9.327390133274609,-10.104634917502013,8.411804405596124,-5.637763222103169,-4.051172514281319,1.5362012927519795,7.806068594285532,11.96193583874996,10.698805491758204,13.783628237405054,11.708970035731173,15.66022383958829,13.766216107607239,12.243266847444636,14.51255914070274,12.239918406811558,11.265505410046273,10.923923148951033,pop
0.7685275972539346,-14.113518503512248,-7.116809301536572,-2.862880144397959,1.895800122123706,-7.840935092149628,3.3282187354253363,-3.005733351461748,-2.6527188582683867,1.86939037439805,-3.990645608293941,-0.9876844692697255,-2.493049240580561,1.2260334778268607,8.413247239751751,11.938620688762478,9.171020905961024,10.752416883686085,12.7140417480721,14.742335333761773,9.771179310478326,11.905655862780177,12.648583570164492,10.264884090769861,9.170832291741817,8.097822583535752,pop
0.42102181990380994,-13.947407334638859,-3.7594102508780134,5.869796642612811,-1.1697176848418427,4.367267861991044,2.9729419736826883,9.037660509082661,-2.1813084380278562,5.307596062628164,5.782921641380605,2.0067115724595075,0.6699567901617258,1.271205112842849,9.928006595534686,9.579094627591592,12.005470507768015,12.19599968225882,11.316589968700336,11.859115679256902,11.271058998349703,9.924530935154323,10.66735756026477,10.202068017894419,9.320028446121553,8.496466557570052,pop
0.5845341689492931,-17.119595929755423,-8.717346423783043,0.09766746301863692,3.224583856498378,-4.334276415487357,9.978919359494933,-2.150300299446067,1.4764799590525,4.593540197593497,0.6548361918636788,-3.830919648996685,2.7292864328504707,1.1987461739692284,6.9205297597668425,12.739048163161373,12.099874490088744,11.144605894398218,14.754569287792226,15.2185194241066,12.141578988160607,12.07980591561137,11.843676457006143,9.720000905886929,9.70027226257151,9.585973980700443,pop
0.12786145091723267,-10.491392436284585,-1.9936263206170715,-8.61848082469608,1.8830361688351427,-9.530365545834712,5.410472276674214,-3.717581915760455,-2.676983862900781,-0.40394978923836866,-0.9008259014745471,-2.3312281299672124,2.2899585087544243,1.6003999856169315,10.780250862201308,13.601138843892302,11.871106851701235,12.124888421885418,15.771563999388272,15.700257554000565,12.527135064136134,13.173636894031052,13.290060406696151,11.247655610119253,10.668505809660592,9.535674206395319,pop
0.1072318183165227,-10.455312733501533,-1.8563230817877931,-8.788525962074226,2.164275752796598,-9.869135746465556,5.778100337902796,-3.8248328898021895,-2.7366182866270443,-0.1292573020868818,-1.2876517364816114,-2.2449854841377967,2.015183195731654,1.5852862696267334,10.530578039314479,13.894238644371024,11.993134267664434,12.131195030238732,15.47008303706957,15.696301626318201,12.564051262279358,13.398966975762578,13.091837777603425,11.082730697981013,10.467765742255702,9.499631067330839,pop
0.48932912560773134,-14.096446983998558,-1.8217836942051968,-8.561257900079548,1.1640139519027817,-2.034097539909736,6.623802864482312,-5.3538508243523415,4.514012738608147,-1.5678998712337848,2.5096265338633335,-2.501688065253507,-0.07667868986411461,1.2971635224938276,7.603034881900237,9.414450915446093,10.490014482729903,10.513885438260695,14.558215088040297,12.39903129223545,11.08904727346278,11.29629450622344,10.460945797708217,10.174737425642746,10.318681362009992,8.4418058938305,pop
0.9205757740152173,-21.955543704589733,-3.650994685560944,-11.710012451590817,2.7017122261360713,-0.262106310899773,12.090327484524089,-3.152783649106487,3.7820093322218162,5.964684868431411,3.099068682401155,-1.0312852522329858,7.329774415589884,1.2314042676489587,6.133895014809546,10.885312035650191,7.65992700216967,10.179671147259358,8.887180752936093,11.560334809567195,10.215054812826004,11.874842606267226,11.275503556692259,9.847962713986012,9.5930868186016,8.517815732720022,pop
-1.6953901555935456,-2.0803426104907388,4.4447657024582465,-3.371759982468442,-0.9715133036297485,-14.860264664963386,1.360697892258088,-5.252987237089423,-6.8120226836385225,3.121932379186557,-6.493178770269466,-6.885718660572615,4.922236491789745,1.6425836433542653,10.717151569423976,14.77283474090021,12.121768612549843,10.738121151981737,15.339139059476638,17.83108970685844,11.951766592102112,12.418112655928626,13.560671325232219,11.218383496218964,12.434601678154932,10.42242579674258,pop
0.14267638060965296,-13.796240334874204,2.4538017350451278,0.45759420194991135,1.4141426737337286,-8.712014887082493,7.422704155958669,-2.094322583857781,-1.059503520184928,0.9442432434651774,1.6925405846069208,2.4051336267535337,-1.3388619678174118,1.4676736240245878,9.922088307488146,13.753560961203096,12.089336285700643,11.30877624103082,14.918581661120998,14.15989072225531,11.732028207850261,12.248864229589358,12.285146164519864,11.507686188799473,10.840774903121506,8.725696184684237,pop
1.6987522458297526,-21.623075621553536,-2.679257438333084,-7.720530655717237,1.3958509838866482,-4.226316358831267,8.333279497315004,-6.945089446203753,5.612230787804305,-0.44889894139000547,5.10305642848745,-2.4568155324797742,1.6953005246831452,1.447412694286676,7.404083600444252,8.623100348332043,9.869216785244317,10.658941264898116,12.927738386322122,12.576282998054698,10.439304269269138,10.761782180931688,10.749458885481175,9.45506355360076,9.952262805238714,8.525092488794934,pop
1.1533464929950608,-22.47207978127961,-2.539231399856177,-0.8790743538487028,5.8772809991635055,-0.11001637844608841,14.568997675177476,4.951700796262392,4.818924083726412,10.265459664133136,-0.7020575452565287,0.038257579798629406,1.1815801889602933,1.5038315906243986,7.259391006450771,12.164082450537512,12.408647663103439,12.634712454382546,16.078174342333124,13.905442153695912,12.506647286678028,12.391597383742932,11.93503566168625,9.82603055341426,10.009963402214593,9.49738802037687,pop
-0.6055366237190906,-7.138575935628047,-6.966443407784455,-13.40297527932374,-6.72044056241803,-21.537165396984584,8.20865084743531,-13.046188293064445,-12.95002021980937,1.454155519892722,-11.723955711846855,-9.331312517353052,-7.53915533166545,1.789546969885562,10.263289608630261,16.86116173180524,11.776547090800273,13.075143191407793,13.079938163744767,16.010859144766265,13.041532043519169,16.71149851947276,14.768183526269262,11.999112477317507,13.225884480356639,11.875838278293944,pop
0.9768970225096668,-16.6714447548969,3.877711444491905,-5.844932885967526,-4.566235904429094,-12.793841614537108,4.350326843659881,-3.006757434488255,5.1146306600634555,3.7025750614984085,-2.4423983332776853,-1.9141645078804346,-7.8664750730364235,1.476217682935056,8.549285321094889,11.357062879766572,10.65942882812611,10.925042732746403,16.280858748503782,13.361203082920222,10.613696557405008,11.937306695494897,14.21846927294402,13.811740607261385,11.570010021541451,10.383005122996979,pop
0.781536247025706,-20.538230608276837,1.846561349800994,-12.407086293042893,-1.4702859050892845,-0.41399141934591965,3.2992529730115847,-0.9315187279947804,4.155426194668921,4.716314226717573,-2.2794840699883308,1.391167677393196,-1.46207470124981,1.4167681071021696,9.111258449820872,11.152603249027623,11.76582036478144,12.593346936875644,13.848429063688448,12.878902259384812,12.856239645124296,11.292255930596525,12.328544143841377,11.183497394426157,10.46503958955586,8.377504164210269,pop
0.493713596831194,-20.21449303984636,1.5264580414185123,4.327947385025411,8.062202826280304,-3.5778058760490223,5.484027822230737,-1.1353528182215709,2.7805922375732144,1.456878402113979,1.4659952590955379,1.0011118940928592,1.676823605611337,1.7564818400149846,10.586687182603207,12.58752729037736,12.218892210735808,10.515924275653044,13.039870744512914,12.863559967748484,13.113569230280545,12.28510961519367,12.755294666539074,11.528220489700644,10.62567373575126,9.275284932324446,pop
1.1802057209416852,-22.375645232344528,-2.177090871780702,-0.5648553832091118,5.180578506054719,-0.329251736599478,14.560974441300967,4.661752020993843,5.6021241568419375,9.762863271355318,-0.28102863984743953,-0.36772600201518413,1.1433585409747198,1.5333384526603682,7.275201002361803,12.437734330317753,12.223165369659323,12.62852279216857,15.858545924685039,13.873963559295953,12.646307893125842,12.258447452185745,11.635234182372976,9.733198300315106,10.02159197358647,9.579981298275376,pop
-0.10276464651133001,-12.659592783004461,-12.489681646873507,-2.9970609744819887,-5.008687986076091,-8.147567797417766,0.3296407518969316,-5.319482421845069,-4.117998843713503,-2.9760895106424194,-5.140122819628568,-3.3767926388668617,-0.8562166776521463,1.4570318581822046,11.649754711921172,12.69587678767848,11.74150928395367,10.538418203646948,12.527772288558337,12.58640887133267,12.332595410484014,11.379412891107815,11.406100417162707,9.521454317717135,9.348933599288594,9.09259341434543,pop
0.530402834196653,-20.74046145616372,1.6057181666514697,4.822402132547407,7.395752629861089,-3.267270515595499,5.64055387290945,-1.3382399058823191,2.812080671793915,1.3584756528284891,1.4938109780029822,0.9990507160699279,1.7355993477023088,1.7856929177469996,10.874939427589055,12.440835308998052,11.883991978938132,10.16934380331051,12.787519061005145,12.562581317845371,12.773552768229813,12.142881765940523,12.795894071144087,11.502586433639912,10.65248246918624,9.218029491222325,pop
0.9768970225096668,-16.6714447548969,3.877711444491905,-5.844932885967526,-4.566235904429094,-12.793841614537108,4.350326843659881,-3.006757434488255,5.1146306600634555,3.7025750614984085,-2.4423983332776853,-1.9141645078804346,-7.8664750730364235,1.476217682935056,8.549285321094889,11.357062879766572,10.65942882812611,10.925042732746403,16.280858748503782,13.361203082920222,10.613696557405008,11.937306695494897,14.21846927294402,13.811740607261385,11.570010021541451,10.383005122996979,pop
0.19639744821467267,-13.863190903346961,-5.334648765967013,5.332471965110372,7.187385230689479,-14.244724554700616,5.835721539539109,-6.402581590002925,-0.4232202392639309,5.475303631549334,-6.897781083756893,-6.9799640327352614,-3.9035233385699115,1.315839265616426,9.533642718435301,11.852091930568156,10.914635243644721,10.756584730777504,15.385169764327841,12.657870903183028,11.23629869047885,12.430848470086483,13.170391983765251,11.062029885375193,10.495624234251325,9.48072083575737,pop
1.5358390882476822,-11.78496926966803,-6.7555490555689826,-2.5814238870200352,-6.010227903315568,-1.812755438265754,1.3115305568008822,-2.4664231821788745,-3.527526927118515,9.716775814881544,-4.187555844095759,-0.6117632445651966,0.9277081272129779,0.7649029115797007,5.9917870635629225,10.904256852009237,9.658726008064475,9.218524512727022,11.036408043694333,13.959128234178293,12.538443919639745,12.81358713117795,12.104878219626041,11.181026584204421,10.45919011565156,12.038924870390282,pop
-1.4318478163330473,-0.31113463984296486,-7.662443206464906,-9.688199228395922,-6.026502184636695,-6.306007118199623,-6.26462071313145,0.2258443905991892,1.6701657859475523,4.153681564030774,-2.041770929706875,-0.46036224571501816,-4.754348768765665,1.0673206819908525,7.293109833945629,7.76805903047391,8.746905254062007,9.03027185338867,9.94860437860797,10.965366345287974,11.098092513204232,11.536257074495852,9.999608642777293,10.902985909425652,9.474052562767328,7.713868846108435,pop
0.4340240109216446,-21.040984403274535,-11.0960537954535,-10.442223689251586,-5.474863992256981,-8.88443068130704,0.6209796551881139,5.077556792739104,-8.980343782165772,3.9274465642163623,-2.1702408126158903,-3.5980614394077945,1.3720166760756523,1.7729922832535339,8.468447996433563,12.686905527988182,10.251016007657116,9.21372047679829,14.488668701667104,13.34196835380567,12.291927868995876,15.233872401937102,11.033624172861979,12.302957787709467,13.98354713089073,10.858647438013234,pop
-1.137657999618694,-9.938906850269305,-5.920922263771674,-4.270004881095399,-5.195657557922241,-4.009189460180412,-10.873800308296772,-10.712493304482189,-5.105520926670926,1.4672315713199011,-2.865006347454896,-6.483703106493039,3.003588972464663,1.5877983055784572,7.610088424858669,8.32623297200346,10.08790057258892,12.727622150457888,11.228622474513383,12.991926047287508,9.929568684964403,12.363756404353069,9.997835107524578,11.874513545896614,9.255479029260528,10.443588431883546,pop
0.37741150472004437,-10.80107155821738,7.508906763316106,-6.431323812488445,-1.588046311617181,-5.294251405411734,4.287558811553355,-3.011764572441791,-4.6572840544078975,6.075122893929334,0.4987690301095071,-2.1544323094398354,0.8864715305586062,1.3564866821620698,8.3842656470012,12.075434466122712,9.859508546599722,9.980696402506851,11.250973785017079,12.402479261161492,10.16842606675075,11.20530012372661,12.53698225250684,12.031410129492334,10.938265524567795,10.434211814760388,pop
1.0115531388361492,-22.43109950687198,-1.3590281639162143,-3.1442903258087767,3.9421533530100548,-5.598161885992758,-1.9673751910290942,-4.317538874183235,-6.505868079687614,0.9602665782171249,-3.6968171036113837,0.5922213276569064,2.74693273142964,1.2579488859107704,8.134701984660857,10.74730578311399,10.044462501552154,9.686554226429163,13.38005570840168,12.984338667558044,11.77428109509379,10.92491774253734,12.760646279124247,9.832725295425034,9.567992659355188,9.23754628426018,pop
0.9262664757988776,-16.438367223813543,-6.485969384332916,-3.2798112047342554,-3.716668678183075,-8.354395668721459,-0.4001211588053262,-5.375078323497021,-7.345320851742242,0.9592278765992992,-5.2400023357566985,-5.365328846810581,-2.2819005458167325,1.1368995192035827,9.093517312879312,9.740924279405887,12.356656606953171,13.908682195955139,15.336155330700402,12.019494211532201,10.319882401163854,10.971818742711314,12.85109852703599,10.278291298822898,10.222459718207482,8.374691347649556,pop
0.009486992870820036,-10.96859289483017,-9.287997691452999,5.68847274476191,0.035912570755087324,-1.9372264855251222,-4.151467833200312,0.5406206816111617,1.947153234767747,0.7306304747106416,-0.06796428569731151,2.014485219003129,1.9049466921015894,1.1328436404051803,6.712206165702292,8.110105808457872,6.819697570625173,6.681738270824249,7.276687075683971,8.723462672320833,9.09064582930119,8.730491024646389,8.753970247215351,7.686067613805035,8.229079753336197,6.416092815470211,pop
-0.38845283822266596,-15.868438989192224,-2.5843224848922732,-3.517270756341341,-4.822535866879447,-9.907250131037257,-4.976967444593095,-0.3697734694215685,-2.421155799599796,-1.9884160782761973,1.0285144570636209,-0.33590464124673475,5.4326780290700425,1.9397839325795712,11.49618438107769,12.172088322322244,11.704095319635666,10.83631763561989,11.868834286480745,13.890383584880222,11.744682446976881,10.99606290834528,11.264192872003012,10.951590211864618,10.028614630436572,9.135435970405194,pop
1.0115531388361492,-22.43109950687198,-1.3590281639162143,-3.1442903258087767,3.9421533530100548,-5.598161885992758,-1.9673751910290942,-4.317538874183235,-6.505868079687614,0.9602665782171249,-3.6968171036113837,0.5922213276569064,2.74693273142964,1.2579488859107704,8.134701984660857,10.74730578311399,10.044462501552154,9.686554226429163,13.38005570840168,12.984338667558044,11.77428109509379,10.92491774253734,12.760646279124247,9.832725295425034,9.567992659355188,9.23754628426018,pop
0.9282987843187251,-11.312097634102463,-15.129878975761407,-9.582021071908867,-6.693919093783463,-5.135264482984995,-1.752735415643071,-0.10501272462864,-3.864105315443179,-0.8327669962015893,-3.3523980274503327,-0.17097195416045285,1.457031203510432,0.9376846850496671,7.922535212073874,7.81225859271451,8.028973651994498,8.0141823602735,8.31228476032673,9.218441626598786,9.04891085772193,8.750182907715555,8.80360314604266,8.663109918635785,7.717828530426227,6.226030153865813,pop
1.4286251768162679,-18.509325197183884,0.3298167887577192,-7.331788153992871,-2.5660761735186766,-4.722784288346652,3.5538686987433854,1.992680276430045,-5.772295143292609,0.8402226624083402,-4.720503305702503,-0.15453486856237006,0.12972429080054151,1.4183243563706984,6.86104249793413,9.317224325791928,8.428723412144562,8.795459799571837,10.991821904177446,10.670259677435467,10.217840466844814,9.823956094614825,12.330805696234387,9.445034047116803,10.343876515633509,9.268775731742704,pop
0.0804829633799181,-13.995246878829294,6.430670118783586,-7.044723781612866,0.6401183134019015,-15.355039626129715,-2.2720778291325723,-9.910901975486997,-1.5821046236386904,6.077872144259526,-3.6118560898430125,-0.4677725856828952,-1.5065691009791276,1.367349476110568,9.437733692480657,10.996728789687598,12.490576208192909,10.676969776975024,16.538239886599552,13.109951482949372,15.002449566316399,11.981410747240353,13.021409794005049,12.421800687686693,11.467281566094737,9.385224761969148,pop
0.5575663697249574,-20.63291516847319,1.6440464281630627,6.616047304112431,1.567657311426574,-11.607843851130148,3.0607978973857235,-1.9300185289314182,-5.393244825525802,4.344169692031159,-5.716151319030962,-2.374010697579973,-1.7503000539470461,1.26683521137864,7.465364329883624,8.943555960569485,10.843614202793256,10.541634926472165,13.621663312284785,11.85338251767358,9.921690059837237,12.942737884919278,11.79660349623859,9.741028829910494,10.107143101495764,11.104505478247653,pop
0.9646145052048085,-19.117359299478046,1.6042266001198182,-1.071564914172713,4.502517150058359,-0.8345910807910947,6.655135389566525,-1.1033476110728329,0.5527694798210917,1.2633980348830334,2.981848568246343,1.542206049944879,0.49062237270045506,1.4604281008461268,6.911033830015534,9.501090446815391,11.495329633221269,10.505515359115554,13.991258722265295,10.271211152643858,10.264789096800357,10.269150543218787,11.744847479297775,8.87128454870365,9.101360573247232,8.467891336227002,pop
1.2381550373617762,-22.060743001303923,-1.7866670275675505,-5.14599673254731,1.7972558449543743,-5.324557428250797,11.363220379139136,-2.559680179468608,-4.012061635295035,2.468522090752102,-4.230568383043696,-1.5210120453387295,2.3688049141068133,1.5500022035282714,8.189531034582966,10.630482625445985,10.440090376359247,9.970555917923232,11.526942545603289,12.909179473536446,10.894871789204908,10.67927936702807,12.06468469056612,11.040549396541051,9.29494628120291,9.886216030796737,pop
0.5624463034149119,-15.853519319002054,-5.125672648794424,1.0923107664071736,0.7708765315818151,-10.804266591160934,4.216641882153351,-5.492764213375905,-1.7468036864060248,6.0668986277762125,-5.385766415040287,-1.4489800760813196,-0.7844579019455244,1.5020695575676537,9.02181876589575,11.753603730151662,10.98150409893119,11.880855554530127,13.558350051916022,14.384236753154159,11.372318809822632,11.887756591736954,12.267344529410295,10.849823471571254,8.997422539258526,9.04886682986819,pop
-2.1038096094157455,-3.6768384577909505,-2.5303728316169023,3.3964557319744895,0.5070915613312353,-8.770666892629349,-4.294426494077034,-4.628598873142299,-8.923885067760287,1.2915882026787766,-5.766255194285312,-3.9184785391932775,-0.5783635322231645,1.9289853900419827,9.622020585076884,11.118783329624268,9.016658736723345,8.614944775279938,15.095967812907846,9.79487228741923,9.433393152487207,10.888688469668592,10.037320083319136,8.077645039709143,8.850637319305033,7.289878424400016,pop
0.4912288342399323,-14.09987697576166,-1.807025737398451,-8.593712752312832,1.1684508976836367,-2.0014087461990013,6.647852164161272,-5.416918922158875,4.435011958969076,-1.4604944589364672,2.5893490900273206,-2.5711458252219996,-0.15488892757536207,1.2977039088375606,7.5735614500832265,9.310247674756488,10.440000727525804,10.472124545038056,14.652016936222362,12.423347643322884,11.010959688109034,11.256040717409379,10.466068790547395,10.146634662579151,10.366102830152967,8.25449412575621,pop
-1.0393473777721396,-6.774244954168418,1.2057511615542211,-4.634559480318031,-6.9106692157306755,-10.87091355286588,-7.909241686802754,-4.197587755280609,-3.803524650027919,-7.5670812052805045,5.696904624324847,-9.93308296531711,-0.8718700117475969,1.212741230741163,7.234297100064162,9.510581108890955,9.705699253913233,10.529814585837379,10.155921009902954,11.075418032471594,9.27158335880043,10.98473892665977,12.995296288860944,12.409953975426166,9.970590743750407,10.063708388705248,pop
0.043501675003843096,-15.568054836643013,5.375169662183911,2.06815071517209,5.267987476562107,-1.6875445524076973,2.560838315711233,0.5752435500194065,3.710158546906923,1.9470081425523944,0.6850601444448455,1.7058180078593033,1.7070467370376183,1.3330980463685453,6.738613353467691,6.506680919892929,6.403116943033569,7.741904382667867,9.055567266179198,8.310381497225906,8.518622387774311,8.274185369022643,8.734358286591121,7.69104310232022,8.045860495010999,6.900269944766639,pop
-0.5595636286728962,-7.9965049379720705,1.2175842256544385,-2.8732767717940897,-5.7409458784168175,-7.758377036475185,1.9562219954514075,-5.0494870037204524,1.2329772721569223,3.708277967903588,-1.8835180615432967,-1.079277258090977,-0.29529818420014037,0.9763575363137982,7.012596405210675,8.916134132327006,9.345775891095627,11.089378454709898,12.8435626279929,11.072101719118903,13.421032125240398,11.5555052147469,10.453130397625177,11.164596478696518,10.895159735318737,9.668480470320812,pop
-0.34950658863473444,-12.137001448090013,-1.5014229800757344,-3.369245487918872,2.3450950920159532,-12.303518612225002,0.7323477094511218,-10.235795475697884,-1.5421127767205929,-0.5068507696066678,1.9644516335758568,-1.206217301693183,0.7274619805692086,1.768680178892878,14.23201263769478,13.349893650767713,9.731626099275196,11.84020502089596,13.875972764404194,14.128011022583978,12.580984278449858,12.338771401717656,11.769769345852595,11.296461231157554,11.128071966186843,10.085859140895005,pop
0.23486652256561608,-9.837302463372112,-15.211487164315544,0.45647273542209876,1.9408964033792635,-4.126352489233599,2.10080824428723,-5.354155515721831,6.044601336224188,-0.5800002125189333,-1.05668241036878,3.823128354494338,3.7724311603121943,1.5086603045173959,12.2799623830061,15.62089957103959,10.817851917844418,12.705723956326826,13.367015152767046,13.617537476034743,11.529511619278384,11.780339191922451,11.688472032732683,9.112554630605986,11.340638820097459,11.883086383917128,pop
0.393904489636184,-19.11600108794424,-3.9908289720037344,-6.83999853027496,-9.972705764175092,-8.026367101758648,2.690153710247163,-3.1400384724476753,-1.0337252141468705,1.6235719774922472,-2.730844426514512,3.17397130182083,-1.6028859995764526,1.029210427692349,5.628014848916541,6.94511275368304,8.473954597406527,7.428517041102927,11.29622089925791,9.47636366756428,9.755379776687711,9.098585684858152,9.391560138513114,8.380049888277867,8.786129935851374,7.949161056994188,pop
0.7465084259700959,-16.07576795863321,3.7544877554019465,-4.845310422812521,2.334094877521255,-5.697883149201324,0.8125865348144508,-5.131764849372378,-2.5803604507537306,-5.758868244745376,-4.8560006003642,-1.6080923422415596,-5.5418939765371125,1.200119214937416,7.896744881368671,8.755261982518986,9.875936944143618,8.135659716136653,12.289613308716678,9.286703298287158,10.85989548230357,9.8071694485494,9.665591807352655,9.251072276100299,7.909465259656774,9.97372017156633,pop
0.7934603712998674,-18.123731539987332,-2.68709117190714,-1.2755184314601842,-2.8636153181799266,-8.854494196745211,5.704887705869133,-5.4368710902231,2.632392356446182,-1.70252313722849,-8.687692327723962,-2.2884525076635165,-2.1578159939647725,1.9446941906586925,9.831605804258546,11.210135169075143,10.958868709721475,10.82613588521034,14.09159273792009,14.809508687513262,12.814525569756134,13.111035006200986,12.110004936362303,10.24719272073947,9.530887122809945,8.69447582561912,pop
0.7136824276185443,-17.795636239797663,-1.5420637821265264,0.3480127412189997,-4.84363851640966,-9.058683757527513,1.4935395720821025,-4.978710207345987,-1.1744411415431784,-0.5494783934688382,-5.639027080773242,1.3397264093955659,-2.7385063055566747,1.9636022203942336,9.70196483858249,11.492243965893545,10.771281690828223,9.936707651867987,14.082180920559562,12.078309851805985,11.551572501113757,13.978805396140952,10.659063044161108,10.804540282033175,10.624579536867312,9.417078233089573,pop
0.8009218317745727,-16.1415332022744,3.5289870710658406,-4.787060486260493,2.067193422982378,-5.531180946357182,1.0250829636518073,-5.381140431954966,-2.4179922069577455,-5.876637932943136,-4.624669191987812,-1.4599896168138575,-5.830184640938952,1.1953987551402867,7.742712788361527,8.845186643344647,9.81205811364802,8.218579823489845,12.47064849171792,9.282937926940583,10.832533188699532,9.698259315779252,9.694406981599423,9.26824961659749,7.996997959412784,9.97373027415211,pop
1.4873017463015494,-19.92119787281699,-2.3432814587089377,-3.501336123912527,1.30418529057476,-4.417653605739877,-1.278462770800084,-8.757005338694256,-0.524319390739364,0.18446583277739623,-3.052588541344101,-3.187453135998743,-3.4081311180884644,1.152389709442708,6.7910794815606765,10.7084602281654,11.694828113310088,11.656901086666867,14.435727495987168,12.559919552537991,11.080748902539206,10.4308356372372,9.792539501788884,8.78014787895902,8.679200505513736,7.707098834294089,pop
0.8919157403940361,-17.068502593655104,-4.610015245076006,-2.0576703591450634,-2.0388366719265667,1.802662531329598,1.0815503500694716,-0.28105249532495136,6.894991118725984,4.613477810882725,-2.13131615456556,1.8902410932675853,3.883884797618419,1.172884081032747,8.468846920912899,11.35678601392175,9.80378719750154,9.990086144522635,10.617224974975283,12.88316168598828,11.131577361530352,11.141105186823935,12.07141504061462,11.080150641028775,8.996726452059734,9.272673595713044,pop
0.969051331378624,-16.749708987710086,-0.16030386131486252,-4.494267668789884,-3.04081506493163,3.235354382169607,-1.339422179308529,-3.8090511607871167,-4.156873957945149,0.5676298946212052,-3.516549567032005,-0.3736661200326596,-0.16655010631980777,0.8546583182436343,5.643736515075921,8.810939599893073,8.841124272192209,9.052790073425083,11.685911908363629,10.312058026257773,9.849843369319744,9.22994545237149,9.186413089307377,8.157675274691824,8.930813490639823,8.708189211553734,pop
0.4849029440061261,-10.407782218383982,-11.495470422021608,-6.017554345051699,-0.41636940876474077,-9.969388849781573,0.6980068418464324,-7.717073908347847,0.961212663114093,-5.165785188485479,-5.792284715641651,-1.6149908387644643,-1.0764140188061397,1.2144129999973614,8.216636673053728,8.383909358766113,9.290990724535058,8.846059035372809,12.216941712127866,11.320876113558363,10.136886163584588,8.70946610460317,10.52650246710544,10.585422061622278,9.606776946892069,8.674842470204425,pop
0.8937096773465428,-11.88427826728913,8.373392703249488,-3.7245860207343857,-0.8322411916174435,-9.19605128708447,5.861882633691907,-8.97085511028641,-3.5380320654481268,-2.2294662078086427,-9.541896228556954,-8.64065398379738,-4.631320775259411,1.3109621279044021,8.769195239542904,9.474678506665951,11.552911009150042,10.066604353786934,12.386201218933863,11.901630587636003,11.72890706298723,10.618603436232572,10.75869011520262,10.871428978279031,9.44795725674382,8.38439552690733,pop
0.5511586884910106,-13.588450528370412,3.5322104226407465,-0.5755541702770317,-0.14083642699430257,-2.6100908132970035,5.662294257651643,-2.48772395610424,5.015819734946409,-2.2377195027566703,-2.9150705221422455,0.08649884898403651,-1.3280282448592668,1.4903919677701019,8.793535112591654,10.363305024795133,12.416245860874819,10.917805615524435,12.103813445757316,9.751105116964748,11.467776837376777,10.700309085445506,10.50216634565336,9.591295773069001,10.413574820587582,9.467546486264894,pop
-0.4659756873591773,-17.29801844486037,9.45234015525389,-3.6132357176276533,4.110497797616472,-6.822352512306162,6.909406223622691,-3.1765821955003313,-4.809138593218211,7.488206157451851,-1.2584382929386608,0.42521962026835525,2.445561014753404,1.7666836936495276,9.65081576484205,14.640934918893713,12.681323357043471,11.857758161295182,12.383283665022551,15.047988071560336,14.287743064917294,10.884201022388982,12.523084793928332,11.061604022187113,10.117034535274435,8.789047715858535,pop
1.1981829116626084,-20.432865250676976,-4.337788282714481,-7.8510465986465015,-2.928841810781354,1.4117567530423485,3.2408803413805622,-2.0388194647216227,-4.584173440225526,5.367066252622246,-0.02378234864273557,0.5304751937354024,0.8451417868776648,1.311347101141492,6.941491823059708,11.199906800816418,11.186886059700102,8.595891674277162,10.379011786739992,12.346024623635653,10.123350649665177,11.221093811925359,9.534466495810017,10.36094999546658,9.970881100786132,10.26387873368449,pop
-0.5938041981730835,-9.34861008505181,6.541711744128321,-9.846335214515625,1.5790281532985009,-11.880896581987422,3.7846852282867096,-10.678246510236985,-2.331035318092704,7.314834380629203,-7.519398883377015,-1.5422190155599493,0.6855382365211096,1.4478215372428933,7.449623071643929,10.474771924257116,8.988182763618115,8.430595567140289,12.60203531798313,13.144980856048955,13.439017753571392,11.233324250402314,11.946967654140837,9.816263399555039,8.568758081955554,7.883264208938248,pop
-0.7175287995515587,-6.085273476009803,-11.121432025338494,0.8529657985867359,-11.057192524274399,8.653575503793677,-21.467916298006138,11.327613295819482,-14.315259421031685,13.291117875814148,-5.201193030105111,5.645488462147015,-8.183597098924878,1.39746698241895,6.779896126922573,11.094930929571305,12.291783432906508,10.543397919597357,10.844912671935012,12.992893709076704,10.680801521671077,12.34368586204124,12.80894320412744,13.967729395033219,11.791618097741184,10.482662462683532,reggae
-2.7583410541208333,1.149103976937048,-6.791201518389271,2.9348270927025593,-13.324498218040489,10.666495027162073,-6.54331900552142,5.172862742740748,-17.483991507138587,6.318431544958584,-8.174846432567994,0.2756141550407538,-15.386616362004341,1.1446450713047882,9.359008835830053,10.440554606987938,8.595698397090091,9.962495356832006,9.06043631278531,9.965429262379768,11.208411651097359,9.937764492064526,9.749692302576813,10.913037292319409,8.686565800505829,7.835081539817303,reggae
-2.3308212029394992,-3.0981815459812116,-5.702391321273945,12.554622466407631,-11.314001674136959,4.331172031436682,-17.98028821294299,10.422093580825743,-13.223951917733526,7.448328884594788,-9.695997630925822,7.774376681767459,-6.038627993089027,1.7586178868506268,9.591464830915063,12.886940688596049,12.374664429314302,10.721237010754097,16.594930011309117,14.02133721134606,11.739554377231096,12.4901166395495,11.981881717837483,12.374760663220945,11.07965353046227,10.762275072986295,reggae
-2.0429088979133,-3.8820348719913014,-12.650919367821917,3.2580115002780796,0.94410106956631,15.285437620963556,-11.252146329626674,8.171809235738738,-10.951246742907028,17.393152923269437,-12.1229651912094,8.664269393424886,-3.1501103390021004,1.5665694533389591,10.722993963115998,14.154415901423404,14.148421946558752,12.755639953453626,13.539603616237903,13.792401040310331,13.012103676719919,12.232913892898274,10.719753550271452,13.123439425235635,9.119316363588995,9.633565331953168,reggae
-1.7672225817371372,-4.765619948300457,-12.472292034567745,1.0824686931096945,-11.475656237983465,9.406419807717567,-12.105316839765539,9.505884533049317,-8.212897676010254,11.451212970481627,-5.514308726609144,9.837660605487548,0.13729284628828559,1.9595776444199082,9.7707439912505,11.82849121041128,11.120032223415055,11.702566025502605,10.399374163634318,14.915564033690444,13.585367324365224,13.663570827872173,12.70821268564747,12.029491660872702,10.976415387486657,10.091495815341306,reggae
-2.067633489615411,-1.019561697007496,-13.951415879712247,6.196250906198848,-11.602494770911237,9.886982574127991,-10.166144973396246,10.13123658861663,-11.801603342941076,12.190815893108256,-8.726027362947676,6.541820451827289,-1.8714520131930281,1.7116525795257291,9.426653126561003,11.403877119146273,11.469053463679874,14.97321053552057,11.757130306986713,13.961201661773027,12.479312469989182,12.46095401377344,12.622376825262718,11.70347983061656,10.329523824441466,10.744867027952923,reggae
-1.9880314408005886,5.366343815613207,-9.561307441377618,5.956071977910756,-6.641776332641312,10.250742908484984,-15.429441351715877,7.514988645551416,-11.194461784240579,3.117779277813258,-7.496286119805281,8.67920669722792,-5.652613892750871,1.2813255219193782,12.162085874714755,12.459893349527917,12.659181303607118,14.096764781972073,12.684726882902938,14.812074592800657,12.673454779524846,11.096875428840814,12.837067431475125,12.2595571071313,10.960116433543481,10.833497482022405,reggae
-2.184640138112832,-0.8270216693132163,-10.920197402394649,-0.06723579190594052,-9.594667928537564,8.760979693115248,-16.66447205239675,13.51002692261836,-14.207540202136498,13.480465138848235,-4.6423654047412715,5.4935022689730655,-5.11351080202652,1.4619054168830963,8.740999769639469,12.111217005459329,13.00792395601342,12.949399654764282,11.715792749725518,19.41297814973516,14.236922189932566,14.890727731876998,13.633887940580442,13.933042952222966,11.081296566771591,10.37387317635887,reggae
-1.8097944378935353,-0.604643378244244,-10.73100372399916,9.060729880462858,-11.637874993136066,7.787450143408498,-10.728662479335668,4.69069628777456,-7.120638395187014,12.48979995473028,-3.3862697017161243,5.50230764464207,-6.379112606267179,1.6359586764777059,10.867828887356973,12.232353574859424,14.938935548285498,12.91353699430081,12.341620578568266,15.268540276095985,12.381478049367932,14.429689886970362,12.144331229537004,10.596437902146949,12.466265068882743,11.465615022387189,reggae
-3.0854693728738907,3.33088324553465,-5.28143615555524,-4.605949852285197,-2.2152354768800455,9.281525014500746,-17.91073186942498,10.836051958552053,-19.295404182287086,14.522879450947602,-6.354506611923292,9.173007215002107,-4.993023299577404,1.840198157543474,11.960902680556275,12.485682880569534,11.431283633715067,13.206551052822464,14.261432528168667,14.280586515781714,12.10889886814728,12.115326993834886,12.503133766247654,12.155490646478178,9.976395937584455,10.898238802747612,reggae
-1.8934260473186442,-4.551321359300693,-16.371726645326707,15.414327359760149,-15.338214873178414,8.929417429635437,-22.408329773595575,-4.433809434981049,-14.175691340665118,4.715483518175418,-14.503650437878514,-0.7462248936066929,-3.5749876284248963,1.9385565985468858,9.899180887105675,11.557080934843079,12.545006105294721,14.198555304288632,9.307936335195972,14.943488649146014,10.738271402037865,11.68151770636753,12.632957064802852,11.680130464445284,9.668678201972826,10.691183507459895,reggae
-2.2712569767128046,-6.0817543368798095,-9.114986923057645,0.04523495345811863,-7.299613749392479,5.891799901552681,-9.739309300182043,20.179039647334996,-10.630935795382793,11.718550010877708,-6.261136491032502,10.770898042167715,-5.796265772503742,1.5953685933606008,7.0806495792226505,12.543345254058867,12.756207000695237,13.40667411408803,11.796249353082551,12.736026355041702,11.22280454504155,10.507250560603135,10.424906392332241,9.958088699563985,9.727551617845435,8.788633746126955,reggae
-1.6674734759947003,-8.488756133165444,-11.693550251895083,-1.9716128454952118,-6.825239656159884,10.768154615292142,-12.988591892389147,10.899872555729441,-10.04484882022707,11.200301691024634,-6.69188881301409,7.338454023666313,-4.944405160977029,1.669304534021604,9.880474321089693,12.430627513164458,12.861244235532316,14.057642725845852,13.63338459741619,14.685630581974936,14.662367242813055,11.898223448713763,10.955625532886689,11.126069386799342,9.494245211590389,9.245367311943264,reggae
-2.134934274010771,0.815002833764092,-5.569468539014626,1.4823661218684419,-3.2870261834880923,12.913902249902721,-14.325236525398882,3.421684630516991,-13.539402334625196,7.599799650259629,-8.599621832885656,9.985095132040389,-11.510859202909854,1.8975656752175687,10.949116463120616,14.616078686415854,11.976118341382755,13.772465277956332,12.950342291906331,14.558491473813104,13.7854693515926,13.707808287019732,14.124870728748867,13.55092222208438,12.579131270306005,13.983200672744706,reggae
-2.593138928038867,-2.192913608965977,-7.136259328184433,5.952596589817951,-1.1328444313028816,12.364819242846783,-16.486830059578445,7.559928872808685,-10.901343668150966,5.729985105255866,-4.314700677013461,10.385598606571765,-5.680888816388039,1.7542368919649292,10.843443076176614,14.168203787532784,14.51119465239755,14.558001843809729,12.64487820278379,15.480129881028025,14.583398028697994,11.501846637703727,11.214864682110681,12.197691175243001,11.643483726118934,10.479430266326357,reggae
-1.5418454545455191,-3.903068765608328,-0.9725812895206831,6.0999005921747225,-3.36536136699742,7.610269177435621,-17.263059485606032,10.602783291300153,-16.4226029343555,8.137898556464283,-12.8623735808406,9.05902851556713,-6.522338613756386,1.5546025305760778,9.536840935138196,11.916910821382356,10.498520596032748,12.485213986260963,13.098692052183567,12.66118715878609,12.541507184977108,10.724377943690726,11.622761562784072,10.868621863726094,10.908866715672312,9.621836417270295,reggae
-0.37514398132388316,-8.199662762926126,-9.917891508899283,8.611155997801585,-9.45852886453761,10.13893881395146,-7.604038749028078,11.143953814652305,-14.335479035720144,6.711683686083798,-1.9427664008650447,8.813175195766146,-4.898337834166838,1.3953126634937663,6.201484191694407,9.571162147845872,9.498240496414038,7.095189051467644,8.162571866939903,9.1605656736157,8.393208240412076,8.846780663487696,9.265924351513528,10.62907145294814,8.429271584453572,8.530415790271507,reggae
-1.5696611791320316,-3.1963721570853108,-14.73108923832159,4.199303626195125,-6.582169333296985,12.88778898524786,-12.608887186594798,10.044430559580206,-8.699022559363744,10.102739148862172,-4.6668244792237585,7.635310584777783,-7.463355866472304,1.6182228954217492,11.270025566702378,11.498792201032764,11.60915229850343,14.31908049175083,14.281398923430263,15.493824431651792,12.295256347457874,14.772631932338044,12.4990854880039,14.067126677147844,10.653472295564253,9.181176106018835,reggae
-2.160562740469635,-4.129925937282493,-6.381460567020413,12.127631093308631,-7.390619127357245,7.9017101931150036,-18.12427532506751,9.185987215492398,-14.35430080455624,9.233743007932537,-7.144996946708043,6.29120143244959,-5.785996036316399,1.627021698062123,11.047152205304096,11.815224636475074,11.116955432768568,13.475992766818214,12.651823995053745,11.68657839247435,11.557096818061016,10.550751309392279,10.909006250598265,10.594961753685856,9.493092557027893,10.725844936725087,reggae
-1.920685875879401,-2.503645257023165,-4.952376436349097,5.149998529082517,-2.7986690588806096,13.512355730763757,-9.398707068661968,8.089991779639268,-7.789833151860444,12.829184145643861,-6.359261131857507,5.834669955598436,-3.332210810120884,2.0888758648473127,11.56804113776953,14.737871088770271,11.564568115466441,17.639001481953127,12.458435368420584,17.40456635904945,13.95302698548167,12.551228573165343,10.819549503225476,11.382040918245215,10.413655632754356,9.347967301088017,reggae
-2.0532771681314474,-0.5638441270833543,-4.634143173254739,3.9087787985442635,-8.705731521326511,16.052782180698998,-12.111148127906898,9.439199852357058,-9.93561231445254,12.142666073405596,-3.470245071666916,12.451532409502512,-5.026126966182209,1.6906312786592421,10.01076434556043,11.062219480135518,11.77502149674191,11.671762952411884,11.700793987301338,16.199331281758766,13.551965265040938,13.961161573422919,13.593087536004814,14.799990161428743,14.639824695209617,11.844934469200574,reggae
-0.6008888135286672,-5.7946223976173865,-15.506411722827709,5.955730817336282,-9.380340477453107,8.638731963080678,-11.138719006409257,7.822316698712711,-11.606703874032203,8.685801936982998,-11.738022614134621,4.2882451446418814,-12.681582161719682,0.9603606071882385,6.523277095718866,8.907821526369062,8.785516991420732,9.327075467099235,10.171070699961653,12.141053421281152,11.004031280316864,11.608785717691674,10.716600515166302,10.630500565649074,8.50037722262597,8.015481571035673,reggae
-0.6123253215833313,-8.074495831137062,-13.062347046474718,9.39476902411874,-5.081742417134428,11.402116316827303,-9.022036493098678,14.737149081967297,-8.461582552820238,13.262097158539634,-3.799929153097259,13.243500217527346,-2.964925159145751,1.261576847689557,6.895027267637304,9.29601574840072,9.567856776988297,7.702660638952229,10.036959539573255,12.68029190336114,10.093468248576356,10.449137424534628,11.541153731214665,10.590396195480857,9.63101806954927,8.11353799612324,reggae
-1.096039216699457,-13.760766041429351,-12.256134810705298,11.849824881503558,6.40616687455391,11.333439785150363,-8.475044952424776,11.826549040247125,-13.39770318344667,13.901024575891151,-9.423918340038407,9.86270420802731,-5.757884134000878,1.4515786552781549,9.822611512123443,10.376853149307305,11.445942433689844,10.73666450667199,12.869096334654104,12.974400903848885,11.8162893868291,10.256449618666585,11.849187760440383,8.704072489464702,11.544402145474388,9.146600294303482,reggae
-1.89083465063365,-2.2855493336565877,-10.77039238254042,8.65913618773983,-7.102646608925149,8.311759135892913,-18.40234272052809,3.4002676178589812,-10.919927983466199,9.182677810623288,-7.211599966447058,10.707765649938395,-6.558364579285693,1.7777690986672112,10.815978054555334,10.823117345639949,12.277554169094586,12.008009429035052,12.973181480229071,14.337209691687981,12.261564090577771,13.223660071171109,12.317052018083539,11.497680582810643,11.225368577876367,10.632508836402424,reggae
-2.0251147744270424,0.13815646559620054,-13.908842472101979,6.6861983465324375,-7.397971524881597,11.247587504731385,-8.341779819240086,12.366588168806588,-7.525992961926279,11.67516945650775,-5.153938058694837,7.2930608175625995,-8.858629937206912,2.011430885197904,11.380150778960825,14.531030144218187,12.040777045805736,12.02978295742277,11.952612539201752,13.499782620513136,12.307381333705317,13.835415194191317,10.795680990927748,12.509033721107654,10.485128232750887,10.715554477779655,reggae
-1.7716848273366712,-4.753619100370674,-11.281940017586287,12.31108431912908,-6.93091761552517,12.540303330518505,-9.68014420522926,5.576284355334989,-5.569739348087616,11.591988180143899,-7.065024510910676,6.927798635293581,-4.730069816429315,1.8515545038408046,9.86776862640983,12.573493357472904,13.308342665462305,13.590222839476745,12.349623716024407,13.141426735467496,13.274481001035287,13.846716005598187,12.625656365464605,10.846228455486814,11.86987577412952,8.802973912269508,reggae
-2.1028213749065983,-7.4883408069586,-3.6829867789550708,7.560431700915467,-7.409859773669074,8.430085478554147,-12.203450691585184,6.6539759809395544,-10.809527387921001,12.9286957265547,-5.968712250915994,3.106768635692546,-9.148697468207477,1.7356637397794563,10.856871243623763,13.132750903063938,16.11982430753151,13.772598643613534,12.899898233142487,15.209150193180227,12.619855424582108,14.65527493093203,12.113306029665361,11.832550454664492,11.540614792968814,9.932811341910346,reggae
-3.269494960349973,-2.8877648275926333,-9.850841982456997,18.709067554499722,0.9980630615126587,12.155480921853545,-3.6511017969045256,11.353085124921,-8.878524918945907,10.39439473785151,-9.635289683678462,5.782535710520133,-6.098802490398123,1.8183910238935037,11.80796063949753,15.3208214838131,12.026892004946749,16.22091848572555,10.670242367107308,9.520165304286234,8.868083521407518,9.150932135791358,8.639729175876457,7.702320245346494,7.590736717357388,7.433516717231777,reggae
-2.782739182466496,-3.3434250450873013,-0.1227855078130257,17.0791194411499,-2.2397018257675017,15.243633173498186,-10.640418690759804,14.874286888530763,-9.515361854459758,6.986660098785886,-7.476121895192955,9.120748336268223,-8.308267457321683,1.5579609240590164,7.220550504327267,15.189348964629138,8.1678270522029,9.877569603984018,9.768599186191468,10.988835541710255,9.26482850476392,9.132489385695912,8.308310668511416,7.974688364678765,6.815233384818963,6.608745170597942,reggae
-3.3506935496455603,-5.8067691963051065,1.417274637496247,14.771693819684725,-2.8383247926231934,15.11318289598053,-4.451858678865789,10.440346928520388,-9.51276177001083,9.888868205693779,-0.5834671551434564,7.819350386794519,-3.974380997801556,1.8336391888331551,12.310250708047992,15.468651617780216,12.939076840966765,13.521622545976633,9.351088271684821,10.355941887961157,8.702169098787474,8.836767143949276,10.03080873891282,9.479509116965424,9.131677183900688,7.508314792283207,reggae
-2.9799716502206826,-3.1156240276993965,-6.002265636449262,11.323607688722257,1.3992901699887124,16.024025099701085,0.5243545353611065,11.85509943385796,-7.413124987264776,9.768990072959415,-4.492786558641042,5.002240759574943,-5.274390626214983,1.7332739892700668,9.976064636557597,15.297654828987316,11.623076781807407,14.072724216481145,13.217185510988921,11.539512597236461,8.741094701224911,8.984993165632932,9.602230244750768,7.942419406621417,9.734086160279295,7.3164928627309935,reggae
-3.841861196074404,0.7508741642486544,-13.765822356666584,11.374921179736816,-1.6506150879334913,13.958912636581909,-5.253478007345071,10.197720439980845,-7.8329120753952655,4.240882610395401,-9.159521641105991,5.77726788866663,-6.959461216562136,1.5293772998631558,9.982234601764933,15.763695379673118,13.116174570235302,11.845296623032878,9.569215064803359,8.984856124117599,7.801131210330723,7.4537675709557325,7.626649249506025,7.023402123385016,6.858058580040247,6.053034489428618,reggae
-3.1495239108585915,-3.075406241162306,-0.25386634860226154,12.205076776528557,-7.039225656038055,19.296582732182785,-9.195777257005062,16.541692759793392,-14.773201029101404,6.82909320282475,-6.764557083721244,8.585431014393595,-6.085482065703912,1.5745569920303866,9.22704615642081,18.310808658093496,11.549919882442586,10.970687524241029,12.387100585026527,13.483882485755863,9.91206350655477,8.902446643449437,10.580992281762265,7.399350394108461,8.710195079091955,6.318550352839676,reggae
-3.4786556258870767,4.60159666829635,-8.417321078932938,12.744280736698586,-3.9475890766562185,7.855112264993621,-2.324421966842049,15.487047593846079,-6.278655567476263,8.470154743759577,-7.410468557869855,4.097135224613864,-5.146970805922003,1.5769063698921504,10.31222035429811,12.061783918036248,9.840436545009291,9.37409819147861,10.84542898135813,10.950652096342337,8.524004238522252,10.15328286264925,10.539166877346016,8.852502467471663,8.49753083057002,8.115123543968734,reggae
-3.422921442162997,-1.6897615574010483,-8.5911171646799,10.89282096445462,-7.971989899685101,11.468562292339382,-5.198882170421733,10.843307613007601,-7.191790164121458,6.245207521639766,-6.922662144101663,5.266808082873286,-9.007477840277353,1.7382406386346552,9.847589119779872,12.296084234735801,11.78051253482309,11.671650414608518,11.596903483963121,11.365240818846164,10.16464988805567,8.835638237424552,9.017046091874446,8.17699429332686,7.036101107839456,6.232597116885569,reggae
-3.304929399507568,-6.0588008433967815,-5.035040312749645,15.381249386935204,-6.433595899393187,14.798573831886241,-3.569085255483996,11.823305389914898,-12.840414774049801,7.890428825736836,-5.375699325570306,9.046348219004248,-1.7252484401149206,1.5329545916321832,9.043781906297294,12.26497616637533,9.740423126192029,13.35287367494672,13.194095398073976,14.829597199297206,13.418759289739327,11.803067092941067,10.493340492344615,9.720135738304526,9.686789199012095,11.437082658748698,reggae
-3.413945454267263,-5.448745185220833,-7.739565069892044,15.729291427881483,-1.0739204807676568,16.31736909761577,-0.7983244956413899,16.11876175213433,0.02619326765268738,6.672231144121834,-6.159117093188646,6.453965901088403,-4.2800260360382865,2.082819921004668,9.356982722721252,14.565163073634928,11.455849507471793,15.885780249162107,10.756500455095104,13.149745376602,10.326961563484645,11.596490419664313,8.683076313092657,9.867942538263591,7.714857101391806,7.169024275041602,reggae
-3.284775699035169,-1.5567791062842695,-8.00494978401318,8.013887528611564,-11.064797430766262,9.746494417271213,-6.021970709494359,14.915631270649978,-6.45120970565547,13.511801777840104,-5.93085922005332,4.664422399043339,-7.409838583457991,1.5031505373090759,9.325362234342366,16.89127573826293,11.822609309075023,11.585604123380708,14.22866926017256,12.205398446013458,13.199761629255601,12.028393051814843,13.406070568956347,14.277407133986554,9.804911050357662,11.691956744074307,reggae
-3.810108373760479,-1.5143010229669833,19.633031173570572,6.56997752885146,2.0424278597580825,10.090582937594638,-13.833817970608909,18.309246519905745,3.717796988392839,21.993871224192482,2.1153033130271544,12.393560971795598,-4.0644526342097045,1.861201292807698,10.95492782374363,20.23513080652706,12.266820072038835,10.476260819092982,11.801834348878092,13.319739564534311,7.470475226848218,9.845083144603503,9.764099902828232,7.657612502769433,6.837033808338352,6.263366803480495,reggae
-2.8233048357503523,-2.3572369679955028,-16.552682012447384,8.190001097047395,-16.19915378180997,-3.832277771806111,-18.354855550837016,-3.147672843186447,-19.713852696974502,-1.2775057249787942,-11.0751086429094,10.137963082887183,-6.053299998727878,2.729421843400531,12.970659854021136,10.945093473150196,14.95931476891517,11.276143155436916,13.664570971813145,14.363514222264344,13.829160896283469,11.73750669217981,12.954689612632597,12.98779778027084,11.450789870281373,13.100007305295854,reggae
-1.937238634761779,-5.618063084910771,-3.3447760239832114,22.03880714440684,-6.475859437117655,-1.485015338742551,-3.4771343377951585,9.92666286211243,-1.493879304445307,-1.4284204963053155,1.0642014450751092,2.1098370090690235,2.0646469658273663,1.6937168254748347,9.3566427398403,13.309639971025497,11.738926570646395,14.56615456280241,13.824564389758416,12.654439526021141,11.294073224145167,11.275151662349703,12.254575030316538,9.683276702151803,9.030619818217714,9.656157805250801,reggae
-1.433042603262958,-10.281747911837094,-15.698790887709825,-3.4108487036508826,9.663293349797877,5.672362538451539,2.7515057639538085,-1.887296973820985,-0.5999266625623083,0.42119226624251327,1.2364214872734902,-0.18552312464186638,-3.0159546548276053,1.457250961395135,7.397295234219972,12.787074544751796,11.869443841061562,12.649086111532638,10.733773853306875,12.408678134279517,10.591877835586873,11.12099859009038,10.399505181712476,10.788808688828519,9.950174012120131,8.67417728855658,reggae
-1.3266375329292395,6.867591084209818,-24.80565813602747,6.462396916731989,5.603959379276393,-11.713549137552635,-2.190472992199196,-0.6126133202474,2.491385230570599,-10.344480888885858,-3.9762459157396415,7.711566322149735,7.536690582966244,1.5348817614344448,6.199358204842529,9.539938640317962,7.319933330744941,12.948775531441305,8.92140394397083,8.917727904593706,9.573079211250315,10.45579691887228,11.416157807910915,11.45609422789489,8.625377289521618,10.66546191256652,reggae
-1.097168833345753,-10.333884504172083,0.3441114418987046,3.6816851503250927,0.8046977943324123,-1.6325178240249343,0.8643544246929067,1.6769049752198548,-0.6941294251215828,-1.5760785335969671,1.7505591295029082,-3.2433015798736866,-0.3345893982753407,1.5245923513363828,7.8624069359966064,10.33349464634444,10.180603996072158,9.138686618296235,10.840719467671718,11.843023695410283,12.138551468091038,9.943674176753943,9.532429472989456,8.740785343927602,8.618293801673659,7.158011957820475,reggae
0.32391071950027595,-26.907424009641513,2.0488968105424537,8.603698494637099,-1.228699800569601,0.5393685802650926,-2.9712520586895885,-0.6625502968627829,1.2575418505219915,0.3790319685181473,1.3900302075611901,0.6834163541362122,3.7270282921410485,1.659611710130734,7.633737126226166,13.982576993452744,12.303356494606936,10.893032517795724,9.72288468794101,14.284628382562593,10.399270981744351,10.946421870225228,9.86973694039483,9.389337768454277,8.662120484808185,9.348816600642808,reggae
-0.6458085237288538,-9.44372137554098,-0.36153921005737133,11.648119957583155,-4.461037494883934,2.1101216435050536,-12.318887999483643,-8.802263148226261,-2.8856052078500967,-1.8398462098118007,1.0871335497116614,-2.074695501142074,-4.470371063797494,1.2327918824471185,8.123569501858547,10.854629899382104,11.829226790599686,11.634334883359388,10.373432626781037,12.193773323498128,9.467348139193646,11.174849344849326,12.783094489907235,11.425233605808932,8.272156264637472,9.98207973933408,reggae
-0.6633760390303046,-11.331293866170883,-12.171032516251685,14.030160881129412,-5.725808132468333,-9.183175903246818,-13.707908730961385,-3.6157703565393757,-8.453301796962847,-6.730451760311198,0.10297642962562299,0.014229836666790317,-2.703931497257535,1.6193864873493657,9.297013908230307,11.393696600662716,13.620848461925538,13.8591818064414,11.529775057518421,15.659243167353456,14.229761436187877,12.966613989833291,13.343319223871163,12.966953521338722,12.276956002488927,10.012001930759855,reggae
-0.5554829665825194,-13.785918371398683,-4.5721801709024,10.481854057171345,-3.1564892937303415,6.577798698032582,-11.881725184252467,0.4181191080479738,-5.30480199079425,6.101684916130703,-0.7078057169019603,7.086865698416205,1.568142811310147,1.6405232590984309,9.366508762013149,10.816342299989767,11.808481108604541,11.912673090327955,13.235814623937477,14.382373329749674,10.535741826501376,10.400550876959102,10.697533240337185,11.068884807539144,9.280686585220352,8.872940301982899,reggae
-0.708632819211051,-7.791405075720909,2.334212920364044,3.9900598945475356,-1.576614340518109,-12.872046991722328,-1.7221465153207256,-1.0885535943165936,-4.582013325296527,-8.668511330202827,-2.638571921113982,-4.491962526998573,-5.497262944334112,1.1380298310368775,8.479180701002626,10.146524220690873,11.60013980685453,10.270936537733425,10.826470844725764,9.473379107655362,9.01067228161892,8.015131190619057,9.422859504431644,8.224333825874634,7.3932144100224555,7.4456948264742095,reggae
-0.8231793818775909,-13.309694115498248,-8.777182420160933,0.6134677612232764,-0.9403285311025688,-2.3368652580887956,-3.291635463048368,0.5672624956543757,0.47162007423233004,1.2789441013497198,3.6045277616801306,3.775572699030925,1.4352116462301252,2.0197018598715,12.899088869946933,9.657363007194656,10.673364596709055,10.636620791151225,10.918479815867048,11.225019555902854,10.579569005467826,10.930269747541404,9.560262660760223,9.579626493747437,8.8047231254834,9.352452443140107,reggae
0.025338230855051512,-32.45674077529939,4.1146588695125486,10.35993797719739,-3.5639922893633784,12.752735391761922,10.374980774158743,5.797777809794706,1.7950732561980445,0.8724950458560317,2.5114020595669047,6.118430410956647,3.5205581582678986,1.8864710992511653,13.177215074851249,12.240129012653815,10.327568337812613,8.866359425655299,10.44160568823809,10.808486389198572,11.919618862271578,7.348713072030053,8.564565300826862,6.5913659288190365,6.26580852495508,7.200536862226512,reggae
0.03160429789573214,-17.028379847219398,7.219731862353454,-2.040488120201762,3.229685312862319,-2.49077394782498,0.35465124702035283,4.079024312085174,1.3708803284191635,-5.09680016389108,5.5192720232804895,5.561718544854431,3.1931127204317367,1.4343219955708084,9.469799318932209,10.84258346865035,11.908853024830181,13.149488233001277,12.319668651887596,11.980903192266334,11.362441997126927,10.655426608746506,10.670697019091099,10.956770567247226,9.289992946703343,9.468049180037514,reggae
-2.7691187770683454,-5.116011677799449,-5.673440695277887,5.002863228563822,5.8826548929197315,-1.9723631577270118,3.6015003257221117,0.722925544357255,-1.6405416989535526,7.209181018918179,-1.9551249775575128,8.266238695794398,0.04859375309730628,2.0565868818617936,11.056798895923484,16.48669539077388,11.488307868421714,12.758274564800834,11.40465670905567,11.117813066273152,10.014029382526886,10.16526402385984,9.131152229498579,9.1777510003889,7.987833040965729,7.4881238006806425,reggae
-1.7697571644659298,-9.030019734614033,-5.391748970499402,-4.854827230692835,10.604757973925915,5.164531857265259,-0.11276590447543695,-1.5986445926569293,-0.29116235809056296,7.8489461072928695,-2.665242854827688,1.0387784310423704,3.5868130322463205,1.7669116340751674,11.553395613897582,14.147331257951912,14.286556148918347,12.61130625536487,12.83291524278385,12.995126623615215,12.338607978586714,12.02902223739714,10.543347755202717,12.3498247310385,8.739261980689717,9.432324346952512,reggae
-1.1166474548793275,-10.276144722981325,5.512858833888561,1.5017124336388865,-3.854140613706381,1.9835652650740345,-2.93985920138838,-3.595637567566569,1.7621551954502175,0.6129725129208655,5.208255023522332,4.347471688483157,4.020783011459292,1.4417174130129817,10.086806378780949,11.95621617330665,11.5514277612048,9.68988189966484,8.478279357138492,9.145411494405234,8.966031757566569,9.132164525844594,9.424121578999701,9.680678246833384,8.7227476240037,8.67533230266612,reggae
-1.7578875246048729,-5.594164250454382,-7.3296644472259285,-2.1011991107635097,-1.72068324808754,-0.07787742864761775,0.2324830450358206,0.3093791814975923,-1.8546074177231837,3.7368818946577695,-0.6750403261797917,-0.36693722319417404,4.169593444795423,1.7949236768417567,9.767013777536917,11.65039908753342,12.06672836821195,15.171675333351969,11.751733556961616,13.51769202472804,12.46580935887684,12.132791946970606,12.439983642271685,11.19607653320069,10.094380567393163,10.398267359207058,reggae
-1.5139115535810135,-5.558388900369197,-2.8576889866186934,-0.2942200353787874,-0.7936544247764532,-3.039917048880349,-0.11237156623250362,-4.979342766639753,2.3164425145589997,4.288012047528764,4.021224680059239,-0.9091634124434167,-0.38216778155074344,1.7117344725095505,11.236392214413284,12.777165637780783,14.974472261133737,12.707077642006336,12.077519682329605,14.532458227853095,11.834726412296176,14.102320309785071,12.316701641719188,10.376145263656074,12.546367380511096,11.446324667588348,reggae
-1.009020386070417,-9.692565340713983,-1.681253046407118,-6.961894973798479,4.520670642631842,1.1675567123134478,-4.5697354179655445,-6.224324418422067,-2.848596713266739,-1.4337480309287063,-0.11720389978416279,2.750937295542249,-4.277140815800847,2.0267267226557473,10.30722707300963,13.516232270582904,11.776899578354945,14.343897033502538,12.889449915516618,13.678943428083727,12.646293409084985,13.270420312611966,13.120585932207858,12.48696491978393,11.389633039885009,13.087764817313861,reggae
-0.637626981963672,-10.941255560108312,-8.14426435903465,-6.243874423782743,-5.5082193223146145,-1.4708829446554037,-4.802971780763448,-2.3131154974427655,-6.440472488520403,-0.09678376668996197,2.0502821898648063,-3.068726288174172,1.596619357884904,1.4259852038544996,7.897807689545509,9.514580047606016,11.701434478049945,11.386485256530591,10.532494684767032,18.1245301668682,12.674888905075695,12.976071463351952,12.364604099962433,11.402690435453504,9.61702566449942,8.549703363184252,reggae
-1.240823131026542,-8.761232495756008,-14.123403806771178,6.363169464464214,-9.61368117421565,-0.07242763674240552,-13.77862901964238,-13.306203074732588,-4.970551093388113,-2.489182341403873,-6.6928932964676715,-5.67144361112775,2.3346070534667263,1.9581386501943743,9.684695176157936,11.773674674148078,13.25866082411705,13.711472098410063,9.780288534304166,15.228653797155527,10.580091088574331,11.53817598542002,12.189226111815232,12.253076308103665,9.871501032173375,10.945262998678643,reggae
0.5441350029862233,-14.815117395989427,-4.70784364861221,3.0888590539283816,2.1284930682243433,-8.222197838567295,-5.842344042089014,0.568358551728786,-3.3896011799746373,0.06186726328857336,6.75382409103476,0.433534434657184,-1.3796275662716584,1.3724332493914078,9.52155427753335,12.660073129106253,12.285179870387028,12.518884116492819,11.715020563040664,12.825494576601363,12.789435180077852,14.77723720342215,11.674026806733897,12.135144960807779,10.164643551662357,9.54544736221075,reggae
-2.542807215806408,-7.863498694715969,-2.945511269830416,6.993935319211947,12.56476696008239,0.9808257441787339,4.563274939818952,8.460989295967869,3.7014789853979466,0.5704970790563624,5.092105733784772,4.062527457509368,1.6260025122926822,1.8679619707739792,10.645810032910031,12.473503964272307,12.473728507024333,10.827968592164689,11.94165922342881,12.366761294631722,11.97767517602439,10.495552614767846,9.725335688171267,10.528158410934825,8.401944129416965,9.051785627616976,reggae
-1.405915704188703,-2.2131919066476415,-19.531539404381842,6.194542715527937,0.11679715567945073,-9.0751205356612,-3.1351160575819623,-0.7608021409425962,-2.9044661335198247,0.06192409482255705,4.565565007782721,2.107598072122441,6.789765656996037,1.4031760003948124,8.48169425190375,12.485308860305498,10.28612760857104,11.100760983322912,11.25126920471185,11.065804708982737,9.973612697905034,10.690765785170603,11.217962085169944,9.416297599761355,9.768894014324738,9.256436989516997,reggae
0.3829141256539428,-15.767536584553886,1.7828302753613068,-0.9553462541014238,12.56852609444306,4.6914793923295095,-4.9289348365138155,-0.3063961867420338,8.41018895732752,1.1103975548199514,4.655224016180083,6.204523094159088,2.8572670057822642,1.287121100611377,8.118933069147703,12.263299988468614,11.644543100348125,12.029833021849683,10.879007984926728,13.996250929711882,11.842395789408977,11.13813884975237,10.438027343243949,12.657225824094985,9.045989063136208,9.74084340277911,reggae
-0.02150853146350341,-3.4070305605529487,-14.119458169049869,1.9216029537581247,4.14171146351833,-2.418627959976489,2.0089334636093654,8.76093586101664,-1.2426894052024742,1.650102205171317,6.6420324799945165,5.085094105598294,-0.29473958136989975,1.799999976033625,12.9032815697128,12.777128968162465,12.484117054171906,13.429379843715,14.991889385497307,14.364192656053328,11.644692489877825,12.491154975601768,10.407519324573142,11.130923794795605,11.929842881711378,8.692156378197813,reggae
-1.3750589215376166,1.0882686914900526,-16.005293293649686,5.142771575496891,-3.64318063876536,3.088632805408162,-8.63064263794889,8.964710117494153,0.5466789455747726,1.232559630312248,-1.9807518059228337,1.0784252707429134,1.903361612561343,1.2360990616225689,9.039227424242798,10.276619235035437,11.617505243694461,10.861608402639927,10.941132264442913,13.729073953604097,10.967995349828113,14.130894415375195,13.549384941732487,10.993958040992911,8.890258975833728,10.322409559437801,reggae
-1.5704031491041355,-0.7268672804777058,-7.9431206599456265,-2.3533404302761367,11.716843517484504,-10.231510407161817,1.3464863856764895,-3.4374239266292785,1.637911819605816,-1.3362190900688498,-1.5609821988617585,6.129946383795457,3.0964705782510693,1.0182334339661459,7.661742927539313,9.188190080483285,10.857921237315523,12.835314412649808,10.589278863961,12.573722209419577,10.626468197167936,9.558469942431874,9.601371338842819,9.862883213678616,8.671559845340521,8.799956218117726,reggae
-1.946054212900958,-6.470726409796809,-8.178748292649008,1.3405551356303091,-7.10340046101847,8.930863822652436,-0.6946963986763197,5.4170352733965625,4.004255631140973,6.579364978716686,4.522973195127248,6.5584306833412835,-1.769463126429586,1.7593849663812229,11.332123838614292,11.493903646729281,14.342130865609679,12.781277689069656,12.23694720160291,18.143136511275255,10.787338803377068,11.529060865049633,14.097527733798376,11.044555155833342,9.863000208136597,9.23490519867721,reggae
-1.3839858998435417,-8.587150567808745,1.124101496496029,4.465010602018001,-5.0691458440562664,-4.783562011673679,-10.343857069640755,19.826518707286517,-0.5918664106559995,-10.936693226373462,19.66257251568503,-6.882236282082256,4.953997160440892,1.786307506512039,9.225682323697653,12.426917856320976,11.497180649274265,14.066837955071435,12.968149737612418,12.684276324344344,11.477025015489986,10.485834321729056,11.51365087805365,9.653324214940184,9.242952825060492,9.553360580914669,reggae
-0.9906104102984343,-8.1863561948851,-5.322140655771121,4.734103405739179,-1.406274962248571,6.869105537871652,6.345599979059539,7.369711531787743,-0.7986021546209617,7.200757849369774,8.728193466011831,1.8443764520077623,4.019414318423597,1.2747196166592256,8.524235261866158,10.041808739593831,12.318297515866329,11.055255913741686,9.89969609817454,14.531767455547518,12.825618884028758,10.730019302837153,12.71406515440313,12.532826765228688,11.612342305042542,10.395525941079542,reggae
-0.7908025253267258,-16.569755862559678,2.4205220704568204,9.541094215550384,7.204756464542268,1.9122918512095965,-5.350356595137905,10.028428309579256,-3.393781464683655,0.7587726085347248,9.923232618987482,3.297944481821137,3.6480225690260895,2.184716258465046,13.190339714985914,12.00322058556186,12.369218527818111,15.232078998359444,14.908544064273684,16.56750479205278,12.060254296454875,11.483660209455648,11.65180660721281,11.773129776652489,10.638054758637333,10.467606807520234,reggae
-0.5362151869228077,-13.655525483339286,-3.9462351017399815,-8.31685818654319,3.2373170653610566,-6.569538438558761,-8.095617673484918,2.3300273665667612,-5.167577634340769,-3.6718873876820193,2.663473418592487,-2.559903637637366,-1.6813685748690474,1.7772190114682427,9.004452591894971,12.228429485810231,12.74655703751262,13.758363413753102,11.201994862113544,13.618578266917648,12.299072171756952,11.265203923442169,11.919169271119046,12.576957298513017,9.89433721655463,9.944295891276282,reggae
-1.0458157664256338,-8.763682551445768,1.9485070338673298,3.694183645906203,-2.329638295942281,5.414889633465149,-0.15276884968477428,4.988485313210705,4.541260972159742,9.091082841044122,5.020797549300028,9.399310343863824,4.649268216426023,1.1223399432674706,8.274515115509404,9.79649171084338,10.160409852264893,10.972676657682872,9.742256693149729,10.830247088228562,10.614207544135585,9.4629351901032,9.97793428758865,8.302868317431235,8.272415251636842,9.120495023186091,reggae
-1.0489835331940836,-8.73064262242302,1.9394033347026487,3.652431959134628,-2.3806359104211605,5.343816564138374,-0.1370248085258,5.030897503568008,4.554738036583821,9.038808413002668,4.935101045315812,9.38910294570339,4.689673952016444,1.121848049593409,8.240754334062943,9.822927861987234,10.187107304648494,10.994690242719782,9.769360122376616,10.881320830371479,10.613415848598638,9.542821324324567,9.945389244318012,8.297949885425618,8.223114201369027,9.13414681220266,reggae
0.14547690932822205,-10.424932761305527,-19.415522999272877,-4.13911315632798,-8.429100876191004,-2.0007051528826896,-2.914751245617607,7.125410717891915,-5.848342609959792,-1.5568184363491993,8.066566449243519,-2.440207121313864,9.768264449674515,1.4018321970558303,7.575838883692553,11.785194649481129,10.773419364201409,15.128161337376277,11.32454343991477,13.94886719453312,12.425620469914945,11.693342198841204,9.431854864214307,11.963761986620291,9.688633154554616,9.519294728022667,reggae
-0.6455035068011789,-10.669630667759877,1.098073752021523,7.108157098769538,-5.465195121699501,-1.0615573457208602,-4.878912184575296,0.6389050302945495,2.331170295369588,7.16637897712535,-0.39806906516542173,-2.912029250026397,-2.1773097736364964,2.089953412431097,12.740920269923391,11.832319206779601,10.896940857305902,12.194980533823351,13.191231292340127,12.344063648552396,12.492615263710078,14.26971258903512,13.607859349255353,11.990579352944566,8.920894937812385,8.86685415321404,reggae
-1.4604867299965814,-4.104501528781545,-8.42541651545634,14.45145316239323,1.366399831099832,0.6052977809467274,2.3142103529180607,-3.7341113260059795,-2.9310237410373983,-3.051591664493898,-4.421617354125489,-4.861229601753601,-0.2583752378096273,1.3642659307807998,7.831031903899482,10.28242107175358,8.9399437523868,13.073806514667051,8.056092848968833,10.669042448684198,13.127966241616477,8.577864267889826,9.771441992713047,9.482254624524476,8.747505164097392,7.376615652147192,reggae
-0.8702938203930672,-9.080909627805736,-10.906877485719617,15.64506212270974,3.8293610193985073,8.884781158139521,-1.050871481325141,-1.0663395097883712,-4.051471073907742,6.454041142617978,-6.050579269324392,-2.919820669676182,1.1010951136739833,1.9976902350010979,11.439240436694135,15.82958753158851,12.229059364789673,12.076619292848767,10.464949742418888,10.69763327574807,11.555488385148962,11.105182205392223,12.597872912138872,13.981974352775303,10.113658061660953,10.912187782138469,reggae
-1.3153684890237867,-17.714798425023925,-20.139236706300238,11.663843887172954,-12.741195804354863,14.442740705908808,5.1877950062128475,-1.3916716128926192,7.780847185329071,3.5726352462514224,0.8342398669802624,2.3486448606439163,-2.2386318336833733,1.8339693837729873,12.260560325884288,12.492088375747034,10.663730941129064,10.443528849236282,12.809678047914582,12.435372902687336,8.196888165912771,10.56678526395758,8.972105783957302,7.699493469774913,8.457254897816615,5.839091045400015,reggae
-0.41735083160235575,-13.574816695431966,-6.440628774623024,3.357631129806634,-3.191078845384354,-0.3834201196315759,8.11115826119975,14.108491637762446,-1.2684178810409161,9.88237817857896,8.51711780389923,3.220570885143123,3.6283519832416298,1.6989649377652816,9.057519713962527,12.44053725756048,10.629529134757005,10.833802912925707,16.04057409041645,14.739870026578796,14.36815684585163,11.744024328709504,13.439315682081924,13.189204333289616,8.64502121913219,9.830007099825716,reggae
-0.8060163260031502,-13.404720661533874,-6.4621100441604336,3.709193196243978,-3.31300355017785,-0.6269324791952623,7.667428271141752,14.497833897252091,-2.4068561952249947,10.734825542075878,8.165384119870808,3.6937461552683746,3.828960281461612,1.7559635670645635,9.61991580070101,13.494890831116043,10.77577608877761,11.444415431108075,16.676023558347634,14.915046445235289,14.471197810296038,11.75560648928511,13.885013882412235,13.268686831015877,8.894115370825432,9.874726097738595,reggae
-0.8060163260031502,-13.404720661533874,-6.4621100441604336,3.709193196243978,-3.31300355017785,-0.6269324791952623,7.667428271141752,14.497833897252091,-2.4068561952249947,10.734825542075878,8.165384119870808,3.6937461552683746,3.828960281461612,1.7559635670645635,9.61991580070101,13.494890831116043,10.77577608877761,11.444415431108075,16.676023558347634,14.915046445235289,14.471197810296038,11.75560648928511,13.885013882412235,13.268686831015877,8.894115370825432,9.874726097738595,reggae
-2.220057515015298,6.500618564260104,-5.028481112797622,0.42943498015516657,-18.164006659680485,-8.771713302046734,1.982963029907674,-2.205043610260033,-3.0777109100199462,-1.3933616170437413,2.1469858529089283,-1.5308968865727455,-6.407408831706374,2.1696645386112046,11.246655191061757,18.644039757009654,12.337241930227027,13.538161045962742,10.838052654042691,16.966496020784568,11.19263531138875,12.469470989092304,10.108013332224578,13.038781380399792,11.220037896894992,12.263746196890276,reggae
-1.3903436668204086,-2.0711983103521403,-8.299555394271877,9.113930974542788,-12.066159938267171,-3.502160287037651,-3.5843507864126365,-4.19866125754113,-10.24505072152511,-1.021034601063895,2.6470874343367266,-5.505921007269962,-5.6029897575425105,1.4946238875206705,8.44919104329449,10.683568971261119,10.653030266698078,14.1664005370588,9.834148574348028,13.211071099584546,13.773025418921566,11.390123344623184,11.820702391548934,11.4433794910356,9.411240289568012,9.966437854300404,reggae
-1.0637110025834886,0.7131465804762602,-28.47988872834854,21.844194118935967,-0.14445092109075103,-7.43817030385615,8.519016769238664,-2.9878116264693837,-0.5728297920039197,6.042004036788203,-1.3625530226898528,6.878200796259158,-0.26540369531859087,2.301415168954205,7.302891107552812,12.535611481880581,11.660146302470649,14.242854560876614,15.169325528939023,11.689896016729277,11.823814742509047,12.23843888735508,12.61979833725257,9.269554041666867,9.654517419447764,7.888146690219721,reggae
2.440511442019174,-22.08933116041469,-13.695407812282248,-8.573326102950622,5.792018769974253,0.43507740413851426,0.9459526551526256,-3.736473891764072,1.3360315086503172,-0.49424124899950367,-1.5638039756002455,-3.3767569911695445,-1.2341682973373533,3.1463275595956324,19.038575456526917,13.602747319328746,10.34829597889734,16.34582903194836,10.430732571453847,9.608209792579228,8.232499432346353,5.667398025561342,8.069668872654717,6.295467858306219,5.850907956100747,7.096688195874451,reggae
-0.25354807508738386,-15.009516265135371,4.366461091218935,-2.944909513000814,-9.07123081290339,-4.663062037205557,-2.9167260837307736,-8.772871904984143,-2.237316300804623,5.184587412691965,4.947396628139725,0.011992079463433865,2.2201434441432584,1.8420514317685324,11.38930947395407,9.59308472105356,13.69853484510018,11.321262328589482,13.781032594853205,13.304700133924337,13.28537517201432,12.99573883556116,14.39955688127987,13.281739714207843,11.80802984624915,9.299987102948386,reggae
0.47030140509994084,-19.994292379734617,-2.8387761510723983,-11.67450585149542,-4.646025107659611,-7.431495239958283,-4.765726445423808,-1.3083670276972268,-3.370447430811135,1.3581824085761534,0.6333227324226642,-0.8327367180858538,2.5939336248719598,0.9776716427064025,6.478997364171337,8.568086741305866,10.208498324647756,9.73517384100857,11.855349208673479,11.353246784197424,11.41021503091316,11.257240262806981,9.497309774567304,8.93929279952665,9.659676803981904,8.943408212272654,reggae
-2.355889649738144,11.392186821415207,-12.32627238934677,9.53704626535992,-7.807854763598747,5.561649055458725,-4.071090514231027,0.6013692985375804,-2.153269825126854,-2.9266090018782487,-0.7008756538739452,-0.9749559019087972,0.2343951005779221,1.9934907490423373,11.081982864346545,12.454598675018113,12.593647594347534,10.55961736347022,10.645790634562227,10.111044498868416,8.795209931292355,9.893064464327884,8.12837396674112,7.835337783314394,7.1894073244865515,6.9684011803681765,reggae
-0.9225671640263868,-14.596463701145252,-4.586398173873082,1.7530676592322927,2.9880584194902937,7.52193788128085,-12.660703645529157,7.7391751530821935,2.824847030211449,0.509382451566791,5.9384158462348635,-2.6233595071479603,0.4819940322962365,1.7863957954653655,11.011272171808121,14.406875981893167,11.249385370539128,12.655102798789544,11.85422146372563,12.934448467964103,11.036740767255207,11.824551935984841,11.301424676841197,10.509965631232486,9.347407347682672,7.13990355731907,reggae
-0.4627701555238711,-9.080351438290345,-20.400076061713882,3.527981686540583,-10.364875192991443,2.513883866897381,-3.0492974700102464,7.647881424350748,-4.568464938334217,-0.3819975026126738,5.907006906339805,-0.8570952703967204,8.554734846183809,1.3402930191254945,7.161548948884683,11.383681493711027,10.991587763813193,14.765721645304552,11.421946009225604,13.667592371673258,11.858864858759386,11.811980335478848,9.22356169480204,11.703753619348884,9.593769496152051,9.579932317453611,reggae
-0.4079747029047506,-7.182002265347903,-22.613185170630913,5.570587825229749,-12.240586817902205,4.016345583597817,-4.0202059869660705,8.730765917710789,-4.86230799733511,-0.2390761367222052,6.078804191384412,-1.1754851386823744,8.649183302060695,1.3447484617364385,7.120777915567213,11.202629352574387,10.834341888360523,14.588182623640717,11.73881612361597,14.450668780932107,12.0559234719454,12.120392094658886,9.529317622422312,12.073116781503588,9.89549729939809,10.189800698900516,reggae
-1.4456395395114625,-1.760586877618599,-10.446586413629865,-10.304258116149699,6.879146453808376,-15.32377608395787,4.4353678283222955,-0.9039481570578692,-8.40195107452317,9.309032352310465,2.3811772843278,-2.9788611697711236,-1.1021938883995903,1.539858455601574,8.721014895435635,12.451662867979067,10.473199658068674,14.083038623309912,13.413858197720003,13.974178039565476,13.193317098017037,11.016742657656485,11.52891241142803,11.284300822260414,10.670499967237243,9.96559525818654,reggae
-0.5840325718699773,-3.306168473314396,-15.930320622843055,-1.8826858909596176,5.286729639221794,1.3641570848774611,-4.2246192784000405,-1.630163772085508,-1.092770294453374,7.256289113090548,-6.968759062114105,-1.4727966658333815,5.9246138202640495,1.2512917755091444,8.334771155356092,8.893676684351783,8.24414001137358,8.849376266496524,10.118368016325151,10.533942985019907,9.293627067515994,10.396365045037626,9.436884085207804,9.0414826675942,8.783581319064863,8.517113886960313,reggae
-0.2698334072685768,-12.299640038870205,-1.7080824905268197,4.65568421450657,-5.751183059561224,-5.173592326053885,-3.874428521101737,-3.703002928493113,-0.9115613609327418,-0.7248718522574175,-4.178560430757787,-4.7918052694204425,-2.4908583373192474,1.2811377529455286,5.084896137957152,11.160358344512563,7.212879563921158,8.014567509756029,8.93804687028078,11.99243345786308,11.05604668526608,9.52365224354161,9.037798075301485,7.489232729048744,8.649241367739442,7.028716774189118,reggae
-0.723398858798869,1.9412250414039434,-25.02867768393713,29.750314665101666,-1.7840665053496516,5.5807374929040785,4.365385632051318,2.7322765292267865,1.4106031676665778,3.200462898534924,3.6068183685946145,6.968267271911511,-0.6774270525016823,1.9471350819922253,9.147668898571645,13.683303727830808,10.403499644263167,12.870218002643266,12.460046625381652,12.264767612688797,12.050362391393287,10.055054128577273,11.56100005718611,8.56145356056735,8.77536188431504,8.269584340983316,reggae
-0.6674753934374278,-4.052661668686863,-15.410027038780655,8.204707166145397,-15.400160039971974,-12.160340664395301,-10.987706494119925,-13.420558695063335,-9.449400656318584,-11.181989160282285,-11.741052410718027,-2.399649270761841,2.274382594141847,1.4523333461744363,6.152729804871681,10.635455759397303,9.877541363662571,9.038766729683292,11.196703270525271,16.95111664851931,9.363655287384038,12.2692749680496,9.841574082127371,10.01751330069572,10.799004635701941,8.202856643113634,reggae
-0.8501567216291868,-8.228143463382237,-5.881698545482947,8.212915986877377,-3.2467145275736455,3.493239238538102,-0.5515018358592604,5.898549612541703,0.9646086747535858,3.797487577839707,3.790258619465951,8.563484230211296,2.8936692299542623,1.7252804879992145,7.386112817760988,12.003208564744105,9.240184635150294,8.806134448052696,10.658121230297827,9.92316509512357,8.515692247130923,10.408038463092709,8.72064461706582,8.791573555338637,9.165213307506793,7.636751154457565,reggae
0.8545346071975595,-10.60164353191556,-25.858044183612545,19.317137731274904,-9.15545261665343,19.88284959738202,-7.698952083096069,1.182419156004919,-1.1672364504447645,9.126902640451487,-2.8842222306862566,7.392087165517222,-1.738922805937021,1.426329898382442,8.87289233815104,9.716007704556617,6.512972023738898,7.7658603754147375,9.076143698786636,8.85027414342162,10.219962904269858,9.521027874304146,8.699880883383418,8.236748520428577,7.742113183098671,6.647276733963282,reggae
-1.2051275741791507,-5.030863422786675,-13.496081330699086,6.995596673210028,-11.592092405364776,6.068045044198414,-17.33552694042506,4.940549450397546,-15.12045238440872,6.802423419157347,-11.823360010812472,6.401401359643053,-9.39250062925411,1.5443348208584085,6.957137722025016,8.71194856509469,8.272124589532618,10.359241521887471,9.68640203298991,10.29985749110091,9.685530021921045,9.86689667274516,9.220894479777435,9.0263504902748,8.758166853088095,7.280849775014133,rock
-1.2942461741169007,2.9521960059229344,-13.79516168491926,8.428090115115332,-7.690628091309687,11.853226647697253,-16.38797039105938,4.708404372200579,-17.132713814892384,4.124992100833554,-7.009553196094211,8.765535900754662,-6.965656484506801,1.1101833889607338,7.527706065928892,8.245072102243688,8.624792518565462,7.967024732995268,8.263875772717112,13.347866551706511,9.154826967438986,10.966332362875583,8.52996858658117,9.631132870232326,7.876155317287023,7.379005105874246,rock
-1.5519680286814557,-2.7997074434394498,-15.608530947669099,8.292180528915793,-9.45012176611487,6.1705663792084575,-14.678996219157282,10.018339683154773,-10.005881328893626,10.199664040525086,-7.144421097166518,10.648638391284969,-3.681595953146543,2.134058519345976,9.484415717311258,10.52701371403646,9.153819259470264,11.276992445373361,11.034398611423368,8.896016035764736,10.416858161279198,9.612105945219293,9.818257964652673,8.354492983372053,7.894838796906493,7.3460548291924965,rock
-2.2644059648184243,2.4587077080025237,-4.095058404158408,6.658349261018181,-6.149640343650593,14.772845753888074,-7.088289820013095,12.106001563967135,-17.106123430844686,7.986347448894097,-6.2309865588186675,10.084406873389923,-5.8025891633601345,1.6329724604928373,8.693319841127407,9.462429457994933,7.5551528925162135,10.054451601165926,10.35998243290371,10.395783506805188,10.317516399276883,11.16744581954245,8.857606616166077,9.20953915402862,8.869319863522644,7.575143973800547,rock
-1.3569238439431273,2.7485474029052317,-2.4317286798398237,16.980896962544392,-6.28035701840525,15.95075760014073,-15.19842765174726,4.23824111943622,-13.34174231323719,2.392722194932622,-11.116712950244395,9.808259285846075,-8.015792843626636,1.266319630782553,8.921801616150061,9.352798555535424,7.132049968242218,7.657510343776847,8.665162175623095,10.54871671627689,8.349813050206075,9.293668542656949,8.906159901542955,8.626201211410526,8.975349747342696,8.140434757969677,rock
-0.15245232582513432,6.782407226043784,-25.505396284601037,-1.5172602748195,-8.942047058030123,6.784083317127175,-23.830697790731726,8.840856812941977,-9.027458386576146,5.591233969989717,-4.730652257687344,9.490142281467715,-4.386482108103495,0.8141534153858381,8.411538783302554,6.667417889430677,8.342498491161308,7.861739558950737,7.582728592367231,11.89301170882366,7.5537477371183215,10.698135920706344,9.583520681410691,8.389417700542909,8.025795357615051,6.401787233319172,rock
-0.2531534279359726,4.179452834042279,-24.65488151138494,8.968082893464683,-13.970382608411503,-2.1190983034313717,-16.76257504302164,9.44562851657533,-12.179348568874254,-0.7676159506068121,-15.908091888041861,4.312098994354417,-7.943856796095842,1.3351845587067948,8.250749079189331,9.52858996951821,9.33390318090919,11.071412876451317,10.300052131048918,9.755010026936356,12.412544905328769,10.711788262068657,12.061374697046656,10.29555217997203,8.42570668601441,8.546675419017703,rock
-1.8926814146661197,6.84978743687318,-8.629084243770091,5.703230865321054,-6.404655930626084,4.9997006506467425,-18.421472013002482,6.586080328838634,-19.099555039714968,3.9203546969608305,-11.896526782087141,4.816806755087575,-9.982793321717974,1.1544472580696359,7.6060189087340015,7.7426382103501785,7.177436307609801,9.61991457821922,8.920144509237286,10.148965892554441,9.948470859783008,11.645659925212739,8.595843023817542,9.601840607992315,7.396565050301606,7.725472829014386,rock
0.5450955424321484,0.7142523866328642,-20.07632258349088,-4.719872794724254,-16.93090908198939,13.471753561697025,-16.13367507697731,6.412163283437839,-15.51601845464858,11.696919245907448,-3.9463281177378526,11.595094467472881,-5.937804962091635,0.45290899142169444,4.235825157752326,4.329104375916803,5.592011455906917,6.251859854381224,6.360468836332522,7.692016937239287,8.08999478423729,7.1615574480625295,7.14466829056965,7.90594960200111,6.636519284047808,6.756313970995276,rock
-2.5164159539026816,11.373349682194732,-7.305520546759363,0.08414617719102228,-12.145394491784847,11.945012836641574,-7.807427481526584,6.946567220277086,-13.143673563096062,0.5270170134039179,-10.347308956847058,7.35424376505742,-6.598328729002847,1.3622528523341717,10.331884055971152,9.540757403958395,7.734548496155207,6.095558714847714,6.880695132162831,9.021510513900976,8.611850096106112,9.153774638501348,9.256996773252219,7.2747352604447775,6.273690775810021,7.636538795574792,rock
-1.2016397581337825,-3.511728042002588,-6.389706180230166,8.524274708025265,-9.590026950885921,5.153912041507933,-16.778684189095262,11.84033593634291,-9.156501759292693,7.851757420725038,-21.12473810636445,1.082718629951239,-10.750872602556015,1.1900809397694665,7.077883144525978,8.43935353651249,8.926902994743749,7.4170599512070785,10.050320932038758,8.948602836903168,8.566063636520093,8.834042637766437,9.310739137287307,8.497831765844172,8.899950168724265,7.376785814921157,rock
-1.909562216705514,-0.10211312910568456,-2.616155367519173,10.99927541627003,-3.838684010791869,5.486381066017702,-12.71850686468089,12.422811735117337,-14.937679732036095,4.235047542365407,-20.27670379385202,0.8493060459427274,-13.46373982996246,1.2039101825359961,8.451693341116021,9.880355178498357,12.184854952177446,8.54029525510445,9.371852429393478,10.362162434481778,9.359943914547667,9.456259366282007,9.251946791100897,9.014203654364955,8.752042958627678,8.123662477620043,rock
-2.5853337257405893,-2.8469320524893797,-7.580238789298827,12.356425574214663,-3.841562285920016,9.22746179059446,-14.732242807441384,7.205130900288076,-11.712480334026013,0.3909001350833784,-16.039722101646273,-0.5697777352728916,-12.236167369764914,1.7436295867366316,11.108581205835899,8.99411934084328,9.63924252518922,9.007830128852312,12.177628495144466,10.942297634962689,10.866788390691504,10.273509253869806,9.308647567825414,8.751478596091347,8.76243900222424,7.806597451682253,rock
-2.2567305403970446,-5.832031596987415,10.819323427654881,20.503140533890267,-8.359139450478875,4.826043667858792,-13.094786908945295,8.025890316383279,-8.563026197617871,9.946654373859696,-14.417007614080317,3.969728081348096,-9.395187708724945,1.3191605240774906,9.246826204163142,10.852738200824586,11.232069054536147,8.777148891131432,11.197614792225384,10.01763076135165,9.318814925547864,11.481586582976412,10.691922182724403,9.499722016809502,9.135655889766996,8.914108731199217,rock
-3.5448327411383644,-3.3162705493026765,-9.050567693642357,15.16042045433215,-8.967459743476194,3.8873445462900817,-14.458754963394291,6.347760712936718,-8.765876274110052,2.447799848400377,-15.81934507948954,6.4299083414195355,-7.516447434200032,2.5307769156747626,11.561988556379228,11.472393512911841,11.22221342788249,13.685363880477572,13.374877230985478,14.364963616039017,13.934759586785816,12.851844208356432,11.449649812583962,11.155715596932684,10.424424802273679,11.507921717392492,rock
-1.8862112025380557,-6.624218463874211,-12.00085384171588,7.138314422619399,-12.547252775116233,-4.39641441764997,-19.86932729231721,2.150825533404506,-11.625458474735089,4.012179786372789,-16.33571337850468,10.780697782316059,-12.351333992815501,1.4912893980606883,12.490200436707195,11.601992011321911,11.39447872828006,12.125076276702046,11.138777564975758,12.838293078430786,13.84396583482806,13.044138077679499,13.153703658821536,11.977765279821107,10.670763614479636,11.361757687815178,rock
0.9230840733174477,-11.117953652097288,-19.195726327604937,6.0615832364498425,-13.828452049970279,5.845807291178508,-15.03979974338188,15.103130194772481,-15.908160385074455,9.673195587365349,-10.278740955798073,3.7769193090410407,-9.077286652775225,0.5295916807943687,4.320770882849103,6.103727984509194,7.138843836603658,6.880571452753747,6.8537933161403535,7.48741912497234,7.851970119672699,8.889776045530402,8.086388783842137,7.14549019918333,6.724636973271288,6.552370043840236,rock
0.6057791074606296,-8.099018126371309,-23.567355993217078,9.555286192447205,-11.253154927529032,4.79040773878355,-14.369781141470293,8.310634901923942,-15.588084693435029,8.716975264599219,-12.84510573700959,5.318195199241808,-7.778829052329331,0.6885609886052353,5.47771204759429,7.6019567149958975,6.776944871296119,7.931984527528367,7.669314602729344,9.350733286109062,7.549147953432491,8.967018710331624,7.896668469710726,7.2252240328261195,7.6649895884418635,7.124856621080523,rock
-0.16227761867343882,-7.987544244826773,-17.06999216964097,7.892876208931137,-8.961695039390722,8.578502311730231,-14.701197244427059,10.806748628019708,-13.854836690002832,11.55229382989963,-9.236583122231998,5.83555438426582,-7.748119549930569,1.077397138108053,6.758478775649205,9.09775178447962,7.564770504340295,7.652714918849618,9.751149420374844,9.215232051837315,8.595851959682147,9.531377931467537,8.617936363055888,7.772969224114844,7.792178721504056,6.636464322014009,rock
-0.15694225088659933,-9.063983108779174,-20.403514803561514,9.727427413044099,-11.097770586899545,7.076567547477925,-17.568476319863734,6.5967382985430385,-20.711291054896666,2.8628342809726086,-14.651271210719434,4.59747944925408,-8.136866627389844,1.1113069079700748,5.795859558654972,8.28402134531249,7.815575735726561,6.502099143148298,7.067239089225568,7.774674073935771,8.296807035604795,9.281647387492562,8.322255800930439,6.363073058902517,6.525204073456962,6.913228028887584,rock
-0.13374030976135748,-6.059002266087294,-17.053577812841226,2.953122467240931,-17.455740776031668,2.524119415824225,-16.845060013640854,7.525321493093409,-24.134689766844613,10.779175329808433,-11.830697349873597,2.4431369807122865,-7.647921237920321,1.3377135121966468,7.147300458842591,8.940487167641997,6.667676280691833,8.105781242858797,9.659803757871572,8.540773874307856,8.382029480010376,9.933756476857651,10.208906176973812,8.271329522133412,7.411970153039674,6.870044015151019,rock
0.1285597604588981,-6.0784516316242945,-19.670738227531597,3.1854436771465675,-18.044080017086383,-0.636193781370621,-16.722132017731134,7.891560916093058,-27.158069734025318,11.05937291364135,-7.968069588805429,1.4856725862040592,-5.558156363810577,1.2035433021717343,6.333327480598608,8.158986135166119,7.4705060402218955,9.302524460751359,10.416640460403725,11.883276758673743,9.524090797040714,10.418030940887144,10.015559033404818,9.283447959351783,8.801950193085004,7.28809745080641,rock
0.495148697035761,-8.774158804610371,-21.621905233648086,0.6006493104962298,-19.39549226998452,2.157856601168051,-16.365261307915627,6.8800081846039935,-25.68918201701534,7.660376279324737,-12.008377963340278,2.660437540558458,-6.989673196408098,0.9697482219909236,6.363923937940772,8.86878737905781,6.484900546587048,6.519963629752399,7.894216287702809,11.129529793873134,9.090081384775848,11.373868595723511,10.81542223302868,7.901990780974959,7.662999316588516,8.184404147868033,rock
-0.33463762247949613,-7.3892810705267395,-15.753343958728479,4.6077657002306305,-18.34114466744647,1.2417125772012354,-19.222365129904563,6.805533624905307,-24.189807170910772,5.523664121713648,-10.492457186755832,7.130777983052333,-3.5208791741912573,1.2781083437013527,8.052986678343386,7.191186799158162,7.746630089743704,8.463409414022573,9.784339512533629,10.569442652458475,13.0296236934973,9.808838763599308,9.513948937842104,8.55087009477337,10.792573284558577,9.68165013033696,rock
0.6338504620112314,-9.338062497194402,-24.17100180710819,10.33446639333642,-12.895871416257073,3.22377483813188,-14.379809352557512,5.449112165577585,-22.79302968406663,5.853000133718052,-11.476958976646733,2.3539682289510124,-9.100741935309081,0.8434047586279274,5.256534350972083,9.087764197431852,6.9352275491861475,7.395508770028296,9.09563283938676,8.085993750295223,7.66655394015074,10.273926516270185,9.399610778520636,7.465707419520834,6.96003606641597,7.352325577315641,rock
0.6035907052957042,-11.69292806250592,-22.43959032158157,9.78526692319213,-13.993709658424775,0.2293501438138621,-14.5241591534231,8.65353378015055,-19.209946153924175,14.694687947856279,-11.820569223279454,2.5426122251545555,-6.094988105763414,0.7722910240634598,4.95098464009939,7.778127770821714,9.572430047572174,9.29519019157848,8.755326438918553,9.545027835560212,8.255513017972815,8.739751821429804,11.667107596051848,8.364240549137278,9.09382622575229,7.85365414609566,rock
0.1274538460372162,-7.902291141039886,-17.9506825536085,7.0898920498347,-13.334857199279115,5.13537290910839,-12.492895695895198,11.051174017627973,-20.54864222929338,8.950007937056371,-10.200736855036716,4.079974582203498,-6.836218392268011,1.0153106241411496,6.216053824750821,7.477217048418419,7.01393280602219,9.655262316393962,9.802251040820535,10.812102561958417,9.425703257004905,8.802919430531828,9.372839572839526,7.86267082490789,8.640206230497384,8.257673052099385,rock
1.636637335468617,-13.03201830843066,-13.279679204171616,4.802508252619572,-3.491263038992443,6.10747547519362,-7.072015068066579,5.869568328210107,-12.053645421381725,4.342838020041581,0.03573446604589442,-2.113842823961481,0.5143070013750622,1.1805918155714743,7.728852401659671,8.238028588255741,8.55385793459129,9.491008570714865,9.60415599195177,11.152064349913196,9.805417492498348,9.937768834958872,10.677152742552932,9.429808652383944,9.070343691347844,9.600098848197634,rock
0.09654676159812807,-5.167693283495335,-21.99725561125142,13.163286507234334,6.843950606183012,8.293183172004776,0.3628851159952866,-1.7158982191114016,-6.8078637673260065,-0.2788549857924689,-11.21101261976827,-7.0436502351349395,-3.2600891125511735,1.060088579752699,8.089719693590624,8.556290430885019,8.352456779628739,8.982624930899684,7.895288321068257,8.155594956535731,8.557113045457774,8.687550236150186,11.581109034311986,8.302184081055803,7.3325273547711545,6.601004604311492,rock
0.44873409149662064,-10.629759906775492,-10.399266558397871,9.715945246401722,-7.276393155361743,5.622681087200769,-8.050026700728074,1.7080976781698298,-7.362278304556355,2.7780076359908117,-0.6689967325087824,1.0115734417832125,-2.8384912106211053,0.9706709761458804,7.154554699108793,8.24783975360938,6.574049522674176,8.102401337669226,9.049019243695575,9.15264808640104,8.333074784442383,8.727699401063116,8.889119508128507,8.579994943926582,7.947377046647222,7.695967285664111,rock
0.21705524412563926,-14.517719927832957,6.561465177701491,8.087035728474595,-9.793044258548942,6.154204966995052,-11.879137397485486,2.869593057836017,-8.852696245222825,-1.3727942041076353,-3.341563843630879,1.5862401645776019,-4.259184598692359,1.3403407320090714,8.180201773429912,15.013149434094133,10.412688189076746,9.739307089207797,13.773304372679124,11.8078587119746,9.745902809373097,9.965547943318802,10.514845606286295,9.888145572769966,8.770582472624959,7.856877001277213,rock
-0.46698405105227025,-10.56987664771293,-14.967663617666124,-2.012496947099735,-11.23469199961008,-9.784514861991447,-1.5751315244084143,-4.959545983062983,-10.278573946664263,-3.7963758651248027,-4.231508389294074,0.09828808657876964,-1.652459153587458,1.4548864276052311,8.944038798179449,12.380187117309859,8.52075073778473,9.168172800701564,11.390131497714137,13.419649116144681,10.596153581161536,10.384829858213893,9.165841851000794,9.61821844986432,10.083780345117848,9.070236239682881,rock
1.0919924774148968,-9.690835831427428,-15.873369248606833,3.80822906569363,1.0470408450405282,-2.4088584417671437,-4.913941836951099,-2.6727754245608306,-1.7450574619130843,-0.4502527021450556,-0.5380917283029524,2.2118027451684745,-1.5600090824644284,0.7290046933553587,6.344764946697082,8.029691373561466,7.688170154031568,11.423125917182654,9.062709411545182,9.16059336154624,9.35346688995432,9.430798467647081,8.951936986359602,12.055789996769978,8.593034470534354,8.59335829460582,rock
-0.5596616043559681,2.196040606620808,-16.25829779729569,0.5256915220056598,-3.2137928747460998,-2.5977385242870352,-13.338107966963248,-2.300305657988843,-1.257399906578389,-4.315337695623992,-7.563998516879922,-0.18080287620110821,0.6855869102686865,0.8980470723517994,8.51119396141001,10.18748561894674,7.43600931822304,9.103519545292688,8.95376206167079,11.743319669245542,9.716942796497605,9.573429331707718,10.143446850448811,11.021953321759648,10.137661710432203,11.142821662297251,rock
1.27522928398453,-14.426386940599441,-11.276975119194034,3.034773348328691,1.101077603108543,2.486686457516222,-2.5736206694352544,3.737759533783493,-3.904946614957164,6.705359400122394,-2.606340550880691,-0.8426570100075849,-1.7028186772477583,0.6573560215264824,5.330224884943478,7.504210115734137,8.80081809851467,8.198250963177866,8.691381827695336,10.714267317152382,7.934340315544509,8.594454974436228,7.952094587451128,8.673270972952745,7.06911968965219,7.353706597936151,rock
-1.324900549634356,-3.987308572947097,-5.286350044321255,4.356506136353765,0.7305902896841171,1.0115063812723732,3.818466169016713,8.272669128460187,-1.032974188201494,-3.3138870486816736,5.980147416159416,1.255509256827093,-0.18414313816800765,1.1134467874299323,7.461242929266162,9.044969920716015,6.912009851664878,7.479468689995852,7.2517947326690555,9.227419418508793,8.850586772559357,8.187442112908027,9.680918312910544,7.957404568722436,7.452420814598145,6.509218206972004,rock
1.592736295965485,-14.573393466822239,-12.868732642585185,-2.3783855193419163,1.5212488900220296,1.6447823659497156,-8.570668212055876,8.313533907119075,-0.46843976365264434,5.404718784256867,-1.2932347672468638,1.5714121841307835,-3.9182595836360705,0.805802779428522,6.363585768248876,7.235208638522003,6.622092338552579,8.626717563822346,8.804649250252849,10.059940586762492,8.347364854889376,8.822341350261722,9.175897794177823,7.550354319392891,7.283997085166499,6.931969469804409,rock
0.07312027184801238,-12.247796786050044,-16.843016007364273,3.296266707653632,-1.2596135167064635,-5.312064099081037,-1.8498864093936158,5.446057924046092,-6.40551499317141,-1.6262053619771069,0.14145344271136087,-1.487203671526886,-2.5879011439849955,1.0283031732291472,6.40869063873119,9.077289647204898,8.90180817349385,7.862830618261254,9.536009200329774,8.743704823731798,8.993640341264973,9.773778727744718,9.361229587371014,8.35264194086392,7.5554684217045365,7.113365093839951,rock
1.2545640190035554,-16.22838540082396,-15.237528555251517,-5.021647558213745,-0.5886868581599887,2.2204063278945756,2.8488512359884877,6.390899494739072,-2.3273145627914857,-0.2436702269106814,0.725575558947254,0.586399046260303,-3.0640085057264264,0.7863156073629141,6.054880408956155,9.21373618047938,9.242540944118405,11.1184679117728,11.983716066115358,10.616617815814338,11.559953174241642,11.446514670710416,10.398795213885121,9.248374908046397,8.931189630583841,8.376651988004374,rock
0.12107629607047043,-10.500356723934795,-14.54610944046441,-8.625784078014767,10.089530033796546,0.14984541616276262,-3.6917584898983424,-4.7536868249294,1.017483786374624,-5.580801321546393,-6.546768719351562,-3.13428056118478,-2.543062033755178,0.5675248853276024,4.6091066362115045,6.507840743359589,5.5797722927897615,9.894314909032492,7.334066167026682,7.161416334220245,7.356996247541904,7.46126689883278,6.584861090755822,6.618445399331575,6.317976191540062,5.721442188972798,rock
0.12892813377615905,-16.838772995103998,-10.623708116701202,6.190674107605553,1.4360062948236663,-0.07227658538336834,0.8523360276209223,-1.7475940478094631,1.2629883094065824,-0.8567922008049448,-2.145792850022942,-2.4997975378303683,-7.149387127730659,1.1474217286006327,5.822742749983675,9.711768199613926,11.035229583775683,8.480902527089858,11.754144711607683,11.96749986806321,8.748681760096412,10.775958528625512,9.119756958371783,9.348583813335887,7.567936119271494,7.414905591425553,rock
0.42881440113715286,-13.765359867175468,-17.33714078322285,-5.31376107171125,3.614648134509402,0.8352867769052953,1.9294884029370776,-5.29962524576855,-1.0342081778879282,-2.1229555528400277,-1.501972297727892,-1.462974321767359,-2.698668778307045,0.7599644314782066,6.033189850709223,7.615926063731149,9.134464986211619,9.11510334930837,8.998246656230547,9.80528102293886,8.4225031469226,9.219584249743447,8.82992709332427,8.516109359076259,7.566501999808607,7.5756079243976515,rock
-0.47130728259972027,-13.09388365359591,-9.936604009669757,1.7531611033848595,-1.0061226029716117,-5.844021439153077,-3.409352791612854,-6.095144971709637,-1.5294465544398328,-3.562520451386725,-4.858212079020855,-3.6690059947783826,-1.517045965951715,1.3753798025902018,7.955846900898838,10.427666080045604,8.827311684818126,10.749828726417455,8.70921123718286,10.330214884490728,8.375231940921703,8.731288829875405,7.848866106290845,8.160608368484235,6.8325706757190705,7.717887129539809,rock
-0.09594897667049078,-12.915311921611174,-19.079273015668115,-2.529128098895242,-2.4052219544594657,-1.5849103220391905,8.861765762243747,-3.1788338045745355,3.3888518698377794,3.296770606540692,-3.391928691958415,-2.7021311214920862,-2.640674272229595,1.5505142213774525,6.56505431605669,9.847007815885744,8.989977278485087,8.042388264631441,8.573860538808695,11.729589569770024,9.547798607685268,10.211795325682056,8.550160210853665,8.457955075279946,7.761490530436486,7.884763929875925,rock
-0.9189147989771596,3.160320552985481,-11.125147105002918,-7.623604481412234,-6.385929558516351,-1.4931407342187546,1.0397720236641834,-1.5433311707854103,-0.8695880356226326,-3.8775927164867894,-3.1656195594844263,-0.5342546621941201,4.632267767605101,0.938070469317552,9.219422038268883,10.455093407687219,10.106118636336682,8.758715051124627,8.578547031559907,9.208540447500285,7.981389351870234,8.79255434385859,8.794544970886992,8.761750634710209,11.085612641128511,7.768171539966497,rock
-0.6328300934345246,6.704700528893343,-29.62923983516311,27.088102074813566,-3.356216225360992,-5.80158524029622,-5.4578396787853976,-16.350552958563167,-5.517466452052432,-7.918447624094865,-5.653522735166843,-12.482591767110433,-2.8408100652926818,1.2487603116405295,4.490116280307615,7.9883857547677195,6.622902376122143,7.48651273325893,8.111114337847239,7.289106508303276,9.082487340462631,7.531821346768001,7.163986995387601,6.515164482158718,7.453347787260244,6.497473531088048,rock
-0.5809180370829993,-7.838378804310105,-14.342259234878528,-7.151538402644672,0.1725481329607746,0.38872854270298296,-7.861123134998636,-7.508165411912491,-1.4452692880795313,8.043871393424197,6.722541021390577,3.8691973264230404,-3.8326289356361922,1.068043422982428,7.814330554746394,9.456109299595914,6.803626355304202,6.9369604291371445,8.346443997612688,8.644400090468668,8.266107420058566,9.523273623424261,8.554510530262164,9.050469203867404,8.225082847092644,7.52589928699459,rock
0.11638651540334148,-16.74927056193763,-12.715947584341384,4.931630683422633,1.7999398137024107,-4.565318596810527,-0.49220654392994884,-0.29429582392205855,-3.959734574913841,-0.9383783594013229,2.4509420078275572,-1.7212726538757417,2.6513420035869673,0.9227309480842881,6.835130724904417,8.4338253049198,10.625232043565266,8.711345335741937,9.753553139998319,13.370879258781386,11.036118927106974,11.402935752312805,9.121843931525428,8.875986567171434,8.784449065377975,8.305045697604742,rock
-0.31328741034421,3.566712244589181,-24.327371447467915,7.599371196322883,-9.6506005464428,6.330914276578504,-8.37471420453395,3.25390833000868,-5.79855935497395,-5.041254984475252,-0.6556310590504598,-6.573963271048037,-2.8228512998321453,0.8326592968999914,6.73157594715894,6.007996892846352,8.134749308681686,8.704788887492589,10.282000221623077,8.554439442043277,9.566956821603396,9.886575474112785,8.916726871749965,9.326699158616218,7.765224156607794,8.752450694741922,rock
-1.130185353167774,-1.9462232066642573,-8.479767615894744,-0.4372391186651055,-3.854576421551997,-5.801793981957784,-5.564786514939358,2.3904602897773515,2.847775881092041,-5.838697599486973,-1.4086797479316004,-0.8900944788335603,1.2686671161034577,2.0483314957719116,13.354441658467735,9.848108186708092,7.5045527570205115,8.513484554285867,9.03067492227052,7.310792432141767,8.168469687741396,8.462531536538465,9.241344980624124,7.575153288815151,7.770941292155724,7.5070890853657835,rock
-1.9207529901883262,-0.7500516230885681,0.09632342620863459,1.1382279010350131,-7.533605807461368,-3.7251925815671543,3.214274279203506,-0.9169238793707136,-5.954379865953353,-0.9248162690181158,3.710662559898535,2.647823482610599,3.9481061326001843,1.531204234107135,10.730195404185865,8.072067769113803,7.246588283455543,7.751204884341919,8.98174692502199,8.554698940426526,9.147606742922926,10.595730978799592,7.497641041887527,9.373949836078546,7.129562772735851,7.370908871695723,rock
0.19211518576410183,-14.681253749173731,3.3147064514587115,1.3792420293935792,-7.793323778126439,-4.093517332742241,-3.362549527371011,-3.697290833221151,-3.5438763707803873,-0.6225044930243968,0.030004009793430656,4.530205998859053,1.4409247351423962,1.2230342272028036,7.570217100208478,8.812400952783303,7.737066040846036,9.143763701381092,7.838788129151843,9.700910267238964,8.995724542823597,9.25099164060258,8.873304406670814,7.944711217234735,8.168026914401736,8.656051284399362,rock
-2.2456109487599316,-2.5802165427882073,-3.8589806568927383,-2.6683543896405886,0.5616343760733185,-10.597179386298365,-1.7852173883230993,-9.998482329936385,-13.07906283347402,-4.300290689344744,-2.5966532617676528,-4.34374820719941,-2.6530598410548265,2.3015157818362812,13.219068573520373,12.483438911325177,11.931374533195996,10.208711903966039,13.10212712931912,11.99329812812443,9.227335547071956,11.487554937243116,10.65111299002452,8.613278066033336,9.419531866921657,10.039068796130762,rock
1.5505588482830075,-19.824514614885725,-12.457965665405112,-1.8898143875436706,1.9092699840889473,-2.4184613553369947,-2.633821138142904,-1.0686710820701029,-3.7880210879081,0.5848180577572433,2.610024270460571,1.1446192070043808,-0.8152095802597744,0.7596097303289697,4.666491165151353,5.201037463647856,6.032290629833154,7.249688090849121,7.781400830837172,7.9153091625310035,7.881376966117096,7.525810801385955,7.582869603534404,8.52467289687133,7.4263495306792695,7.417456569214353,rock
-0.3273088077787065,-10.473631291329829,-15.302271676960554,-4.905114313053264,-1.5959293310680214,-0.5118794490678714,-6.960824002089683,-7.54526363969864,-5.648399924873891,-7.990497487924996,-4.028499483995248,-2.4732369420673628,-4.062576824517037,1.1658522511312324,9.088716863125196,8.600838161061173,8.250396683859792,8.953195513365399,8.365805395956578,9.307808019511285,9.729169811072676,9.560996384572029,9.564755169224613,10.178586198939746,9.628706582725844,8.984112934642166,rock
-0.9741162321042018,0.18153132119363136,-6.586853566907522,-9.145794173365783,-4.377423318227956,-8.12912238776194,-7.117784899839972,-3.405253941931786,-5.3992366550449225,-3.1436999540480217,-0.2601709422357425,-0.242539489855921,0.2340379833988779,0.9692660380220349,6.566976133419562,9.820927702902686,9.230068996389058,7.149166163002703,9.170948161675506,7.652904191976324,7.720423419325321,7.769789321564917,7.470870059512053,7.245935992606056,7.0037097505957355,7.309699377476476,rock
1.1193863882617534,-18.861341798886063,-6.739952209499987,3.0064247773007797,-4.58289478809328,-0.48168042417201395,-5.221027740554606,2.5228626981749915,-3.2335599915349422,-1.1920729054878707,3.043511241603209,-1.6819048904565057,0.14189216717020822,1.1210122413646053,5.7686193530782335,6.989972932433709,6.519883045121977,6.564044880662092,6.37551630212687,9.029802229981225,7.31863285274581,7.11264736447354,8.576165817256124,7.659731106976436,6.329267283664385,6.872867653202996,rock
0.3202636542708955,-17.083629425473866,-1.679171541607801,-13.119268820737995,-4.13440746966999,-0.33063534168873615,-3.911604304194487,-0.4583524165259998,-2.9577564217438224,-6.16259103108013,1.6658852128652784,1.340292442884081,1.7557528825219575,1.0852388822559174,5.946339570305006,6.85354452288481,8.673267293508747,7.909653272753795,7.3351485641134015,9.308578572963041,9.178710101996925,8.823999423655245,8.233741655354953,9.183732640055178,8.660128048508616,7.058526422012151,rock
0.1652740536130725,-6.597887012891506,-0.48091937590086276,-11.513494334742695,-7.9591410149389565,-6.235179831958958,-3.1892396313022005,-2.0507153747844633,-7.94737713906732,-2.8980435476635753,-4.699596601529337,-2.6354416266866547,-2.5284873726279895,1.1675971962245555,8.119354803962048,8.732489353711765,8.803451481285139,8.264174335077724,8.576458048782033,10.993053483160176,10.01137533907534,11.065894540814039,10.145148380198128,9.634890073440518,9.562756935794999,8.604051790707077,rock
-0.9994435846125048,-5.773838339357188,8.740894372517696,-9.279010980788659,-8.646780479468793,-2.546292704686659,1.1087592703381712,-3.438217272089266,-6.34351018659,-5.261142073437213,-5.202146894768378,-0.22496353047749806,-0.4677496839756155,1.2354533400127063,9.28845130986977,10.08088886422746,11.843691577646133,7.779329467558494,8.664682681132396,9.375948502447779,9.777317574157557,9.820184787109415,9.305391284935363,8.02044882926537,7.466172273582808,7.764265189676926,rock
0.07328641302401163,-11.347250069190675,-10.373889525088776,-9.708154884555066,-1.4454823236377354,-2.916986085252811,-1.0262286193630898,-3.4705861496775343,-2.7698461476390843,-3.314810518032934,0.5739288595361534,0.19827585446729248,-0.891675312639282,1.0014135242610662,6.585129142220112,7.5051594590781185,8.476795611577977,7.289210851846676,7.448972030273216,8.608524276511073,8.934607333874085,9.797695255896029,9.13103652735976,7.903360436696334,8.408080182685152,8.101190817014356,rock
-1.24358835212452,-4.317864029465989,12.188737467293958,-3.105743838025579,-5.862002177979118,-7.345687458274984,-9.183579680829652,-8.897832191666728,-11.771141470299623,-11.483468476949534,-0.5743258671242671,3.0586947516579372,6.415393714284125,1.2237606574147772,9.030353629520292,12.489023203738927,11.15093652457698,9.684786760053163,10.616247468371213,11.492190738968612,10.719022901352854,10.401661145212424,10.139641193647167,10.180907021399694,9.470794388576047,10.626772544669482,rock
-1.2588953976778028,-12.93064349212408,10.043056486902795,-4.9416464546222825,-3.420962028745249,-5.391940469974606,-4.090094663512653,-2.263937165762639,-4.894453345132436,-6.090161098512468,-1.6372221971500844,-4.09440052801337,-1.41189057450381,1.2238719405955971,7.969222145499053,14.491219609119648,13.086445182036377,11.158947825925498,9.49078334405602,12.373548839700971,10.263763987124511,10.773155513722687,11.904237822609248,9.544053203338963,7.848835566562521,8.530791240184215,rock
-2.0106411970622533,2.9854669099804814,10.172591421407205,-2.481159412391209,1.6333961227651725,-5.44292468256827,-2.548717690393392,-0.6882873425565896,-6.065606666424255,-1.7525897009134328,-0.14521021345492316,2.4382601669976083,3.4013475481466346,1.7433777255443186,13.81757997120617,14.450546854125704,13.649212382981519,12.683297552535988,12.012012543345795,14.009513718072924,11.185701371022722,12.932826152911478,11.256680693605336,13.367209738824483,9.820389165739874,11.974062272335885,rock
-0.7023956188170576,-6.4401087508237955,-16.501468160467155,5.354663576253542,-11.463198398193013,12.112156969164484,-19.175191208632114,11.871594628380223,-21.81013269173295,4.551111196562888,-11.752795867627235,5.8881749081735855,-7.583697182304737,1.140215761053786,5.5255641434836305,9.162316652436273,7.686885860430588,8.711702813407202,11.340275562262612,10.86728333201537,8.39267143534429,8.453500955042268,8.41201580674359,9.04002880840903,8.44119662732743,8.57124983300474,rock
-0.06796227797442374,-7.905758358730086,-21.78996074190382,10.130496386193261,-15.937479618055075,9.335656127948441,-14.406673712963856,13.153107924910342,-10.63311584228946,7.928960844688322,-10.05002177806218,3.296772910557807,-5.554794965381632,1.2068983622791405,6.268034098611691,9.708875797233315,8.287942493714747,9.503297476127024,7.866401715247944,10.100941892455891,9.468347566887555,11.046772650061124,10.363228666019527,9.93919764290443,8.982658306686025,8.395474567505737,rock
-2.2311366090572347,-6.986359375422811,-13.803533550008687,9.033428009744128,-6.810377981478061,0.508682237462653,-24.48540335799536,11.741236588582586,-18.587911405812598,0.5371782939483422,-8.770717906251281,2.8083937760087703,-11.40482706603467,2.162323571158575,8.589039213030722,11.060815163021308,9.8571266796173,8.561864493567468,12.137624513646228,14.150130972465535,11.295974717872095,13.123484690144544,11.427687755018452,11.455831500694709,8.917905990924664,9.049790462293412,rock
-0.7384151287647853,-9.793525111571164,-10.003055789386803,10.203470219036923,-12.123292499431287,1.0427205822495007,-20.079229586133188,15.900764907746357,-15.108131495022239,7.709093394033475,-10.207977778947894,5.242956244357288,-8.394585174931953,1.0944317213716264,8.035020181708122,9.759046615429776,9.7427080197868,9.00368415407899,10.127606662610662,12.852579422665166,10.01525035711975,11.051908827970367,10.30037509962247,10.372406587771103,8.518686248817051,8.523142734703079,rock
0.0015891057025764742,-11.11954250249226,-10.084887121504263,10.91577018156324,-8.610622801622485,8.705224248996048,-15.72902712937035,12.846867847216163,-20.775573597426266,7.361834121598184,-9.04102281955422,3.0441750099715454,-7.3034892090426675,1.0387961520583553,5.785151746205368,7.527470447778911,6.638558470929582,6.621596382336206,8.16012212638826,9.59553469083314,11.348278260473002,8.293255934349773,8.383219723136447,9.48376270765739,8.224572228269945,8.336246558520388,rock
-0.24561265143026226,-10.574229993238365,-11.460206674863104,10.308289085960224,-14.740546537772437,0.125328917649337,-29.48961813360784,11.429307946787786,-26.351493817234527,4.158237767968444,-3.05610166747832,1.2578046009644182,-3.2533544033027546,1.2705605129976199,8.506268507018227,8.7116945308563,7.541219054404753,7.987693291473751,10.654765291232351,12.282741966378518,10.513137954094132,12.33547275624056,11.585658568461962,13.219795761040178,10.158728400910482,10.095963153751807,rock
-1.547477394641641,-11.435487827646119,-14.338878282109633,18.5894194746045,-11.510569245573404,6.200187721785996,-23.090232926240947,4.788716322520838,-22.650804806502656,2.6616308513709597,-16.337272246675294,-0.10209066785500107,0.630848652540576,1.359220669596538,7.685983437436479,9.131458578341796,8.780024587586238,8.86820536519787,10.850405921114833,12.523178011673505,10.08952723915267,11.25234908208005,11.65295068159396,11.182591542304499,10.143705603036976,10.156034009548447,rock
-0.6008979287549133,-6.8135718211496705,-11.938153322509795,7.763834905575797,-11.446621879810326,11.288758693696455,-10.391367310873974,10.632735856182041,-12.412977235365018,7.279921931370283,-6.187606421671549,8.711405039714968,-9.753539633152347,1.271839822030779,5.869743917513085,7.797410166297462,10.094879158688256,9.069659147381726,9.136442653523389,10.881071456601559,8.943986525074243,9.61122168016047,8.77869347889034,9.533803365413577,6.962933578116471,6.486100456253426,rock
-0.6874599941609638,-4.635812753263387,-6.2481480366331805,8.473838308920637,-12.609218485785961,8.32486205674236,-13.835282725833448,8.693146025204413,-10.206586081262408,9.523958743086833,-8.255305134662613,8.69840247055142,-10.06215491317186,1.3664976629478718,7.842169334890525,10.54818667103036,9.931308287809188,8.558743484959924,9.190825410121468,9.080298694956108,7.888936927162752,8.610854510638795,9.956506788788571,8.152198059348642,9.226035741914458,7.495536942374742,rock
-0.20748621332962935,-8.682608241270167,-12.086532336355537,8.655661133494311,-12.315104953731806,10.454292265430649,-14.892333941569493,11.052356018549888,-13.254560744033155,7.590623668587289,-9.70380893354834,6.155185276442355,-9.43699605574693,1.1304535000770641,6.33975225428957,7.275652892292075,7.638398536416222,6.678753847051075,8.013335213598651,8.59317333875517,7.730094795441606,7.375596857830253,8.839246377520181,7.43804496404502,7.1604907671025755,6.703085539472868,rock
-0.534391588804284,-7.080939163150385,-11.184285993257319,14.32209585118407,-13.899600316378951,10.4985645724957,-14.049455238531614,5.59169498294519,-9.540759359764296,7.731381027417483,-8.26420633677453,7.613170326259494,-7.171090397638185,0.9662518915688737,5.59258488865595,6.596862962038281,7.466243939135753,7.6757084659562,7.884379829708964,9.64211365142052,7.339208703942785,8.504162150208154,8.13856620370113,8.357139201257098,7.24599205398658,7.542974650931366,rock
-0.8778425452698615,-9.902928862556175,-7.5279654697831395,10.862343807003283,-12.689528192491522,11.868119041778918,-15.433902936915787,7.967222942969777,-11.773118552166622,8.269061345087037,-8.853355103342874,4.936743842752654,-12.011331134107849,1.4203376541269774,7.907109563247298,11.067667265118915,9.60123446855299,9.852479132748886,10.190689373149889,11.828511746194557,12.222525570081674,10.187657113153868,9.69730196473091,11.14415929777286,9.871112770172402,8.667005434942208,rock
-1.3233060863630142,0.3005987945441139,-9.965459459685981,8.692917912278615,-12.769919015027458,9.125307386569032,-15.289229727193328,9.169858064019499,-11.306058807007975,3.5868950001530395,-8.72905640011363,6.3650924330266765,-8.685750290820653,1.4144494127761202,9.03775551459939,9.444185560492526,9.61693747668486,12.591254832981566,10.858439148824736,11.709600249115896,10.040736810259034,9.627072724492528,10.93674789583669,9.87283880951619,9.439803148163307,7.987542581908285,rock
-0.9654011538755215,-8.91473216191036,-9.926737313352286,7.588763854533705,-7.965217986036272,8.333056481283611,-8.447103388899482,14.980107915553436,-13.047728109320508,9.80777814977612,-10.941778350305132,7.02566867055943,-9.43988829379395,1.1677146765594582,6.350431435781938,10.643011834893555,9.043095511165964,9.49745058664438,9.219910811376868,9.397895679783213,7.8274687983682725,8.452138758988063,8.139994499105633,7.804234617488867,7.950837802786853,8.99819916469055,rock
-1.2119392811269993,-3.1160357816746074,-4.688226206713355,6.4124295829304465,-9.878000610179042,14.770002002165494,-17.914845226587094,7.66752138834418,-9.82916440827992,9.10651326653861,-10.071593856027096,3.080919590562969,-11.591070145121531,1.2532283276740295,8.942021902524408,9.09144563803279,9.529005065954083,11.22445584533221,9.418945001231503,10.63610449532487,10.72103592879217,9.932532066102999,11.412761114642388,9.257287169443764,8.122289068644406,9.399581575132906,rock
0.3525249951348642,-5.980937251773685,-17.078454728997116,7.305396823421155,-16.504621953019083,6.9606939630835996,-15.369796309763263,4.881191086242134,-12.983478593743843,8.204180280281344,-14.823929301946151,3.509043717131424,-8.674858032643666,1.1126620961087605,6.524053530960342,7.88059324134191,6.995049987703811,7.176718110379918,7.820706882620826,8.858521653130651,7.204986514025335,10.577144651545881,9.714409948460371,8.761246233303046,8.682775555848831,7.607773793643711,rock
0.5767725107459869,-12.020487648188627,-15.869107372691714,6.726318357705431,-17.880793872865993,6.4881819787054775,-15.734489745087057,4.982591247795478,-13.83581514126506,11.824008271142693,-19.046966518465258,3.0530023625212994,-6.009379187634187,1.0597484285891867,5.710179341412867,7.266098834905489,6.919358292263116,7.866319147901794,6.943198751049372,11.044104977948695,8.811590687080894,9.213825421930336,10.210556479269016,9.826671906823377,8.34661364061728,8.98819504163001,rock
-0.47134056866928087,-10.564223837204858,-18.936630113437978,5.0640131889060696,-20.002284428332278,4.1985126050913495,-14.359209270804287,5.337282812084438,-13.878878159357258,13.800459980131793,-10.635386109648985,1.866444127777316,-7.385685389566961,1.4401746702379727,7.451039739784817,8.199459745133243,9.706525241324838,9.16769017431903,8.752108129267972,11.150458703158185,9.337173890303294,10.743602487201255,11.677236158178378,9.996085671715651,7.843406488192854,7.977442256125129,rock
0.5284783890362671,-16.165520743908385,-16.032651616300857,4.276673527318281,-17.07856690353157,7.703731086694408,-14.20834530989575,11.106819521064322,-13.712650736958393,12.816343410921693,-15.77051893318416,5.2652381291018395,-5.149972977548515,1.2203023192158198,5.256503700635294,8.525612287894988,7.47965578559191,9.483554304575652,8.45395182010386,10.43922157825785,9.608493475709995,9.268638730660232,9.685097271105652,9.24903489426191,8.754580205730859,8.362687922986236,rock
-0.7095995156361953,-6.511335637177922,-11.003168162956326,11.954931807984435,-12.806716270443834,4.369665436240906,-17.208295681835732,5.275731247991666,-14.337541863432943,7.965578201158224,-13.863745675429783,7.137855242483189,-5.916969856035642,0.8765985125216668,5.701587863217857,7.23835355180634,6.0274916923412905,7.362418023207536,7.474712690565216,8.297591549564137,7.502995828264245,7.989725624688665,8.885510346163189,9.463213435250161,7.014875349822193,7.660238369993289,rock
0.5130641083613515,-11.794320314704736,-13.052070024844802,3.336203759921464,-14.393530968241643,9.141538545814516,-14.038680613201954,5.599170638970461,-14.13318414600064,8.546449425632801,-15.811672416935695,5.259355559751915,-8.63275011885232,1.2287537641602064,6.981960803243112,8.444417435371557,7.020789041375445,8.945133224412553,7.616875865750276,11.442365270218353,8.291340908267882,11.303712101402551,9.642634881527394,8.624442889947604,9.57306405834983,8.576960732743723,rock
-0.5472768505819445,-6.6741651292888005,-20.757850692900828,7.799584223505871,-15.869993793761438,6.384286950754068,-16.82659120049636,6.595834434113649,-13.954593701945143,8.125058736207162,-12.109056906237571,2.9428401085212323,-4.9810556083132145,1.5205994319069303,8.61645093993658,8.852227044897251,9.833650800386327,10.132933226276261,10.050290665803622,13.093952305318023,9.97239706169222,11.029567305714869,11.293230546941082,10.782605097736594,10.844529209772931,10.329443505082633,rock
-1.3742715874162281,-10.651950547761157,-18.472550255651786,9.324920329335399,-10.887593672166552,0.5142308077117266,-19.56277782484725,5.092982486995097,-17.440324383116035,5.770153662709802,-6.876758343350288,6.63955995197973,-8.298249265257638,2.331101436468766,9.269936655077009,13.006506616789508,11.134689966734921,9.942816658525944,9.918061325128745,12.250790536523033,9.683870944653817,11.94108149642043,11.11361195348887,11.292110333750475,8.495793657089177,8.3372564003465,rock
0.3584309766416279,-8.860277586569456,-19.97636543213536,3.2508821025363086,-8.522072575318838,7.550071862052781,-17.915759756426688,16.292999127703446,-15.409401214581429,11.609381244632718,-12.704202060774447,3.765386255990599,-10.210937298270945,0.6392519524657387,3.9746462274881686,6.217855130033651,5.784381672811234,8.248803791425775,8.11051779123557,9.162554733003526,6.832035804649143,8.44575891660704,7.930795042001493,6.962744436587575,6.479152964515445,6.881121996515337,rock
0.07788354112136942,-11.823609060251275,-24.985719894304182,6.823795334717889,-12.868498669571379,4.874185071954786,-17.324427424822655,5.707714262430252,-9.531652226768387,7.922534216648545,-11.738286890790619,6.874043898951342,-9.377197578667014,1.3768695584535386,7.748364668941723,8.99187200525729,10.51896890310376,7.930462719138012,8.481579525688755,12.174919625412537,8.625750256817941,9.972699117008164,8.917063146098474,9.572524735438229,8.139028087596985,8.505819954958142,rock
-1.7011974858923276,2.491144292763463,-16.976887926458964,6.279525776465203,-14.181420338679608,9.049804607930731,-9.789236473642745,9.73469386866816,-10.523708141392538,4.061315586920058,-9.058945770890162,3.5510881577455566,-5.7183843701704005,1.2762620560759717,8.711183104048061,7.592264542138584,9.636590576559522,9.026836028412147,7.784923877344713,9.524304340490959,8.618963675215593,9.275861110556363,8.404851705028056,10.796721528449883,8.970790849841476,8.635659797926055,rock
1.1750461530382434,-10.80304070244838,-16.029396026057164,7.978735222466182,-28.187927436316272,4.989010926484029,-17.303184561039462,9.350242310791234,-12.983989839212743,0.5573294571672199,-6.055919691885866,10.855202362557959,-3.782412865361466,0.9471968903671832,6.211303664590511,7.0779451960360955,11.150178735155563,10.011028112487287,8.763797551944455,14.148228814046616,12.701646812970067,13.314162699356622,11.952886419441827,12.412048582445202,11.78820738919015,12.841553721419464,rock
0.8932507970628036,-9.527242335684107,-22.218806750679306,6.853980369614279,-10.400014072896436,3.7140224664963113,-10.828389497700298,12.256748710997599,-18.011204611317677,12.807493477406808,-10.033998020366091,4.92977915819227,-6.025146051795649,0.7215924332094263,6.516925679110655,7.991996809547292,6.7622960641166685,6.013836914405482,6.359767670734529,7.922113132620633,7.179544207828295,6.910126323980855,8.91161200032865,7.3933063661419,6.423411208653647,6.801629427590789,rock
0.40483031927862756,-10.892898081101004,-23.457343316122145,5.253116811076191,-9.826655662397243,1.3204046064921466,-17.54207470444776,4.525823875477414,-14.732341350224626,8.766696094184015,-11.857718657334065,5.159209507962044,-7.4962605095980805,0.5509528181671547,4.608961573514228,4.4784067427381355,6.290733492847859,6.2799070919223485,6.017074536465439,6.830687070687503,6.827799670655766,6.8804586888554775,7.433297847060667,7.386830350487985,6.55233137357921,6.82981041318425,rock
-0.17332541988012576,-1.4849656723355347,-22.939283357491075,5.568893982159893,-5.131561274270914,2.895925194277159,-14.991087708462883,8.691017085662489,-14.518982862311715,8.721141549998896,-5.158419370614782,5.027877663677952,-12.04385685734917,0.6501363191564851,6.623028782394228,7.075370887957357,7.251298429612686,6.230989716547082,7.539970622168676,7.987767049941955,7.499692330203701,7.762046387060916,7.820039222040502,8.15464633084239,7.268836599406135,7.777416013123924,rock
0.0224380848320205,-12.544944350575273,-22.496418286526193,11.57663215572832,-2.545217533246691,9.944610827409766,-12.492490259270365,9.165240895360672,-15.1882484767621,7.125632157070947,-12.284806734355437,3.1436720895981147,-11.10127126716331,0.6988971237985564,3.8831548934708375,7.2726194670727535,4.663503412170734,5.015022229218857,5.729355293737734,7.192763436831887,6.687307376696275,7.408726426260617,8.518718904675913,7.838492794953036,7.832780520119972,6.552190640823907,rock
-0.8479771523313423,-4.12703129388489,-14.133630039883764,12.046016184753496,-7.006919962658788,-1.7466995499707132,-16.81467187180024,8.681023826002644,-15.106309515530558,10.358431477544542,-5.375128043330245,9.209493375305017,-10.191617858611469,0.9693967607521538,7.238559223408722,6.668735731969232,7.905367069751433,7.550210449968975,7.037480769186237,9.462747148080487,7.9293284940790985,8.386355067591847,10.238004928905253,7.834465913047409,8.406822047865282,9.113366900243074,rock
-0.936972456527627,-3.8450147418315255,-17.50827283253237,6.7691704160177375,-7.210130339168842,4.077147032322161,-16.770315418543667,9.993391216317878,-14.74584151412442,5.2433723062697375,-9.929909390659072,13.056937732279165,-7.022544913688656,1.2210844846624027,6.176715707729492,6.3978157238498525,5.98505408900854,5.838413641965995,6.520592209027649,6.425504277184571,7.452621990035647,6.836106380297822,7.913474915184014,6.895198096278236,6.332685616269815,6.2001870721098715,rock
0.024967609055020365,-5.058705305288422,-23.445358479247247,10.41517010123045,-8.173506018360003,2.60180503042713,-10.550276376084605,6.246811830298124,-13.671045693046416,0.48076915546971527,-14.0426670845475,6.551190190908185,-8.760678868524147,0.9346263099642108,6.507444457176084,7.495647236168815,7.921164576492912,6.873340287085425,7.4516398289926045,8.084492480642133,7.148921187089397,7.193480173332186,9.157994893841407,7.514591824732799,7.368066191497803,8.25361521258828,rock
-1.9439098950622975,2.5636812245606824,-9.397193461394693,16.91579377330639,1.8471247195779272,5.366556360595649,-17.578643439898944,6.470305036150856,-12.696044347062143,10.963485698081193,-11.64215301164743,6.047711778721425,-11.119855150665462,2.087425410533987,7.376328197552173,10.460522091269224,8.431541119197572,9.82785412873011,10.027985680773192,11.949628227245581,9.471162902620952,9.53316836820024,10.069034727077874,9.558157662546453,8.972790287378961,8.494950987812606,rock
-2.072192098446444,1.3675347604163737,-15.600306216046308,9.461206852392655,-5.1601883664861665,8.160257729348984,-8.34807068470024,7.042863231681444,-11.085315657126769,11.789757110902901,-2.771812280121223,9.28888060439842,-14.087901507386867,1.792577145070377,10.081903935597984,10.726876285307636,8.23033660034901,8.507223068446665,10.938558443308358,10.422541844991748,9.193580048673475,8.734092223818523,8.890810471608061,9.872693261917036,7.97713538996656,9.565251240559537,rock
